filePath,country,breedName,health,finalSkill,veterancy,healthRegen,staminaRegen,speed,inventory,tankSkill,vehicleSkill,cannonSkill,tankGunSkill,pistolSkill,smgSkill,mgunSkill,rifleSkill,rocketLskill,melee,commandPower,score,captureWeight,newMp,newCp
./resource/gamelogic/set/breed/mp\eng\ap_miner.set,eng,ap_miner,0.15,ap_miner,,0.1,0.1,0.0009,"['""sten_mk2"" filled', '""ammo sten_mag"" 128', '""mine antipersonnel"" 34', '""barbwire_kit""', '""bandage"" 5']",0.0008,0.001,0.001,0.0,0.002,0.003,0.002,0.002,1,0.002,0.001,0.001,0.001,36.77000000000002,0.3677
./resource/gamelogic/set/breed/mp\eng\at_miner.set,eng,at_miner,0.15,at_miner,,0.1,0.1,0.0009,"['""sten_mk2"" filled', '""ammo sten_mag"" 128', '""mine antitank"" 9', '""hedgehog_kit""', '""bandage"" 5']",0.0008,0.001,0.001,0.0,0.002,0.003,0.002,0.002,1,0.003,0.001,0.001,0.001,36.87000000000001,0.3687
./resource/gamelogic/set/breed/mp\eng\at_rifle.set,eng,at_rifle,0.15,at_rifle,,0.1,0.1,0.0009,"['""boyes"" filled', '""bandage"" 5', '""grenade n73at""', '""ammo ptr"" 50']",0.0008,0.001,0.001,0.0,0.002,0.003,0.002,0.004,2,0.003,0.001,0.0015,0.001,37.120000000000005,0.37120000000000003
./resource/gamelogic/set/breed/mp\eng\at_rifle2.set,eng,at_rifle2,0.15,at_rifle,1,0.1,0.1,0.0009,"['""sten_mk2"" filled', '""ammo sten_mag"" 128', '""bandage"" 3', '""grenade mk1"" 2', '""grenade n73at"" 1', '""smoke grenade"" 1', '""ammo ptr"" 10']",0.0008,0.001,0.001,0.0,0.002,0.002,0.002,0.003,1,0.003,0.001,0.0015,0.001,36.92000000000001,0.36920000000000003
./resource/gamelogic/set/breed/mp\eng\bazooker.set,eng,bazooker,0.15,bazooker,1,0.1,0.1,0.0009,"['""weapon piatrocket"" filled', '""sten_mk2"" filled', '""ammo sten_mag"" 128', '""bandage"" 3', '""grenade n73at"" 1', '""ammo piatrocket"" 7']",0.0008,0.001,0.001,0.0,0.002,0.003,0.002,0.002,4,0.003,0.001,0.0015,0.001,36.92000000000001,0.36920000000000003
./resource/gamelogic/set/breed/mp\eng\bazooker2.set,eng,bazooker2,0.15,bazooker,1,0.1,0.1,0.0009,"['""sten_mk2"" filled', '""ammo sten_mag"" 128', '""bandage"" 3', '""grenade mk1"" 2', '""grenade n73at"" 1', '""smoke grenade"" 1', '""ammo piatrocket"" 3']",0.0008,0.001,0.001,0.0,0.002,0.003,0.002,0.002,4,0.003,0.001,0.0015,0.001,36.92000000000001,0.36920000000000003
./resource/gamelogic/set/breed/mp\eng\elite.set,eng,elite,0.35,vet_4,elite,0.1,0.1,0.0009,"['""sten_v"" filled', '""ammo sten_mag"" 128', '""bandage"" 5', '""grenade mk1"" 2', '""grenade n73at"" 1', '""n77_smoke grenade"" 0 1', '""smoke grenade"" 1', '""mine antitank"" 1']",0.0009,0.001,0.001,0.0,0.006,0.006,0.006,0.006,6,0.006,0.001,0.001,0.001,58.68000000000002,0.5868
./resource/gamelogic/set/breed/mp\eng\elite2.set,eng,elite2,0.35,vet_4,elite,0.1,0.1,0.0009,"['""em3_vet"" filled', '""ammo british303_clip"" 50', '""ammo bren_mag"" 56', '""bandage"" 5', '""grenade mk1"" 2', '""grenade n73at"" 1', '""n77_smoke grenade"" 0 1', '""smoke grenade"" 1', '""mine antitank"" 1']",0.0009,0.001,0.001,0.0,0.006,0.006,0.006,0.006,6,0.006,0.001,0.001,0.001,58.68000000000002,0.5868
./resource/gamelogic/set/breed/mp\eng\elite2_40.set,eng,elite2_40,0.35,vet_4,elite,0.1,0.1,0.0009,"['""de_lisle"" filled', '""ammo rifle"" 70', '""ammo bren_mag"" 56', '""bandage"" 5', '""grenade mk1"" 2', '""grenade n73at"" 1', '""n77_smoke grenade"" 0 1', '""smoke grenade"" 1', '""mine antitank"" 1']",0.0009,0.001,0.001,0.0,0.006,0.006,0.006,0.006,6,0.006,0.001,0.001,0.001,58.68000000000002,0.5868
./resource/gamelogic/set/breed/mp\eng\elite3.set,eng,elite3,0.35,vet_4,elite,0.1,0.1,0.0009,"['""bren"" filled', '""ammo bren_mag"" 224', '""bandage"" 5', '""grenade mk1"" 2', '""grenade n73at"" 1', '""sandbag_kit"" 1']",0.0009,0.001,0.001,0.0,0.006,0.006,0.006,0.006,6,0.006,0.001,0.001,0.001,58.68000000000002,0.5868
./resource/gamelogic/set/breed/mp\eng\elite3_asst.set,eng,elite3_asst,0.35,vet_5,elite,0.1,0.1,0.0009,"['""em3_vet"" filled', '""ammo british303_clip"" 50', '""ammo bren_mag"" 168', '""bandage"" 5', '""grenade mk1"" 2', '""grenade n73at"" 1', '""n77_smoke grenade"" 0 1', '""smoke grenade"" 1']",0.0009,0.001,0.001,0.0,0.006,0.006,0.006,0.006,6,0.006,0.00125,0.00125,0.00125,58.75500000000002,0.5875499999999999
./resource/gamelogic/set/breed/mp\eng\elite4.set,eng,elite4,0.25,vet_2,1,0.1,0.1,0.0009,"['""owen_gun"" filled', '""ammo owen_mag"" 132', '""bandage"" 5', '""grenade mk1"" 2', '""grenade n73at"" 1', '""smoke grenade"" 1', '""mine antitank"" 1']",0.0009,0.001,0.001,0.0,0.003,0.004,0.003,0.003,3,0.004,0.0005,0.0005,0.0005,47.22999999999999,0.4723
./resource/gamelogic/set/breed/mp\eng\elite5.set,eng,elite5,0.25,vet_2,1,0.1,0.1,0.0009,"['""em3"" filled', '""ammo british303_clip"" 50', '""ammo bren_mag"" 56', '""bandage"" 5', '""grenade mk1"" 2', '""grenade n73at"" 1', '""smoke grenade"" 1', '""mine antitank"" 1', '""sandbag_kit"" 1']",0.0009,0.001,0.001,0.0,0.003,0.003,0.003,0.004,3,0.004,0.0005,0.0005,0.0005,47.22999999999999,0.4723
./resource/gamelogic/set/breed/mp\eng\elite6.set,eng,elite6,0.25,vet_2,1,0.1,0.1,0.0009,"['""bren"" filled', '""ammo bren_mag"" 224', '""bandage"" 5', '""grenade mk1"" 2', '""sandbag_kit"" 1']",0.0009,0.001,0.001,0.0,0.003,0.003,0.004,0.003,3,0.004,0.0005,0.0005,0.0005,47.22999999999999,0.4723
./resource/gamelogic/set/breed/mp\eng\elite_2ic.set,eng,elite_2ic,0.35,vet_7,elite,0.1,0.1,0.0009,"['""sten_v"" filled', '""ammo sten_mag"" 128', '""bandage"" 5', '""grenade mk1"" 2', '""grenade n73at"" 1', '""smoke grenade"" 1', '""n77_smoke grenade"" 1']",0.0009,0.001,0.001,0.0,0.006999999999999999,0.006999999999999999,0.006999999999999999,0.006999999999999999,7,0.006999999999999999,0.0017499999999999998,0.0017499999999999998,0.0017499999999999998,59.405000000000015,0.5940500000000001
./resource/gamelogic/set/breed/mp\eng\elite_40.set,eng,elite_40,0.35,vet_4,elite,0.1,0.1,0.0009,"['""sten_v_silencer"" filled', '""ammo sten_mag"" 128', '""bandage"" 5', '""grenade mk1"" 2', '""grenade n73at"" 1', '""n77_smoke grenade"" 0 1', '""smoke grenade"" 1', '""mine antitank"" 1']",0.0009,0.001,0.001,0.0,0.006,0.006,0.006,0.006,6,0.006,0.001,0.001,0.001,58.68000000000002,0.5868
./resource/gamelogic/set/breed/mp\eng\elite_at.set,eng,elite_at,0.35,vet_4,elite,0.1,0.1,0.0009,"['""weapon piatrocket"" filled', '""sten"" filled', '""ammo sten_mag"" 128', '""bandage"" 3', '""grenade n73at"" 1', '""ammo piatrocket"" 7']",0.0009,0.001,0.001,0.0,0.006,0.006,0.006,0.006,6,0.006,0.001,0.001,0.001,58.68000000000002,0.5868
./resource/gamelogic/set/breed/mp\eng\elite_cpl.set,eng,elite_cpl,0.35,vet_7,elite,0.1,0.1,0.0009,"['""sten_v"" filled', '""ammo sten_mag"" 128', '""bandage"" 5', '""grenade mk1"" 2', '""grenade n73at"" 1', '""smoke grenade"" 1', '""n77_smoke grenade"" 1', '""mine antitank"" 1']",0.0009,0.001,0.001,0.0,0.006999999999999999,0.006999999999999999,0.006999999999999999,0.006999999999999999,7,0.006999999999999999,0.0017499999999999998,0.0017499999999999998,0.0017499999999999998,59.405000000000015,0.5940500000000001
./resource/gamelogic/set/breed/mp\eng\elite_tankman.set,eng,elite_tankman,0.1,tankman,,0.1,0.1,0.0008,"['""webley"" filled', '""ammo webley_clip"" 36', '""bandage"" 3']",0.00115,0.00115,0.001,0.008,0.004,0.004,0.005,0.002,1,0.003,0.00025,0.0012,0.00025,33.17999999999999,0.3318
./resource/gamelogic/set/breed/mp\eng\elite_tankman2.set,eng,elite_tankman2,0.15,tankman2,,0.1,0.1,0.0008,"['""sten_mk2"" filled', '""ammo sten_mag"" 128', '""bandage"" 3']",0.0012,0.0012,0.001,0.01,0.004,0.004,0.006999999999999999,0.002,1,0.003,0.0005,0.0022,0.0005,38.73999999999999,0.38739999999999997
./resource/gamelogic/set/breed/mp\eng\flamer.set,eng,flamer,0.15,flamer,,0.1,0.1,0.0009,"['""flame_thrower""', '""balloon"" filled', '""bandage"" 3']",0.0008,0.001,0.001,0.0,0.002,0.003,0.002,0.002,1,0.003,0.001,0.001,0.001,36.87000000000001,0.3687
./resource/gamelogic/set/breed/mp\eng\flamer2.set,eng,flamer2,0.15,flamer,1,0.1,0.1,0.0009,"['""sten_mk2"" filled', '""ammo sten_mag"" 128', '""bandage"" 3', '""grenade mk1"" 2', '""grenade n73at"" 1', '""smoke grenade"" 1']",0.0008,0.001,0.001,0.0,0.002,0.003,0.002,0.002,1,0.003,0.001,0.001,0.001,36.87000000000001,0.3687
./resource/gamelogic/set/breed/mp\eng\home_guard.set,eng,home_guard,0.1,vet_1,1,0.1,0.1,0.0008,"['""em3"" filled', '""ammo british303_clip"" 50', '""bandage"" 3', '""grenade mk1"" 1']",0.0006,0.0008,0.0008,0.0,0.001,0.001,0.001,0.001,1,0.002,0.00025,0.00025,0.00025,30.974999999999994,0.30975
./resource/gamelogic/set/breed/mp\eng\home_guard2.set,eng,home_guard2,0.1,vet_1,1,0.1,0.1,0.0008,"['""sten"" filled', '""ammo sten_mag"" 128', '""bandage"" 3', '""grenade mk1"" 2']",0.0006,0.0008,0.0008,0.0,0.001,0.001,0.001,0.001,1,0.002,0.00025,0.00025,0.00025,30.974999999999994,0.30975
./resource/gamelogic/set/breed/mp\eng\light_mortar.set,eng,light_mortar,0.15,vet_3,1,0.1,0.1,0.0009,"['""mortar_mkvii"" filled', '""ammo mortar50 eng fg"" 6', '""ammo mortar50 eng sm"" 8', '""ammo mortar50 eng wp"" 2', '""bandage"" 3']",0.0008,0.001,0.001,0.0,0.002,0.002,0.002,0.005,1,0.004,0.00075,0.00075,0.00075,37.09500000000002,0.37094999999999995
./resource/gamelogic/set/breed/mp\eng\light_mortar2.set,eng,light_mortar2,0.15,vet_4,1,0.1,0.1,0.0009,"['""em3"" filled', '""ammo british303_clip"" 50', '""ammo mortar50 eng fg"" 3', '""ammo mortar50 eng sm"" 5', '""ammo mortar50 eng wp"" 2', '""bandage"" 3', '""grenade mk1"" 1', '""sandbag_kit"" 1']",0.0008,0.001,0.001,0.0,0.002,0.002,0.002,0.005,1,0.004,0.001,0.001,0.001,37.170000000000016,0.37170000000000003
./resource/gamelogic/set/breed/mp\eng\medic.set,eng,medic,0.15,,1,0.1,0.1,0.0009,"['""em3"" filled', '""ammo british303_clip"" 50', '""bandage"" 25', '""morphine"" 1']",0.0008,0.001,0.001,0.0,0.002,0.002,0.002,0.003,1,0.003,0.0,0.0,0.0,36.57000000000001,0.3657
./resource/gamelogic/set/breed/mp\eng\mgun.set,eng,mgun,0.15,vet_3,1,0.1,0.1,0.0009,"['""bren"" filled', '""ammo bren_mag"" 224', '""bandage"" 3', '""sandbag_kit"" 1']",0.0008,0.001,0.001,0.0,0.002,0.002,0.004,0.002,1,0.004,0.00075,0.00075,0.00075,36.99500000000002,0.36994999999999995
./resource/gamelogic/set/breed/mp\eng\mgun2.set,eng,mgun2,0.15,vet_3,1,0.1,0.1,0.0009,"['""bren"" filled', '""ammo bren_mag"" 224', '""bandage"" 3', '""sandbag_kit"" 1']",0.0008,0.001,0.001,0.0,0.002,0.002,0.003,0.002,1,0.003,0.00075,0.00075,0.00075,36.795000000000016,0.36794999999999994
./resource/gamelogic/set/breed/mp\eng\mgun2_asst.set,eng,mgun2_asst,0.15,vet_3,1,0.1,0.1,0.0009,"['""em3"" filled', '""ammo british303_clip"" 50', '""ammo bren_mag"" 168', '""bandage"" 3', '""grenade mk1"" 1', '""sandbag_kit"" 1']",0.0008,0.001,0.001,0.0,0.002,0.002,0.003,0.003,1,0.003,0.00075,0.00075,0.00075,36.89500000000001,0.36894999999999994
./resource/gamelogic/set/breed/mp\eng\mgun_40.set,eng,mgun_40,0.15,vet_3,1,0.1,0.1,0.0009,"['""bren"" filled', '""ammo bren_mag"" 224', '""bandage"" 3', '""sandbag_kit"" 1']",0.0008,0.001,0.001,0.0,0.002,0.002,0.003,0.002,1,0.003,0.00075,0.00075,0.00075,36.795000000000016,0.36794999999999994
./resource/gamelogic/set/breed/mp\eng\mgun_asst.set,eng,mgun_asst,0.15,vet_3,1,0.1,0.1,0.0009,"['""em3"" filled', '""ammo british303_clip"" 50', '""ammo bren_mag"" 168', '""bandage"" 3', '""grenade mk1"" 1', '""sandbag_kit"" 1']",0.0008,0.001,0.001,0.0,0.002,0.002,0.004,0.004,1,0.004,0.00075,0.00075,0.00075,37.195000000000014,0.37194999999999995
./resource/gamelogic/set/breed/mp\eng\mgun_scot.set,eng,mgun_scot,0.15,vet_5,1,0.1,0.1,0.0009,"['""bren"" filled', '""ammo bren_mag"" 224', '""bandage"" 3', '""sandbag_kit"" 1']",0.0008,0.001,0.001,0.0,0.003,0.003,0.005,0.003,2,0.005,0.00125,0.00125,0.00125,37.644999999999996,0.37644999999999995
./resource/gamelogic/set/breed/mp\eng\mgun_scot_asst.set,eng,mgun_scot_asst,0.15,vet_5,1,0.1,0.1,0.0009,"['""em3"" filled', '""ammo british303_clip"" 50', '""ammo bren_mag"" 168', '""bandage"" 3', '""grenade mk1"" 1', '""sandbag_kit"" 1']",0.0008,0.001,0.001,0.0,0.003,0.003,0.005,0.005,2,0.005,0.00125,0.00125,0.00125,37.845,0.37844999999999995
./resource/gamelogic/set/breed/mp\eng\oficer.set,eng,oficer,0.25,oficer,,0.1,0.1,0.001,"['""webley"" filled', '""ammo webley_clip"" 36', '""smoke_paradrop_ammo_heavy grenade"" 2', '""knife_union""', '""binocular""', '""bandage"" 5']",0.001,0.001,0.001,0.0,0.005,0.005,0.004,0.004,3,0.004,-0.01,0.02,0.01,49.6,0.496
./resource/gamelogic/set/breed/mp\eng\para.set,eng,para,0.4,vet_6,elite,0.1,0.1,0.0009,"['""sten_v"" filled', '""ammo sten_mag"" 224', '""bandage"" 5', '""grenade mk1"" 2', '""grenade n73at""', '""n77_smoke grenade"" 0.25 1']",0.001,0.001,0.001,0.0,0.006,0.006,0.006,0.006,6,0.006,0.0015,0.0015,0.0015,63.84000000000001,0.6383999999999999
./resource/gamelogic/set/breed/mp\eng\para2.set,eng,para2,0.4,vet_6,elite,0.1,0.1,0.0009,"['""bren"" filled', '""ammo bren_mag"" 224', '""bandage"" 5', '""grenade mk1"" 2', '""grenade n73at"" 1', '""n77_smoke grenade"" 0.25 1', '""dynamite"" 1']",0.001,0.001,0.001,0.0,0.006,0.006,0.006,0.006,6,0.006,0.0015,0.0015,0.0015,63.84000000000001,0.6383999999999999
./resource/gamelogic/set/breed/mp\eng\para2_asst.set,eng,para2_asst,0.4,vet_6,elite,0.1,0.1,0.0009,"['""em3_vet"" filled', '""ammo british303_clip"" 100', '""ammo bren_mag"" 168', '""bandage"" 5', '""grenade mk1"" 2', '""grenade n73at"" 1', '""n77_smoke grenade"" 0.25 1', '""smoke grenade"" 2']",0.001,0.001,0.001,0.0,0.006,0.006,0.006,0.006,6,0.006,0.0015,0.0015,0.0015,63.84000000000001,0.6383999999999999
./resource/gamelogic/set/breed/mp\eng\para3.set,eng,para3,0.4,vet_6,elite,0.1,0.1,0.0009,"['""sten_v"" filled', '""ammo sten_mag"" 224', '""bandage"" 5', '""grenade mk1"" 2', '""weapon piatrocket"" filled', '""ammo piatrocket"" 5']",0.001,0.001,0.001,0.0,0.006,0.006,0.006,0.006,6,0.006,0.0015,0.0015,0.0015,63.84000000000001,0.6383999999999999
./resource/gamelogic/set/breed/mp\eng\para4.set,eng,para4,0.4,vet_6,elite,0.1,0.1,0.0009,"['""em3_vet"" filled', '""ammo british303_clip"" 100', '""ammo bren_mag"" 112', '""bandage"" 5', '""grenade mk1"" 2', '""grenade n73at"" 1', '""n77_smoke grenade"" 0.25 1', '""smoke grenade"" 1']",0.001,0.001,0.001,0.0,0.006,0.006,0.006,0.006,6,0.006,0.0015,0.0015,0.0015,63.84000000000001,0.6383999999999999
./resource/gamelogic/set/breed/mp\eng\para5.set,eng,para5,0.4,,elite,0.1,0.1,0.0009,"['""em2"" filled', '""ammo british303_clip"" 100', '""bandage"" 5', '""grenade mk1"" 2', '""grenade n73at"" 1', '""n77_smoke grenade"" 0.25 1', '""smoke grenade"" 2']",0.001,0.001,0.001,0.0,0.006,0.006,0.006,0.006,6,0.006,0.0,0.0,0.0,63.390000000000015,0.6339
./resource/gamelogic/set/breed/mp\eng\para_2ic.set,eng,para_2ic,0.4,vet_7,elite,0.1,0.1,0.0009,"['""sten_v"" filled', '""ammo sten_mag"" 224', '""bandage"" 5', '""grenade mk1"" 2', '""grenade n73at""', '""smoke grenade"" 2', '""n77_smoke grenade"" 1']",0.001,0.001,0.001,0.0,0.006999999999999999,0.006999999999999999,0.006999999999999999,0.006999999999999999,7,0.006999999999999999,0.0017499999999999998,0.0017499999999999998,0.0017499999999999998,64.41500000000002,0.6441500000000001
./resource/gamelogic/set/breed/mp\eng\para_cpl.set,eng,para_cpl,0.4,vet_7,elite,0.1,0.1,0.0009,"['""sten_v"" filled', '""ammo sten_mag"" 224', '""bandage"" 5', '""grenade mk1"" 2', '""grenade n73at""', '""smoke grenade"" 2', '""n77_smoke grenade"" 0.25 1']",0.001,0.001,0.001,0.0,0.006999999999999999,0.006999999999999999,0.006999999999999999,0.006999999999999999,7,0.006999999999999999,0.0017499999999999998,0.0017499999999999998,0.0017499999999999998,64.41500000000002,0.6441500000000001
./resource/gamelogic/set/breed/mp\eng\para_mortar.set,eng,para_mortar,0.4,vet_6,elite,0.1,0.1,0.0009,"['""sten_v"" filled', '""ammo sten_mag"" 224', '""bandage"" 5', '""grenade mk1"" 2', '""grenade n73at""', '""mortar_mkvii"" filling ""ammo mortar50 eng sm"" 1', '""ammo mortar50 eng sm"" 8']",0.001,0.001,0.001,0.0,0.006,0.006,0.006,0.006,6,0.006,0.0015,0.0015,0.0015,63.84000000000001,0.6383999999999999
./resource/gamelogic/set/breed/mp\eng\pioneer_at.set,eng,pioneer_at,0.15,vet_4,1,0.1,0.1,0.0009,"['""em3"" filled', '""ammo british303_clip"" 50', '""bandage"" 3', '""grenade mk1"" 2', '""weapon piatrocket"" filled', '""grenade n73at"" 1', '""ammo piatrocket"" 7']",0.0008,0.001,0.001,0.0,0.002,0.002,0.002,0.004,4,0.004,0.001,0.001,0.001,37.070000000000014,0.37070000000000003
./resource/gamelogic/set/breed/mp\eng\pioneer_flamer.set,eng,pioneer_flamer,0.15,vet_4,1,0.1,0.1,0.0009,"['""flame_thrower""', '""balloon"" filled', '""bandage"" 3', '""grenade mk1"" 2']",0.0008,0.001,0.001,0.0,0.002,0.002,0.002,0.004,2,0.004,0.001,0.001,0.001,37.070000000000014,0.37070000000000003
./resource/gamelogic/set/breed/mp\eng\pioneer_mg.set,eng,pioneer_mg,0.15,vet_4,1,0.1,0.1,0.0009,"['""bren"" filled', '""ammo bren_mag"" 224', '""bandage"" 3', '""grenade mk1"" 2', '""sandbag_kit"" 2']",0.0008,0.001,0.001,0.0,0.002,0.002,0.004,0.003,2,0.004,0.001,0.001,0.001,37.17000000000001,0.37170000000000003
./resource/gamelogic/set/breed/mp\eng\pioneer_rifle1.set,eng,pioneer_rifle1,0.15,vet_4,1,0.1,0.1,0.0009,"['""em3"" filled', '""ammo british303_clip"" 50', '""bandage"" 3', '""grenade mk1"" 2', '""mine antipersonnel"" 31', '""trench_spade"" 1']",0.0008,0.001,0.001,0.0,0.002,0.002,0.002,0.004,2,0.004,0.001,0.001,0.001,37.070000000000014,0.37070000000000003
./resource/gamelogic/set/breed/mp\eng\pioneer_rifle2.set,eng,pioneer_rifle2,0.15,vet_4,1,0.1,0.1,0.0009,"['""em3"" filled', '""ammo british303_clip"" 50', '""bandage"" 3', '""grenade mk1"" 2', '""mine antitank"" 8']",0.0008,0.001,0.001,0.0,0.002,0.002,0.002,0.004,2,0.004,0.001,0.001,0.001,37.070000000000014,0.37070000000000003
./resource/gamelogic/set/breed/mp\eng\pioneer_rifle3.set,eng,pioneer_rifle3,0.15,vet_4,1,0.1,0.1,0.0009,"['""em3"" filled', '""ammo british303_clip"" 50', '""bandage"" 3', '""grenade mk1"" 2', '""grenade satchel"" 2', '""mine antitank"" 2', '""sandbag_kit"" 2', '""trench_spade"" 1']",0.0008,0.001,0.001,0.0,0.002,0.002,0.002,0.004,2,0.004,0.001,0.001,0.001,37.070000000000014,0.37070000000000003
./resource/gamelogic/set/breed/mp\eng\pioneer_rifle4.set,eng,pioneer_rifle4,0.15,vet_4,1,0.1,0.1,0.0009,"['""em3"" filled', '""ammo british303_clip"" 50', '""bandage"" 3', '""grenade mk1"" 2', '""mine antipersonnel"" 7', '""mine_detector"" 1', '""hedgehog_kit"" 1', '""sandbag_kit"" 4']",0.0008,0.001,0.001,0.0,0.002,0.002,0.002,0.004,2,0.004,0.001,0.001,0.001,37.070000000000014,0.37070000000000003
./resource/gamelogic/set/breed/mp\eng\pioneer_rifle5.set,eng,pioneer_rifle5,0.15,vet_4,1,0.1,0.1,0.0009,"['""em3"" filled', '""ammo british303_clip"" 50', '""bandage"" 3', '""grenade mk1"" 2', '""mine antipersonnel"" 7', '""trench_spade"" 3', '""sandbag_kit"" 2']",0.0008,0.001,0.001,0.0,0.002,0.002,0.002,0.004,2,0.004,0.001,0.001,0.001,37.070000000000014,0.37070000000000003
./resource/gamelogic/set/breed/mp\eng\pioneer_sl.set,eng,pioneer_sl,0.15,vet_4,1,0.1,0.1,0.0009,"['""em3"" filled', '""ammo british303_clip"" 50', '""bandage"" 3', '""grenade mk1"" 2', '""grenade smoke"" 2', '""n77_smoke grenade"" 1', '""grenade n73at"" 1', '""sandbag_kit"" 2']",0.0008,0.001,0.001,0.0,0.003,0.003,0.003,0.004,3,0.004,0.001,0.001,0.001,37.37,0.37370000000000003
./resource/gamelogic/set/breed/mp\eng\radioman.set,eng,radioman,0.15,radioman,1,0.1,0.1,0.0009,"['""sten_mk2"" filled', '""flaergun"" filled', '""ammo sten_mag"" 128', '""ammo flaer"" 50', '""bandage"" 3']",0.0008,0.001,0.001,0.0,0.002,0.003,0.002,0.002,1,0.003,0.005,0.02,0.001,39.17000000000001,0.39170000000000005
./resource/gamelogic/set/breed/mp\eng\radioman_airstrike.set,eng,radioman_airstrike,0.15,radioman,1,0.1,0.1,0.0009,"['""sten_mk2"" filled', '""airstrike_rp3_flaregun"" filled', '""ammo sten_mag"" 128', '""ammo airstrike_rp3_flare"" 5', '""bandage"" 3']",0.0008,0.001,0.001,0.0,0.002,0.003,0.002,0.002,1,0.003,0.005,0.02,0.001,39.17000000000001,0.39170000000000005
./resource/gamelogic/set/breed/mp\eng\rifle.set,eng,rifle,0.15,vet_3,,0.1,0.1,0.0009,"['""em3"" filled', '""ammo british303_clip"" 60', '""ammo bren_mag"" 56', '""bandage"" 3', '""grenade mk1""', '""sandbag_kit""', '""grenade n73at""', '""n77_smoke grenade"" 0 1']",0.0008,0.001,0.001,0.0,0.002,0.002,0.002,0.004,1,0.004,0.00075,0.00075,0.00075,36.99500000000002,0.36994999999999995
./resource/gamelogic/set/breed/mp\eng\rifle2.set,eng,rifle2,0.15,vet_2,1,0.1,0.1,0.0009,"['""em3"" filled', '""ammo british303_clip"" 50', '""ammo bren_mag"" 56', '""bandage"" 3', '""grenade mk1"" 1', '""sandbag_kit"" 1']",0.0008,0.001,0.001,0.0,0.002,0.002,0.002,0.004,1,0.004,0.0005,0.0005,0.0005,36.92,0.36920000000000003
./resource/gamelogic/set/breed/mp\eng\rifle2_40.set,eng,rifle2_40,0.15,vet_3,1,0.1,0.1,0.0009,"['""em3"" filled', '""ammo british303_clip"" 50', '""ammo bren_mag"" 56', '""bandage"" 3', '""grenade mk1"" 1', '""sandbag_kit"" 1']",0.0008,0.001,0.001,0.0,0.002,0.002,0.002,0.003,1,0.003,0.00075,0.00075,0.00075,36.795000000000016,0.36794999999999994
./resource/gamelogic/set/breed/mp\eng\rifle3.set,eng,rifle3,0.15,vet_2,1,0.1,0.1,0.0009,"['""em3"" filled', '""ammo british303_clip"" 50', '""ammo bren_mag"" 56', '""bandage"" 3', '""grenade mk1"" 1', '""sandbag_kit"" 1']",0.0008,0.001,0.001,0.0,0.002,0.002,0.002,0.003,1,0.003,0.0005,0.0005,0.0005,36.72,0.3672
./resource/gamelogic/set/breed/mp\eng\rifle_40.set,eng,rifle_40,0.15,vet_3,1,0.1,0.1,0.0009,"['""em3"" filled', '""ammo british303_clip"" 50', '""ammo bren_mag"" 56', '""bandage"" 3', '""grenade mk1"" 1', '""sandbag_kit"" 1']",0.0008,0.001,0.001,0.0,0.002,0.002,0.002,0.003,1,0.003,0.00075,0.00075,0.00075,36.795000000000016,0.36794999999999994
./resource/gamelogic/set/breed/mp\eng\rifle_at.set,eng,rifle_at,0.15,vet_3,1,0.1,0.1,0.0009,"['""em3"" filled', '""ammo british303_clip"" 50', '""ammo bren_mag"" 56', '""bandage"" 3', '""grenade mk1"" 1', '""grenade n73at"" 1', '""weapon piatrocket"" 0.2 1 filled', '""ammo piatrocket"" 5']",0.0008,0.001,0.001,0.0,0.002,0.002,0.002,0.004,4,0.004,0.00075,0.00075,0.00075,36.99500000000002,0.36994999999999995
./resource/gamelogic/set/breed/mp\eng\rifle_grenadier.set,eng,rifle_grenadier,0.15,vet_3,1,0.1,0.1,0.0009,"['""em3"" filled', '""ammo british303_clip"" 50', '""em3_mark1"" filled', '""ammo rifle_grenade"" 6 1', '""ammo bren_mag"" 56', '""bandage"" 3', '""sandbag_kit"" 1']",0.0008,0.001,0.001,0.0,0.002,0.002,0.002,0.004,1,0.004,0.00075,0.00075,0.00075,36.99500000000002,0.36994999999999995
./resource/gamelogic/set/breed/mp\eng\rifle_scot.set,eng,rifle_scot,0.15,vet_5,1,0.1,0.1,0.0009,"['""em3"" filled', '""ammo british303_clip"" 50', '""ammo bren_mag"" 56', '""bandage"" 3', '""grenade mk1"" 1', '""sandbag_kit"" 1']",0.0008,0.001,0.001,0.0,0.003,0.003,0.003,0.005,2,0.005,0.00125,0.00125,0.00125,37.644999999999996,0.37644999999999995
./resource/gamelogic/set/breed/mp\eng\saper.set,eng,saper,0.15,saper,1,0.1,0.1,0.0009,"['""sten_mk2"" filled', '""ammo sten_mag"" 128', '""mine_detector""', '""dynamite"" 2', '""trench_spade""']",0.0008,0.001,0.001,0.0,0.002,0.003,0.002,0.002,1,0.003,0.001,0.001,0.001,36.87000000000001,0.3687
./resource/gamelogic/set/breed/mp\eng\saper2.set,eng,saper2,0.15,saper,1,0.1,0.1,0.0009,"['""sten_mk2"" filled', '""ammo sten_mag"" 128', '""mine antitank"" 6', '""hedgehog_kit"" 1', '""dynamite"" 1', '""repair_kit"" 1', '""trench_spade""']",0.0008,0.001,0.001,0.0,0.002,0.003,0.002,0.002,1,0.003,0.001,0.001,0.001,36.87000000000001,0.3687
./resource/gamelogic/set/breed/mp\eng\saper3.set,eng,saper3,0.15,saper,1,0.1,0.1,0.0009,"['""sten_mk2"" filled', '""ammo sten_mag"" 128', '""mine antipersonnel"" 15', '""barbwire_kit"" 1', '""dynamite"" 1', '""repair_kit"" 1', '""trench_spade""']",0.0008,0.001,0.001,0.0,0.002,0.003,0.002,0.002,1,0.003,0.001,0.001,0.001,36.87000000000001,0.3687
./resource/gamelogic/set/breed/mp\eng\scout.set,eng,scout,0.35,scout,1,0.1,0.3,0.0009,"['""welrod"" filled', '""sten_v_silencer"" filled', '""ammo sten_mag"" 128', '""ammo welrod_mag"" 24', '""bandage"" 5', '""grenade mk1"" 4', '""grenade n73at"" 4', '""grenade molotov_coctail"" 2', '""dynamite"" 2', '""knife_union"" 1', '""matchbox"" 1']",0.001,0.001,0.001,0.0,0.005,0.005,0.005,0.005,5,0.005,0.003,0.008,0.002,79.18999999999998,0.7919
./resource/gamelogic/set/breed/mp\eng\smg.set,eng,smg,0.15,vet_3,1,0.1,0.1,0.0009,"['""sten_mk2"" filled', '""ammo sten_mag"" 128', '""bandage"" 3', '""grenade mk1"" 2', '""grenade n73at"" 0 1', '""smoke grenade"" 1', '""n77_smoke grenade"" 0 1']",0.0008,0.001,0.001,0.0,0.002,0.004,0.002,0.002,1,0.003,0.00075,0.00075,0.00075,36.89500000000002,0.36894999999999994
./resource/gamelogic/set/breed/mp\eng\smg2.set,eng,smg2,0.15,vet_2,1,0.1,0.1,0.0009,"['""sten_mk2"" filled', '""ammo sten_mag"" 128', '""bandage"" 3', '""grenade mk1"" 2', '""grenade n73at"" 1', '""smoke grenade"" 1']",0.0008,0.001,0.001,0.0,0.002,0.004,0.002,0.002,1,0.003,0.0005,0.0005,0.0005,36.82,0.3682
./resource/gamelogic/set/breed/mp\eng\smg2_40.set,eng,smg2_40,0.15,vet_2,1,0.1,0.1,0.0009,"['""sten_mk2"" filled', '""ammo sten_mag"" 128', '""bandage"" 3', '""grenade mk1"" 2', '""grenade n73at"" 1', '""smoke grenade"" 1']",0.0008,0.001,0.001,0.0,0.002,0.003,0.002,0.002,1,0.003,0.0005,0.0005,0.0005,36.72,0.3672
./resource/gamelogic/set/breed/mp\eng\smg3.set,eng,smg3,0.15,vet_2,1,0.1,0.1,0.0009,"['""m50reising"" filled', '""ammo m50reising_mag"" 100', '""bandage"" 3', '""grenade mk1"" 2', '""grenade n73at"" 1', '""smoke grenade"" 1']",0.0008,0.001,0.001,0.0,0.002,0.003,0.002,0.002,1,0.003,0.0005,0.0005,0.0005,36.72,0.3672
./resource/gamelogic/set/breed/mp\eng\smg_40.set,eng,smg_40,0.15,vet_2,1,0.1,0.1,0.0009,"['""sten_mk2"" filled', '""ammo sten_mag"" 128', '""bandage"" 3', '""grenade mk1"" 2', '""grenade n73at"" 1', '""smoke grenade"" 1']",0.0008,0.001,0.001,0.0,0.002,0.003,0.002,0.002,1,0.003,0.0005,0.0005,0.0005,36.72,0.3672
./resource/gamelogic/set/breed/mp\eng\smg_scot.set,eng,smg_scot,0.15,vet_5,1,0.1,0.1,0.0009,"['""sten_mk2"" filled', '""ammo sten_mag"" 128', '""bandage"" 3', '""grenade mk1"" 2', '""grenade n73at"" 1', '""smoke grenade"" 1']",0.0008,0.001,0.001,0.0,0.003,0.005,0.003,0.003,2,0.005,0.00125,0.00125,0.00125,37.644999999999996,0.37644999999999995
./resource/gamelogic/set/breed/mp\eng\sniper.set,eng,sniper,0.35,sniper,,0.1,0.1,0.001,"['""ammo british303_clip"" 100', '""bandage"" 5', '""plant"" 3', '""em2_vet"" filling ""british303_clip ammo"" 10']",0.001,0.001,0.001,0.0,0.003,0.003,0.003,0.006,2,0.004,0.005,0.008,0.002,58.8,0.588
./resource/gamelogic/set/breed/mp\eng\squadleader.set,eng,squadleader,0.2,vet_4,1,0.1,0.1,0.0009,"['""sten_v"" filled', '""ammo sten_mag"" 224', '""bandage"" 3', '""grenade mk1"" 2', '""grenade n73at"" 0.25 1', '""smoke grenade"" 2', '""n77_smoke grenade"" 1']",0.0008,0.001,0.001,0.0,0.004,0.005,0.003,0.004,2,0.005,0.001,0.001,0.001,42.77,0.4277000000000001
./resource/gamelogic/set/breed/mp\eng\squadleader2.set,eng,squadleader2,0.2,vet_3,1,0.1,0.1,0.0009,"['""sten_v"" filled', '""ammo sten_mag"" 224', '""bandage"" 3', '""grenade mk1"" 2', '""grenade n73at"" 0.25 1', '""smoke grenade"" 2', '""n77_smoke grenade"" 1']",0.0008,0.001,0.001,0.0,0.004,0.005,0.003,0.004,2,0.005,0.00075,0.00075,0.00075,42.69500000000001,0.42695
./resource/gamelogic/set/breed/mp\eng\squadleader2_40.set,eng,squadleader2_40,0.2,vet_3,1,0.1,0.1,0.0009,"['""em3_mark1"" filled', '""ammo rifle_grenade"" 25', '""bandage"" 3', '""grenade mk1"" 2', '""grenade n73at"" 1', '""smoke grenade"" 1', '""n77_smoke grenade"" 1']",0.0008,0.001,0.001,0.0,0.003,0.003,0.003,0.004,2,0.004,0.00075,0.00075,0.00075,42.295,0.42295
./resource/gamelogic/set/breed/mp\eng\squadleader_40.set,eng,squadleader_40,0.2,vet_3,1,0.1,0.1,0.0009,"['""em3"" filled', '""ammo british303_clip"" 50', '""bandage"" 3', '""grenade mk1"" 2', '""grenade n73at"" 1', '""smoke grenade"" 2', '""n77_smoke grenade"" 1']",0.0008,0.001,0.001,0.0,0.003,0.004,0.002,0.003,2,0.004,0.00075,0.00075,0.00075,42.19500000000001,0.42195
./resource/gamelogic/set/breed/mp\eng\squadleader_asst.set,eng,squadleader_asst,0.2,vet_5,1,0.1,0.1,0.0009,"['""em3"" filled', '""ammo british303_clip"" 50', '""ammo bren_mag"" 56', '""bandage"" 3', '""grenade mk1"" 2', '""grenade n73at"" 1', '""smoke grenade"" 1', '""n77_smoke grenade"" 1']",0.0008,0.001,0.001,0.0,0.004,0.004,0.003,0.005,2,0.005,0.00125,0.00125,0.00125,42.845,0.42845
./resource/gamelogic/set/breed/mp\eng\squadleader_can.set,eng,squadleader_can,0.2,vet_4,1,0.1,0.1,0.0009,"['""em3"" filled', '""ammo british303_clip"" 50', '""bandage"" 3', '""grenade mk1"" 2', '""grenade n73at"" 1', '""smoke grenade"" 2', '""n77_smoke grenade"" 1']",0.0008,0.001,0.001,0.0,0.003,0.004,0.002,0.003,2,0.004,0.001,0.001,0.001,42.27,0.4227000000000001
./resource/gamelogic/set/breed/mp\eng\squadleader_scot.set,eng,squadleader_scot,0.2,vet_5,1,0.1,0.1,0.0009,"['""em3"" filled', '""ammo british303_clip"" 50', '""bandage"" 3', '""grenade mk1"" 2', '""grenade n73at"" 1', '""smoke grenade"" 2', '""n77_smoke grenade"" 1']",0.0008,0.001,0.001,0.0,0.005,0.005,0.004,0.005,4,0.005,0.00125,0.00125,0.00125,43.145,0.43145
./resource/gamelogic/set/breed/mp\eng\sturmovik.set,eng,sturmovik,0.4,vet_5,elite,0.1,0.1,0.0009,"['""sten_v"" filled', '""ammo sten_mag"" 224', '""bandage"" 5', '""grenade mk1"" 2', '""grenade n73at"" 1', '""smoke grenade"" 1', '""n77_smoke grenade"" 0.5 1']",0.001,0.001,0.001,0.0,0.006999999999999999,0.006999999999999999,0.006999999999999999,0.006999999999999999,7,0.006999999999999999,0.00125,0.00125,0.00125,64.26500000000001,0.6426499999999999
./resource/gamelogic/set/breed/mp\eng\sturmovik2.set,eng,sturmovik2,0.4,vet_5,elite,0.1,0.1,0.0009,"['""bren"" filled', '""ammo bren_mag"" 224', '""bandage"" 5', '""grenade mk1"" 2', '""grenade n73at"" 1', '""n77_smoke grenade"" 0.5 1', '""dynamite"" 1']",0.001,0.001,0.001,0.0,0.006999999999999999,0.006999999999999999,0.006999999999999999,0.006999999999999999,7,0.006999999999999999,0.00125,0.00125,0.00125,64.26500000000001,0.6426499999999999
./resource/gamelogic/set/breed/mp\eng\sturmovik3.set,eng,sturmovik3,0.4,vet_5,elite,0.1,0.1,0.0009,"['""sten_v"" filled', '""ammo sten_mag"" 224', '""bandage"" 5', '""grenade mk1"" 2', '""n77_smoke grenade"" 0.5 1', '""weapon piatrocket"" filled', '""ammo piatrocket"" 5']",0.001,0.001,0.001,0.0,0.006999999999999999,0.006999999999999999,0.006999999999999999,0.006999999999999999,7,0.006999999999999999,0.00125,0.00125,0.00125,64.26500000000001,0.6426499999999999
./resource/gamelogic/set/breed/mp\eng\sturmovik4.set,eng,sturmovik4,0.4,vet_5,elite,0.1,0.1,0.0009,"['""sten_v"" filled', '""ammo sten_mag"" 224', '""bandage"" 3', '""grenade mk1"" 2', '""n77_smoke grenade"" 0.5 1', '""ammo ptr"" 15', '""boyes"" filled']",0.001,0.001,0.001,0.0,0.006999999999999999,0.006999999999999999,0.006999999999999999,0.006999999999999999,7,0.006999999999999999,0.00125,0.00125,0.00125,64.26500000000001,0.6426499999999999
./resource/gamelogic/set/breed/mp\eng\sturmovik4b.set,eng,sturmovik4b,0.4,vet_5,elite,0.1,0.1,0.0009,"['""em3_vet"" filled', '""ammo british303_clip"" 100', '""ammo bren_mag"" 56', '""bandage"" 5', '""grenade mk1"" 2', '""grenade n73at"" 1', '""n77_smoke grenade"" 0.5 1', '""dynamite"" 1']",0.001,0.001,0.001,0.0,0.006999999999999999,0.006999999999999999,0.006999999999999999,0.006999999999999999,7,0.006999999999999999,0.00125,0.00125,0.00125,64.26500000000001,0.6426499999999999
./resource/gamelogic/set/breed/mp\eng\sturmovik4c.set,eng,sturmovik4c,0.4,vet_7,elite,0.1,0.1,0.0009,"['""em3_vet"" filled', '""ammo british303_clip"" 100', '""ammo bren_mag"" 56', '""bandage"" 5', '""grenade mk1"" 2', '""grenade n73at"" 1', '""smoke grenade"" 1', '""n77_smoke grenade"" 0.5 1']",0.001,0.001,0.001,0.0,0.006999999999999999,0.006999999999999999,0.006999999999999999,0.006999999999999999,7,0.006999999999999999,0.0017499999999999998,0.0017499999999999998,0.0017499999999999998,64.41500000000002,0.6441500000000001
./resource/gamelogic/set/breed/mp\eng\sturmovik5.set,eng,sturmovik5,0.4,vet_5,elite,0.1,0.1,0.0009,"['""weapon piatrocket"" filled', '""sten_v"" filled', '""ammo sten_mag"" 224', '""bandage"" 5', '""grenade n73at"" 1', '""n77_smoke grenade"" 0.5 1', '""ammo piatrocket"" 5']",0.001,0.001,0.001,0.0,0.006999999999999999,0.006999999999999999,0.006999999999999999,0.006999999999999999,7,0.006999999999999999,0.00125,0.00125,0.00125,64.26500000000001,0.6426499999999999
./resource/gamelogic/set/breed/mp\eng\sturmovik5b.set,eng,sturmovik5b,0.4,vet_5,elite,0.1,0.1,0.0009,"['""sten_v"" filled', '""ammo sten_mag"" 224', '""bandage"" 5', '""grenade mk1"" 2', '""grenade n73at"" 1', '""n77_smoke grenade"" 0.5 1', '""smoke grenade"" 1', '""ammo piatrocket"" 3']",0.001,0.001,0.001,0.0,0.006999999999999999,0.006999999999999999,0.006999999999999999,0.006999999999999999,7,0.006999999999999999,0.00125,0.00125,0.00125,64.26500000000001,0.6426499999999999
./resource/gamelogic/set/breed/mp\eng\sturmovik6.set,eng,sturmovik6,0.4,vet_5,elite,0.1,0.1,0.0009,"['""bren"" filled', '""ammo bren_mag"" 224', '""bandage"" 5', '""grenade mk1"" 2', '""smoke grenade"" 2', '""n77_smoke grenade"" 0.5 1', '""dynamite"" 1']",0.001,0.001,0.001,0.0,0.006999999999999999,0.006999999999999999,0.006999999999999999,0.006999999999999999,7,0.006999999999999999,0.00125,0.00125,0.00125,64.26500000000001,0.6426499999999999
./resource/gamelogic/set/breed/mp\eng\sturmovik6b.set,eng,sturmovik6b,0.4,vet_5,elite,0.1,0.1,0.0009,"['""em3_vet"" filled', '""ammo british303_clip"" 100', '""ammo bren_mag"" 168', '""bandage"" 5', '""grenade mk1"" 2', '""grenade n73at"" 1', '""smoke grenade"" 2', '""n77_smoke grenade"" 0.5 1', '""sandbag_kit"" 1']",0.001,0.001,0.001,0.0,0.006999999999999999,0.006999999999999999,0.006999999999999999,0.006999999999999999,7,0.006999999999999999,0.00125,0.00125,0.00125,64.26500000000001,0.6426499999999999
./resource/gamelogic/set/breed/mp\eng\sturmovik_2ic.set,eng,sturmovik_2ic,0.4,vet_7,elite,0.1,0.1,0.0009,"['""sten_v"" filled', '""ammo sten_mag"" 224', '""bandage"" 5', '""grenade mk1"" 2', '""grenade n73at"" 1', '""smoke grenade"" 2', '""n77_smoke grenade"" 1']",0.001,0.001,0.001,0.0,0.006999999999999999,0.006999999999999999,0.006999999999999999,0.006999999999999999,7,0.006999999999999999,0.0017499999999999998,0.0017499999999999998,0.0017499999999999998,64.41500000000002,0.6441500000000001
./resource/gamelogic/set/breed/mp\eng\sturmovik_cpl.set,eng,sturmovik_cpl,0.4,vet_7,elite,0.1,0.1,0.0009,"['""sten_v"" filled', '""ammo sten_mag"" 224', '""bandage"" 5', '""grenade mk1"" 2', '""grenade n73at"" 1', '""smoke grenade"" 2', '""n77_smoke grenade"" 1']",0.001,0.001,0.001,0.0,0.006999999999999999,0.006999999999999999,0.006999999999999999,0.006999999999999999,7,0.006999999999999999,0.0017499999999999998,0.0017499999999999998,0.0017499999999999998,64.41500000000002,0.6441500000000001
./resource/gamelogic/set/breed/mp\eng\tankman.set,eng,tankman,0.1,tankman,,0.1,0.1,0.0008,"['""webley"" filled', '""ammo webley_clip"" 36', '""bandage"" 3']",0.001,0.001,0.0008,0.002,0.003,0.003,0.002,0.002,1,0.003,0.00025,0.0012,0.00025,32.029999999999994,0.32030000000000003
./resource/gamelogic/set/breed/mp\eng\tankman2.set,eng,tankman2,0.15,tankman2,,0.1,0.1,0.0008,"['""sten_mk2"" filled', '""ammo sten_mag"" 128', '""bandage"" 3']",0.001,0.001,0.0008,0.004,0.003,0.003,0.003,0.002,1,0.003,0.0005,0.0022,0.0005,37.47999999999998,0.3748
./resource/gamelogic/set/breed/mp\eng\vehicle_supporter.set,eng,vehicle_supporter,0.15,vehicle_supporter,tankcrew,0.1,0.1,0.0009,"['""sten_mk2"" filled', '""ammo sten_mag"" 128', '""bandage"" 3', '""grenade mk1"" 1', '""smoke grenade"" 1']",0.001,0.001,0.001,0.004,0.003,0.002,0.004,0.002,1,0.004,0.0005,0.002,0.00025,37.565000000000005,0.37565
./resource/gamelogic/set/breed/mp\eng\vehicle_supporter_40.set,eng,vehicle_supporter_40,0.15,vehicle_supporter,tankcrew,0.1,0.1,0.0009,"['""sten_mk2"" filled', '""ammo sten_mag"" 128', '""bandage"" 3', '""grenade mk1"" 1', '""smoke grenade"" 1']",0.001,0.001,0.001,0.003,0.003,0.002,0.003,0.002,1,0.003,0.0005,0.002,0.00025,37.265,0.37265
./resource/gamelogic/set/breed/mp\eng\vet_tankman.set,eng,vet_tankman,0.1,tankman,,0.1,0.1,0.0008,"['""webley"" filled', '""ammo webley_clip"" 36', '""bandage"" 3']",0.00115,0.00115,0.001,0.005,0.003,0.003,0.003,0.002,1,0.003,0.00025,0.0012,0.00025,32.47999999999999,0.3248
./resource/gamelogic/set/breed/mp\eng\vet_tankman2.set,eng,vet_tankman2,0.15,tankman2,,0.1,0.1,0.0008,"['""sten_mk2"" filled', '""ammo sten_mag"" 128', '""bandage"" 3']",0.0012,0.0012,0.0011,0.006999999999999999,0.003,0.003,0.004,0.002,1,0.003,0.0005,0.0022,0.0005,37.94999999999998,0.37949999999999995
./resource/gamelogic/set/breed/mp\ger\ap_miner.set,ger,ap_miner,0.15,ap_miner,,0.1,0.1,0.0009,"['""mp40"" filled', '""ammo mp40_mag"" 192', '""mine s_mine"" 29', '""barbwire_kit""', '""hohlladung grenade""', '""bandage"" 5']",0.00075,0.001,0.0008,0.0,0.004,0.004,0.002,0.003,2,0.004,0.001,0.001,0.001,37.345000000000006,0.37345
./resource/gamelogic/set/breed/mp\ger\at_miner.set,ger,at_miner,0.15,at_miner,,0.1,0.1,0.0009,"['""mp40"" filled', '""ammo mp40_mag"" 192', '""mine antitank"" 7', '""hedgehog_kit""', '""hohlladung grenade""', '""bandage"" 5']",0.00075,0.001,0.0008,0.0,0.004,0.004,0.002,0.003,2,0.004,0.001,0.001,0.001,37.345000000000006,0.37345
./resource/gamelogic/set/breed/mp\ger\at_rifle.set,ger,at_rifle,0.15,at_rifle,1,0.1,0.1,0.0009,"['""pzb39"" filled', '""bandage"" 3', '""hohlladung grenade""', '""ammo ptr"" 35']",0.00075,0.001,0.0008,0.0,0.004,0.004,0.001,0.005,2,0.004,0.001,0.0015,0.001,37.495000000000005,0.37495
./resource/gamelogic/set/breed/mp\ger\at_rifle2.set,ger,at_rifle2,0.15,at_rifle,1,0.1,0.1,0.0009,"['""mp40"" filled', '""ammo mp40_mag"" 192', '""bandage"" 3', '""grenade m24"" 2', '""hohlladung grenade""', '""smoke grenade"" 1', '""ammo ptr"" 10']",0.00075,0.001,0.0008,0.0,0.004,0.004,0.002,0.005,2,0.004,0.001,0.0015,0.001,37.595000000000006,0.37595
./resource/gamelogic/set/breed/mp\ger\bazooker.set,ger,bazooker,0.15,bazooker,1,0.1,0.1,0.0009,"['""weapon panzershreck"" filled', '""bandage"" 3', '""hohlladung grenade""', '""ammo panzershreck"" 7', '""valter"" filled', '""ammo walther_mag"" 16']",0.00075,0.001,0.0008,0.0,0.004,0.003,0.002,0.004,5,0.004,0.001,0.0015,0.001,37.395,0.37395
./resource/gamelogic/set/breed/mp\ger\bazooker2.set,ger,bazooker2,0.15,bazooker,1,0.1,0.1,0.0009,"['""mauzer"" filled', '""ammo mauser_clip"" 60', '""bandage"" 3', '""grenade m24"" 2', '""hohlladung grenade""', '""smoke grenade"" 1', '""ammo panzershreck"" 3']",0.00075,0.001,0.0008,0.0,0.004,0.003,0.002,0.004,5,0.004,0.001,0.0015,0.001,37.395,0.37395
./resource/gamelogic/set/breed/mp\ger\bazooker3.set,ger,bazooker3,0.15,bazooker,1,0.1,0.1,0.0009,"['""mauzer"" filled', '""ammo mauser_clip"" 60', '""bandage"" 3', '""grenade m24"" 2', '""hohlladung grenade""', '""smoke grenade"" 1', '""panzerfaust_60 weapon"" filled', '""panzerfaust_60 weapon"" filled']",0.00075,0.001,0.0008,0.0,0.004,0.003,0.002,0.004,5,0.004,0.001,0.0015,0.001,37.395,0.37395
./resource/gamelogic/set/breed/mp\ger\elite.set,ger,elite,0.35,vet_4,elite,0.1,0.1,0.0009,"['""mauzer"" filled', '""ammo mauser_clip"" 60', '""bandage"" 5', '""grenade m24"" 2', '""grenade pwm1"" 1', '""smoke grenade"" 1']",0.00085,0.001,0.0009,0.0,0.006,0.006,0.006,0.006,6,0.006,0.001,0.001,0.001,58.66500000000002,0.58665
./resource/gamelogic/set/breed/mp\ger\elite2.set,ger,elite2,0.35,vet_4,elite,0.1,0.1,0.0009,"['""g43_scope"" filling ""ammo g43_mag"" 10', '""ammo g43_mag"" 20', '""ammo mauser_clip"" 60', '""bandage"" 5', '""grenade m24"" 2', '""grenade pwm1"" 1', '""smoke grenade"" 1', '""dynamite"" 1']",0.00085,0.001,0.0009,0.0,0.006,0.006,0.006,0.006,6,0.006,0.001,0.001,0.001,58.66500000000002,0.58665
./resource/gamelogic/set/breed/mp\ger\elite3.set,ger,elite3,0.35,vet_4,elite,0.1,0.1,0.0009,"['""fg42_rifle"" filled', '""ammo fg42_mag"" 160', '""bandage"" 5', '""grenade m24"" 2', '""grenade pwm1"" 1', '""sandbag_kit"" 1']",0.00085,0.001,0.0009,0.0,0.006,0.006,0.006,0.006,6,0.006,0.001,0.001,0.001,58.66500000000002,0.58665
./resource/gamelogic/set/breed/mp\ger\elite4.set,ger,elite4,0.35,vet_2,elite,0.1,0.1,0.0009,"['""g43"" filling ""ammo g43_mag"" 10', '""ammo g43_mag"" 20', '""ammo mauser_clip"" 60', '""bandage"" 5', '""grenade m24"" 2', '""grenade pwm1"" 1', '""smoke grenade"" 1']",0.00085,0.001,0.0009,0.0,0.006,0.006,0.006,0.006,6,0.006,0.0005,0.0005,0.0005,58.51500000000001,0.5851499999999998
./resource/gamelogic/set/breed/mp\ger\elite5.set,ger,elite5,0.35,vet_2,elite,0.1,0.1,0.0009,"['""mauzer"" filled', '""ammo mauser_clip"" 60', '""bandage"" 5', '""grenade m24"" 2', '""panzerfaust weapon"" filled']",0.00085,0.001,0.0009,0.0,0.006,0.006,0.006,0.006,6,0.006,0.0005,0.0005,0.0005,58.51500000000001,0.5851499999999998
./resource/gamelogic/set/breed/mp\ger\elite6.set,ger,elite6,0.35,vet_2,elite,0.1,0.1,0.0009,"['""mg34"" filled', '""ammo mg_mauser drum"" 300', '""bandage"" 5', '""smoke_paradrop_ammo grenade"" 1', '""sandbag_kit"" 1', '""barrel_case""']",0.00085,0.001,0.0009,0.0,0.006,0.006,0.006,0.006,6,0.006,0.0005,0.0005,0.0005,58.51500000000001,0.5851499999999998
./resource/gamelogic/set/breed/mp\ger\elite_at.set,ger,elite_at,0.35,vet_4,elite,0.1,0.1,0.0009,"['""weapon panzershreck"" filled', '""mp40"" filled', '""ammo mp40_mag"" 192', '""bandage"" 3', '""grenade m24x5"" 1', '""ammo panzershreck"" 7']",0.00085,0.001,0.0009,0.0,0.006,0.006,0.006,0.006,6,0.006,0.001,0.001,0.001,58.66500000000002,0.58665
./resource/gamelogic/set/breed/mp\ger\elite_tankman.set,ger,elite_tankman,0.1,tankman,tankcrew,0.1,0.1,0.0008,"['""valter"" filled', '""ammo walther_mag"" 32']",0.00115,0.00115,0.001,0.008,0.005,0.005,0.005,0.003,2,0.004,0.00025,0.0012,0.00025,33.579999999999984,0.3358
./resource/gamelogic/set/breed/mp\ger\elite_tankman2.set,ger,elite_tankman2,0.15,tankman2,tankcrew,0.1,0.1,0.0008,"['""mp40"" filled', '""ammo mp40_mag"" 96']",0.0012,0.0012,0.001,0.01,0.004,0.005,0.006999999999999999,0.003,2,0.004,0.0005,0.0022,0.0005,39.039999999999985,0.39039999999999997
./resource/gamelogic/set/breed/mp\ger\fallschirm_at.set,ger,fallschirm_at,0.4,vet_7,elite,0.1,0.1,0.0009,"['""weapon panzershreck"" filled', '""ammo panzershreck"" 7', '""valter"" filled', '""ammo walther_mag"" 16', '""grenade m39"" 2', '""grenade pwm1""']",0.00095,0.001,0.001,0.0,0.006999999999999999,0.006999999999999999,0.006999999999999999,0.006999999999999999,7,0.006999999999999999,0.0017499999999999998,0.0017499999999999998,0.0017499999999999998,64.41000000000001,0.6441000000000001
./resource/gamelogic/set/breed/mp\ger\fallschirm_at2.set,ger,fallschirm_at2,0.4,vet_7,elite,0.1,0.1,0.0009,"['""mauzer_vet"" filled', '""ammo mauser_clip"" 60', '""smoke grenade"" 1', '""ammo panzershreck"" 5', '""grenade m39"" 2', '""grenade pwm1""']",0.00095,0.001,0.001,0.0,0.006999999999999999,0.006999999999999999,0.006999999999999999,0.006999999999999999,7,0.006999999999999999,0.0017499999999999998,0.0017499999999999998,0.0017499999999999998,64.41000000000001,0.6441000000000001
./resource/gamelogic/set/breed/mp\ger\fallschirm_fgsc_42.set,ger,fallschirm_fgsc_42,0.4,vet_6,elite,0.1,0.1,0.0009,"['""fg42_sc"" filled', '""ammo fg42_mag"" 160', '""bandage"" 5', '""grenade m39"" 2', '""grenade m24x5""', '""smoke grenade"" 1', '""sandbag_kit""']",0.00095,0.001,0.001,0.0,0.006999999999999999,0.006999999999999999,0.006999999999999999,0.006999999999999999,7,0.006999999999999999,0.0015,0.0015,0.0015,64.33500000000004,0.6433499999999999
./resource/gamelogic/set/breed/mp\ger\fallschirm_fgsc_43.set,ger,fallschirm_fgsc_43,0.4,vet_6,elite,0.1,0.1,0.0009,"['""fg42_sc"" filled', '""ammo fg42_mag"" 160', '""bandage"" 5', '""grenade m39"" 2', '""grenade pwm1""', '""smoke grenade"" 1', '""sandbag_kit""']",0.00095,0.001,0.001,0.0,0.006999999999999999,0.006999999999999999,0.006999999999999999,0.006999999999999999,7,0.006999999999999999,0.0015,0.0015,0.0015,64.33500000000004,0.6433499999999999
./resource/gamelogic/set/breed/mp\ger\fallschirm_fg_42.set,ger,fallschirm_fg_42,0.4,vet_6,elite,0.1,0.1,0.0009,"['""fg42_rifle"" filled', '""ammo fg42_mag"" 160', '""bandage"" 5', '""grenade m39"" 2', '""grenade m24x5""', '""smoke grenade"" 1', '""sandbag_kit""']",0.00095,0.001,0.001,0.0,0.006999999999999999,0.006999999999999999,0.006999999999999999,0.006999999999999999,7,0.006999999999999999,0.0015,0.0015,0.0015,64.33500000000004,0.6433499999999999
./resource/gamelogic/set/breed/mp\ger\fallschirm_fg_43.set,ger,fallschirm_fg_43,0.4,vet_6,elite,0.1,0.1,0.0009,"['""fg42_rifle"" filled', '""ammo fg42_mag"" 160', '""bandage"" 5', '""grenade m39"" 2', '""grenade pwm1""', '""smoke grenade"" 1', '""sandbag_kit""']",0.00095,0.001,0.001,0.0,0.006999999999999999,0.006999999999999999,0.006999999999999999,0.006999999999999999,7,0.006999999999999999,0.0015,0.0015,0.0015,64.33500000000004,0.6433499999999999
./resource/gamelogic/set/breed/mp\ger\fallschirm_grenadier.set,ger,fallschirm_grenadier,0.4,vet_6,elite,0.1,0.1,0.0009,"['""mauzer_vet"" filled', '""ammo mauser_clip"" 120', '""bandage"" 5', '""k98_gewehrgranat"" filling ""k98_grenade fg"" 1', '""k98_grenade fg"" 6 1', '""k98_grenade ap"" 1 1', '""ammo mg_mauser drum"" 50']",0.00095,0.001,0.001,0.0,0.006999999999999999,0.006999999999999999,0.006999999999999999,0.006999999999999999,7,0.006999999999999999,0.0015,0.0015,0.0015,64.33500000000004,0.6433499999999999
./resource/gamelogic/set/breed/mp\ger\fallschirm_mg.set,ger,fallschirm_mg,0.4,vet_6,elite,0.1,0.1,0.0009,"['""mg42_inf_250"" filled', '""ammo mg_mauser belt"" 300', '""bandage"" 5', '""sandbag_kit""', '""barrel_case""']",0.00095,0.001,0.001,0.0,0.006999999999999999,0.006999999999999999,0.006999999999999999,0.006999999999999999,7,0.006999999999999999,0.0015,0.0015,0.0015,64.33500000000004,0.6433499999999999
./resource/gamelogic/set/breed/mp\ger\fallschirm_mg_39.set,ger,fallschirm_mg_39,0.4,vet_6,elite,0.1,0.1,0.0009,"['""mg34"" filled', '""ammo mg_mauser drum"" 300', '""bandage"" 5', '""sandbag_kit""', '""barrel_case""']",0.00095,0.001,0.001,0.0,0.006999999999999999,0.006999999999999999,0.006999999999999999,0.006999999999999999,7,0.006999999999999999,0.0015,0.0015,0.0015,64.33500000000004,0.6433499999999999
./resource/gamelogic/set/breed/mp\ger\fallschirm_mg_asst.set,ger,fallschirm_mg_asst,0.4,vet_3,elite,0.1,0.1,0.0009,"['""mauzer"" filled', '""ammo mauser_clip"" 80', '""ammo mg_mauser belt"" 600', '""bandage"" 5']",0.00095,0.001,0.001,0.0,0.006999999999999999,0.006999999999999999,0.006999999999999999,0.006999999999999999,7,0.006999999999999999,0.00075,0.00075,0.00075,64.11000000000003,0.6411000000000001
./resource/gamelogic/set/breed/mp\ger\fallschirm_mg_asst_39.set,ger,fallschirm_mg_asst_39,0.4,vet_6,elite,0.1,0.1,0.0009,"['""mauzer"" filled', '""ammo mauser_clip"" 80', '""ammo mg_mauser belt"" 600', '""bandage"" 5']",0.00095,0.001,0.001,0.0,0.006999999999999999,0.006999999999999999,0.006999999999999999,0.006999999999999999,7,0.006999999999999999,0.0015,0.0015,0.0015,64.33500000000004,0.6433499999999999
./resource/gamelogic/set/breed/mp\ger\fallschirm_pzfst.set,ger,fallschirm_pzfst,0.4,vet_6,elite,0.1,0.1,0.0009,"['""mauzer_vet"" filled', '""ammo mauser_clip"" 120', '""ammo mg_mauser drum"" 50', '""bandage"" 5', '""grenade m39"" 2', '""panzerfaust_30 weapon"" filled']",0.00095,0.001,0.001,0.0,0.006999999999999999,0.006999999999999999,0.006999999999999999,0.006999999999999999,7,0.006999999999999999,0.0015,0.0015,0.0015,64.33500000000004,0.6433499999999999
./resource/gamelogic/set/breed/mp\ger\fallschirm_pzfst_stg.set,ger,fallschirm_pzfst_stg,0.4,vet_6,elite,0.1,0.1,0.0009,"['""sg44"" filled', '""ammo stg44_mag"" 180', '""bandage"" 5', '""grenade m39"" 2', '""smoke grenade"" 1', '""panzerfaust_30 weapon"" filled']",0.00095,0.001,0.001,0.0,0.006999999999999999,0.006999999999999999,0.006999999999999999,0.006999999999999999,7,0.006999999999999999,0.0015,0.0015,0.0015,64.33500000000004,0.6433499999999999
./resource/gamelogic/set/breed/mp\ger\fallschirm_rifle.set,ger,fallschirm_rifle,0.4,vet_3,elite,0.1,0.1,0.0009,"['""mauzer_vet"" filled', '""ammo mauser_clip"" 120', '""ammo mg_mauser drum"" 50', '""bandage"" 5', '""grenade m39"" 2', '""grenade pwm1""']",0.00095,0.001,0.001,0.004,0.006999999999999999,0.006999999999999999,0.006999999999999999,0.006999999999999999,7,0.006999999999999999,0.00075,0.00075,0.00075,64.51000000000002,0.6451000000000001
./resource/gamelogic/set/breed/mp\ger\fallschirm_rifle_39.set,ger,fallschirm_rifle_39,0.4,vet_6,elite,0.1,0.1,0.0009,"['""mauzer_vet"" filled', '""ammo mauser_clip"" 120', '""ammo mg_mauser drum"" 50', '""bandage"" 5', '""grenade m39"" 2', '""grenade m24x5""']",0.00095,0.001,0.001,0.0,0.006999999999999999,0.006999999999999999,0.006999999999999999,0.006999999999999999,7,0.006999999999999999,0.0015,0.0015,0.0015,64.33500000000004,0.6433499999999999
./resource/gamelogic/set/breed/mp\ger\fallschirm_sa.set,ger,fallschirm_sa,0.4,vet_6,elite,0.1,0.1,0.0009,"['""g43"" filled', '""ammo g43_mag"" 20', '""ammo mauser_clip"" 100', '""ammo mg_mauser drum"" 50', '""bandage"" 5', '""grenade m39"" 2', '""grenade pwm1""']",0.00095,0.001,0.001,0.0,0.006999999999999999,0.006999999999999999,0.006999999999999999,0.006999999999999999,7,0.006999999999999999,0.0015,0.0015,0.0015,64.33500000000004,0.6433499999999999
./resource/gamelogic/set/breed/mp\ger\fallschirm_sa_41.set,ger,fallschirm_sa_41,0.4,vet_6,elite,0.1,0.1,0.0009,"['""g41"" filled', '""ammo mauser_clip"" 120', '""ammo mg_mauser drum"" 50', '""bandage"" 5', '""grenade m39"" 2', '""grenade pwm1""']",0.00095,0.001,0.001,0.0,0.006999999999999999,0.006999999999999999,0.006999999999999999,0.006999999999999999,7,0.006999999999999999,0.0015,0.0015,0.0015,64.33500000000004,0.6433499999999999
./resource/gamelogic/set/breed/mp\ger\fallschirm_sl.set,ger,fallschirm_sl,0.4,vet_6,elite,0.1,0.1,0.0009,"['""mp40"" filled', '""ammo mp40_mag"" 192', '""bandage"" 5', '""grenade m39"" 2', '""grenade pwm1""', '""smoke grenade"" 2']",0.00095,0.001,0.001,0.0,0.006999999999999999,0.006999999999999999,0.006999999999999999,0.006999999999999999,7,0.006999999999999999,0.0015,0.0015,0.0015,64.33500000000004,0.6433499999999999
./resource/gamelogic/set/breed/mp\ger\fallschirm_sl_40.set,ger,fallschirm_sl_40,0.4,vet_6,elite,0.1,0.1,0.0009,"['""mp40"" filled', '""ammo mp40_mag"" 192', '""bandage"" 5', '""grenade m39"" 2', '""grenade m24x5""', '""smoke grenade"" 2']",0.00095,0.001,0.001,0.0,0.006999999999999999,0.006999999999999999,0.006999999999999999,0.006999999999999999,7,0.006999999999999999,0.0015,0.0015,0.0015,64.33500000000004,0.6433499999999999
./resource/gamelogic/set/breed/mp\ger\fallschirm_sl_asst_fg_42.set,ger,fallschirm_sl_asst_fg_42,0.4,vet_6,elite,0.1,0.1,0.0009,"['""fg42_rifle"" filled', '""ammo fg42_mag"" 160', '""bandage"" 5', '""grenade m39"" 2', '""grenade m24x5""', '""smoke grenade"" 2']",0.00095,0.001,0.001,0.0,0.006999999999999999,0.006999999999999999,0.006999999999999999,0.006999999999999999,7,0.006999999999999999,0.0015,0.0015,0.0015,64.33500000000004,0.6433499999999999
./resource/gamelogic/set/breed/mp\ger\fallschirm_sl_asst_fg_43.set,ger,fallschirm_sl_asst_fg_43,0.4,vet_6,elite,0.1,0.1,0.0009,"['""fg42_rifle"" filled', '""ammo fg42_mag"" 160', '""bandage"" 5', '""grenade m39"" 2', '""grenade pwm1""', '""smoke grenade"" 2']",0.00095,0.001,0.001,0.0,0.006999999999999999,0.006999999999999999,0.006999999999999999,0.006999999999999999,7,0.006999999999999999,0.0015,0.0015,0.0015,64.33500000000004,0.6433499999999999
./resource/gamelogic/set/breed/mp\ger\fallschirm_sl_asst_fg_44.set,ger,fallschirm_sl_asst_fg_44,0.4,vet_6,elite,0.1,0.1,0.0009,"['""fg42_rifle"" filled', '""ammo fg42_mag"" 160', '""bandage"" 5', '""grenade m39"" 2', '""grenade pwm1""', '""smoke grenade"" 2', '""panzerfaust_30 weapon"" filled']",0.00095,0.001,0.001,0.0,0.006999999999999999,0.006999999999999999,0.006999999999999999,0.006999999999999999,7,0.006999999999999999,0.0015,0.0015,0.0015,64.33500000000004,0.6433499999999999
./resource/gamelogic/set/breed/mp\ger\fallschirm_sl_asst_smg.set,ger,fallschirm_sl_asst_smg,0.4,vet_6,elite,0.1,0.1,0.0009,"['""mp40"" filled', '""ammo mp40_mag"" 192', '""bandage"" 5', '""grenade m39"" 2', '""grenade m24x5""', '""smoke grenade"" 2']",0.00095,0.001,0.001,0.0,0.006999999999999999,0.006999999999999999,0.006999999999999999,0.006999999999999999,7,0.006999999999999999,0.0015,0.0015,0.0015,64.33500000000004,0.6433499999999999
./resource/gamelogic/set/breed/mp\ger\fallschirm_smg_40.set,ger,fallschirm_smg_40,0.4,vet_6,elite,0.1,0.1,0.0009,"['""mp40"" filled', '""ammo mp40_mag"" 192', '""bandage"" 5', '""grenade m39"" 2', '""grenade m24x5""']",0.00095,0.001,0.001,0.0,0.006999999999999999,0.006999999999999999,0.006999999999999999,0.006999999999999999,7,0.006999999999999999,0.0015,0.0015,0.0015,64.33500000000004,0.6433499999999999
./resource/gamelogic/set/breed/mp\ger\fallschirm_sniper.set,ger,fallschirm_sniper,0.4,vet_6,elite,0.1,0.1,0.0009,"['""mauzer_s"" filled', '""ammo mauser_clip"" 120', '""ammo mg_mauser drum"" 50', '""bandage"" 5', '""grenade m39"" 2']",0.00095,0.001,0.001,0.0,0.006999999999999999,0.006999999999999999,0.006999999999999999,0.006999999999999999,7,0.006999999999999999,0.0015,0.0015,0.0015,64.33500000000004,0.6433499999999999
./resource/gamelogic/set/breed/mp\ger\fallschirm_stg.set,ger,fallschirm_stg,0.4,vet_6,elite,0.1,0.1,0.0009,"['""sg44"" filled', '""ammo stg44_mag"" 180', '""bandage"" 5', '""grenade m39"" 2', '""grenade pwm1""', '""smoke grenade"" 1']",0.00095,0.001,0.001,0.0,0.006999999999999999,0.006999999999999999,0.006999999999999999,0.006999999999999999,7,0.006999999999999999,0.0015,0.0015,0.0015,64.33500000000004,0.6433499999999999
./resource/gamelogic/set/breed/mp\ger\flamer.set,ger,flamer,0.15,flamer,,0.1,0.1,0.0009,"['""flame_thrower_g""', '""balloon_g"" filled', '""bandage"" 3']",0.00075,0.001,0.0008,0.0,0.004,0.004,0.002,0.003,2,0.004,0.001,0.001,0.001,37.345000000000006,0.37345
./resource/gamelogic/set/breed/mp\ger\flamer2.set,ger,flamer2,0.15,flamer,1,0.1,0.1,0.0009,"['""mp40"" filled', '""ammo mp40_mag"" 192', '""bandage"" 3', '""grenade m24"" 2', '""grenade m24x5"" 1', '""smoke grenade"" 1']",0.00075,0.001,0.0008,0.0,0.004,0.004,0.002,0.003,2,0.004,0.001,0.001,0.001,37.345000000000006,0.37345
./resource/gamelogic/set/breed/mp\ger\fusilier_mg.set,ger,fusilier_mg,0.2,vet_5,1,0.1,0.1,0.0009,"['""mg42_inf"" filled', '""ammo mg_mauser drum"" 300', '""valter"" filled', '""ammo walther_mag"" 16', '""bandage"" 3', '""sandbag_kit""', '""barrel_case""']",0.00075,0.001,0.0008,0.0,0.005,0.003,0.005,0.004,2,0.005,0.00125,0.00125,0.00125,42.92,0.42919999999999997
./resource/gamelogic/set/breed/mp\ger\fusilier_mg_39.set,ger,fusilier_mg_39,0.2,vet_5,1,0.1,0.1,0.0009,"['""mg34"" filled', '""ammo mg_mauser drum"" 300', '""valter"" filled', '""ammo walther_mag"" 16', '""bandage"" 3', '""sandbag_kit""', '""barrel_case""']",0.00075,0.001,0.0008,0.0,0.005,0.003,0.005,0.004,2,0.005,0.00125,0.00125,0.00125,42.92,0.42919999999999997
./resource/gamelogic/set/breed/mp\ger\fusilier_mg_asst.set,ger,fusilier_mg_asst,0.2,vet_5,1,0.1,0.1,0.0009,"['""mauzer"" filled', '""ammo mauser_clip"" 60', '""ammo mg_mauser belt"" 600', '""bandage"" 3', '""sandbag_kit""']",0.00075,0.001,0.0008,0.0,0.004,0.003,0.005,0.005,2,0.005,0.00125,0.00125,0.00125,42.92,0.42919999999999997
./resource/gamelogic/set/breed/mp\ger\fusilier_pzfst.set,ger,fusilier_pzfst,0.2,vet_5,1,0.1,0.1,0.0009,"['""mauzer"" filled', '""ammo mauser_clip"" 60', '""ammo mg_mauser drum"" 50', '""bandage"" 3', '""grenade m24"" 2', '""grenade m24x5"" 0 1', '""sandbag_kit""', '""panzerfaust_60 weapon"" filled']",0.00075,0.001,0.0008,0.0,0.004,0.003,0.002,0.005,5,0.005,0.00125,0.00125,0.00125,42.620000000000005,0.42619999999999997
./resource/gamelogic/set/breed/mp\ger\fusilier_pzfst_sa.set,ger,fusilier_pzfst_sa,0.2,vet_5,1,0.1,0.1,0.0009,"['""g43"" filling ""ammo g43_mag"" 10', '""ammo g43_mag"" 20', '""ammo mauser_clip"" 60', '""ammo mg_mauser drum"" 50', '""bandage"" 3', '""grenade m24"" 2', '""grenade m24x5"" 0 1', '""sandbag_kit""', '""panzerfaust_60 weapon"" filled']",0.00075,0.001,0.0008,0.0,0.004,0.003,0.002,0.005,3,0.005,0.00125,0.00125,0.00125,42.620000000000005,0.42619999999999997
./resource/gamelogic/set/breed/mp\ger\fusilier_rifle.set,ger,fusilier_rifle,0.2,vet_5,1,0.1,0.1,0.0009,"['""mauzer"" filled', '""ammo mauser_clip"" 60', '""ammo mg_mauser drum"" 50', '""bandage"" 3', '""grenade m24"" 2', '""grenade m24x5"" 0 1', '""sandbag_kit""']",0.00075,0.001,0.0008,0.0,0.004,0.003,0.002,0.005,3,0.005,0.00125,0.00125,0.00125,42.620000000000005,0.42619999999999997
./resource/gamelogic/set/breed/mp\ger\fusilier_sa.set,ger,fusilier_sa,0.2,vet_5,1,0.1,0.1,0.0009,"['""g43"" filling ""ammo g43_mag"" 10', '""ammo g43_mag"" 20', '""ammo mauser_clip"" 60', '""ammo mg_mauser drum"" 50', '""bandage"" 3', '""grenade m24"" 2', '""grenade m24x5"" 0 1', '""sandbag_kit""']",0.00075,0.001,0.0008,0.0,0.004,0.003,0.002,0.005,3,0.005,0.00125,0.00125,0.00125,42.620000000000005,0.42619999999999997
./resource/gamelogic/set/breed/mp\ger\fusilier_sa_41.set,ger,fusilier_sa_41,0.2,vet_5,1,0.1,0.1,0.0009,"['""g41"" filled', '""ammo mauser_clip"" 80', '""ammo mg_mauser drum"" 50', '""bandage"" 3', '""grenade m24"" 2', '""grenade m24x5"" 0 1', '""sandbag_kit""']",0.00075,0.001,0.0008,0.0,0.004,0.003,0.002,0.005,3,0.005,0.00125,0.00125,0.00125,42.620000000000005,0.42619999999999997
./resource/gamelogic/set/breed/mp\ger\fusilier_sl.set,ger,fusilier_sl,0.2,vet_5,1,0.1,0.1,0.0009,"['""mp40"" filled', '""ammo mp40_mag"" 192', '""bandage"" 3', '""grenade m24"" 2', '""grenade m24x5"" 0 1', '""smoke grenade"" 2']",0.00085,0.001,0.0009,0.0,0.005,0.005,0.004,0.005,4,0.005,0.00125,0.00125,0.00125,43.14000000000001,0.4314
./resource/gamelogic/set/breed/mp\ger\fusilier_sl_asst.set,ger,fusilier_sl_asst,0.2,vet_5,1,0.1,0.1,0.0009,"['""mauzer"" filled', '""ammo mauser_clip"" 60', '""ammo mg_mauser drum"" 50', '""bandage"" 3', '""grenade m24"" 2', '""grenade m24x5"" 0 1', '""smoke grenade""', '""sandbag_kit""']",0.00075,0.001,0.0008,0.0,0.005,0.004,0.004,0.005,4,0.005,0.00125,0.00125,0.00125,43.02,0.43019999999999997
./resource/gamelogic/set/breed/mp\ger\fusilier_smg.set,ger,fusilier_smg,0.2,vet_5,1,0.1,0.1,0.0009,"['""mp40"" filled', '""ammo mp40_mag"" 192', '""bandage"" 3', '""grenade m24"" 2', '""grenade m24x5"" 0 1']",0.00075,0.001,0.0008,0.0,0.004,0.005,0.002,0.003,3,0.005,0.00125,0.00125,0.00125,42.620000000000005,0.42619999999999997
./resource/gamelogic/set/breed/mp\ger\fusilier_stg.set,ger,fusilier_stg,0.2,vet_5,1,0.1,0.1,0.0009,"['""sg44"" filled', '""ammo stg44_mag"" 180', '""bandage"" 3', '""grenade m24"" 2', '""grenade m24x5"" 0 1']",0.00075,0.001,0.0008,0.0,0.004,0.005,0.002,0.003,3,0.005,0.00125,0.00125,0.00125,42.620000000000005,0.42619999999999997
./resource/gamelogic/set/breed/mp\ger\gd_pzgren_mg.set,ger,gd_pzgren_mg,0.2,vet_7,lvl5,0.1,0.1,0.0009,"['""mg42_inf_250"" filled', '""ammo mg_mauser belt"" 300', '""valter"" filled', '""ammo walther_mag"" 16', '""bandage"" 5', '""grenade m39"" 2', '""sandbag_kit""', '""barrel_case""']",0.00085,0.001,0.0009,0.0,0.004,0.003,0.005,0.005,4,0.005,0.0017499999999999998,0.0017499999999999998,0.0017499999999999998,43.089999999999996,0.4309
./resource/gamelogic/set/breed/mp\ger\gd_pzgren_mg_asst.set,ger,gd_pzgren_mg_asst,0.2,vet_7,lvl5,0.1,0.1,0.0009,"['""mauzer"" filled', '""ammo mauser_clip"" 60', '""ammo mg_mauser belt"" 600', '""bandage"" 5', '""grenade m39"" 2', '""sandbag_kit""']",0.00085,0.001,0.0009,0.0,0.004,0.003,0.005,0.005,4,0.005,0.0017499999999999998,0.0017499999999999998,0.0017499999999999998,43.089999999999996,0.4309
./resource/gamelogic/set/breed/mp\ger\gd_pzgren_pzfst_sa.set,ger,gd_pzgren_pzfst_sa,0.2,vet_7,lvl5,0.1,0.1,0.0009,"['""g43"" filling ""ammo g43_mag"" 10', '""ammo g43_mag"" 20', '""ammo mauser_clip"" 60', '""ammo mg_mauser drum"" 50', '""bandage"" 5', '""grenade m39"" 2', '""smoke grenade"" 1', '""panzerfaust_60 weapon"" filled', '""sandbag_kit""']",0.00085,0.001,0.0009,0.0,0.004,0.003,0.003,0.005,5,0.005,0.0017499999999999998,0.0017499999999999998,0.0017499999999999998,42.88999999999999,0.4289
./resource/gamelogic/set/breed/mp\ger\gd_pzgren_pzfst_stg.set,ger,gd_pzgren_pzfst_stg,0.2,vet_7,lvl5,0.1,0.1,0.0009,"['""sg44"" filled', '""ammo stg44_mag"" 180', '""bandage"" 5', '""grenade m39"" 2', '""grenade m24x5""', '""panzerfaust_60 weapon"" filled']",0.00085,0.001,0.0009,0.0,0.004,0.005,0.003,0.003,5,0.005,0.0017499999999999998,0.0017499999999999998,0.0017499999999999998,42.88999999999999,0.4289
./resource/gamelogic/set/breed/mp\ger\gd_pzgren_rifle.set,ger,gd_pzgren_rifle,0.2,vet_7,lvl5,0.1,0.1,0.0009,"['""mauzer_vet"" filled', '""ammo mauser_clip"" 60', '""ammo mg_mauser drum"" 50', '""bandage"" 5', '""grenade m39"" 2', '""grenade m24x5""', '""smoke grenade"" 1', '""sandbag_kit""']",0.00085,0.001,0.0009,0.0,0.004,0.003,0.003,0.005,4,0.005,0.0017499999999999998,0.0017499999999999998,0.0017499999999999998,42.88999999999999,0.4289
./resource/gamelogic/set/breed/mp\ger\gd_pzgren_sa.set,ger,gd_pzgren_sa,0.2,vet_7,lvl5,0.1,0.1,0.0009,"['""g43"" filling ""ammo g43_mag"" 10', '""ammo g43_mag"" 20', '""ammo mauser_clip"" 60', '""ammo mg_mauser drum"" 50', '""bandage"" 5', '""grenade m39"" 2', '""grenade m24x5""', '""smoke grenade"" 1', '""sandbag_kit""']",0.00085,0.001,0.0009,0.0,0.004,0.003,0.003,0.005,4,0.005,0.0017499999999999998,0.0017499999999999998,0.0017499999999999998,42.88999999999999,0.4289
./resource/gamelogic/set/breed/mp\ger\gd_pzgren_sa_scope.set,ger,gd_pzgren_sa_scope,0.2,vet_7,lvl5,0.1,0.1,0.0009,"['""g43_scope"" filling ""ammo g43_mag"" 10', '""ammo g43_mag"" 20', '""ammo mauser_clip"" 60', '""ammo mg_mauser drum"" 50', '""bandage"" 5', '""grenade m39"" 2', '""grenade m24x5""']",0.00085,0.001,0.0009,0.0,0.004,0.003,0.003,0.005,4,0.005,0.0017499999999999998,0.0017499999999999998,0.0017499999999999998,42.88999999999999,0.4289
./resource/gamelogic/set/breed/mp\ger\gd_pzgren_sl_asst.set,ger,gd_pzgren_sl_asst,0.2,vet_7,lvl5,0.1,0.1,0.0009,"['""mauzer_vet"" filled', '""ammo mauser_clip"" 60', '""ammo mg_mauser drum"" 50', '""bandage"" 5', '""grenade m39"" 2', '""grenade m24x5""', '""smoke grenade"" 2']",0.00085,0.001,0.0009,0.0,0.004,0.003,0.003,0.005,4,0.005,0.0017499999999999998,0.0017499999999999998,0.0017499999999999998,42.88999999999999,0.4289
./resource/gamelogic/set/breed/mp\ger\gd_pzgren_sl_asst_stg.set,ger,gd_pzgren_sl_asst_stg,0.2,vet_7,lvl5,0.1,0.1,0.0009,"['""sg44"" filled', '""ammo stg44_mag"" 180', '""bandage"" 5', '""grenade m39"" 2', '""grenade m24x5""', '""smoke grenade"" 2', '""panzerfaust weapon"" filled']",0.00085,0.001,0.0009,0.0,0.004,0.005,0.003,0.003,5,0.005,0.0017499999999999998,0.0017499999999999998,0.0017499999999999998,42.88999999999999,0.4289
./resource/gamelogic/set/breed/mp\ger\gd_pzgren_sl_smg.set,ger,gd_pzgren_sl_smg,0.2,vet_7,lvl5,0.1,0.1,0.0009,"['""mp40"" filled', '""ammo mp40_mag"" 192', '""bandage"" 5', '""grenade m39"" 2', '""grenade m24x5""', '""smoke grenade"" 2']",0.00085,0.001,0.0009,0.0,0.004,0.005,0.003,0.003,4,0.005,0.0017499999999999998,0.0017499999999999998,0.0017499999999999998,42.88999999999999,0.4289
./resource/gamelogic/set/breed/mp\ger\gd_pzgren_sl_stg.set,ger,gd_pzgren_sl_stg,0.2,vet_7,lvl5,0.1,0.1,0.0009,"['""sg44"" filled', '""ammo stg44_mag"" 180', '""bandage"" 5', '""grenade m39"" 2', '""grenade m24x5""', '""smoke grenade"" 2']",0.00085,0.001,0.0009,0.0,0.004,0.005,0.003,0.003,4,0.005,0.0017499999999999998,0.0017499999999999998,0.0017499999999999998,42.88999999999999,0.4289
./resource/gamelogic/set/breed/mp\ger\gd_pzgren_stg.set,ger,gd_pzgren_stg,0.2,vet_7,lvl5,0.1,0.1,0.0009,"['""sg44"" filled', '""ammo stg44_mag"" 180', '""bandage"" 5', '""grenade m39"" 2', '""grenade m24x5""', '""smoke grenade"" 1']",0.00085,0.001,0.0009,0.0,0.004,0.005,0.003,0.003,4,0.005,0.0017499999999999998,0.0017499999999999998,0.0017499999999999998,42.88999999999999,0.4289
./resource/gamelogic/set/breed/mp\ger\gebirgsjager1.set,ger,gebirgsjager1,0.4,vet_7,elite,0.1,0.125,0.001,"['""g43_scope"" filling ""ammo g43_mag"" 10', '""ammo g43_mag"" 20', '""ammo mauser_clip"" 60', '""bandage"" 5', '""grenade m24"" 2', '""grenade m24x5""', '""dynamite""']",0.00095,0.001,0.001,0.0,0.006999999999999999,0.006999999999999999,0.006999999999999999,0.006999999999999999,7,0.006999999999999999,0.0017499999999999998,0.0017499999999999998,0.0017499999999999998,66.92,0.6692000000000001
./resource/gamelogic/set/breed/mp\ger\gebirgsjager_mg.set,ger,gebirgsjager_mg,0.4,vet_7,elite,0.1,0.125,0.001,"['""mg42_inf_250"" filled', '""ammo mg_mauser belt"" 300', '""valter"" filled', '""ammo walther_mag"" 16', '""bandage"" 5', '""m24 grenade""', '""barrel_case""']",0.00095,0.001,0.001,0.0,0.006999999999999999,0.006999999999999999,0.006999999999999999,0.006999999999999999,7,0.006999999999999999,0.0017499999999999998,0.0017499999999999998,0.0017499999999999998,66.92,0.6692000000000001
./resource/gamelogic/set/breed/mp\ger\gebirgsjager_mg_41.set,ger,gebirgsjager_mg_41,0.4,vet_7,elite,0.1,0.125,0.001,"['""mg34"" filled', '""ammo mg_mauser drum"" 300', '""valter"" filled', '""ammo walther_mag"" 16', '""bandage"" 5', '""m24 grenade""', '""barrel_case""']",0.00095,0.001,0.001,0.0,0.006999999999999999,0.006999999999999999,0.006999999999999999,0.006999999999999999,7,0.006999999999999999,0.0017499999999999998,0.0017499999999999998,0.0017499999999999998,66.92,0.6692000000000001
./resource/gamelogic/set/breed/mp\ger\gebirgsjager_mg_asst.set,ger,gebirgsjager_mg_asst,0.4,vet_7,elite,0.1,0.125,0.001,"['""mauzer"" filled', '""ammo mauser_clip"" 60', '""ammo mg_mauser belt"" 600', '""bandage"" 5']",0.00095,0.001,0.001,0.0,0.006999999999999999,0.006999999999999999,0.006999999999999999,0.006999999999999999,7,0.006999999999999999,0.0017499999999999998,0.0017499999999999998,0.0017499999999999998,66.92,0.6692000000000001
./resource/gamelogic/set/breed/mp\ger\gebirgsjager_pzfst.set,ger,gebirgsjager_pzfst,0.4,vet_7,elite,0.1,0.125,0.001,"['""mauzer_vet"" filled', '""ammo mauser_clip"" 60', '""ammo mg_mauser drum"" 50', '""bandage"" 5', '""grenade m24"" 2', '""panzerfaust weapon"" filled']",0.00095,0.001,0.001,0.0,0.006999999999999999,0.006999999999999999,0.006999999999999999,0.006999999999999999,7,0.006999999999999999,0.0017499999999999998,0.0017499999999999998,0.0017499999999999998,66.92,0.6692000000000001
./resource/gamelogic/set/breed/mp\ger\gebirgsjager_pzfst_sa.set,ger,gebirgsjager_pzfst_sa,0.4,vet_7,elite,0.1,0.125,0.001,"['""g43"" filling ""ammo g43_mag"" 10', '""ammo g43_mag"" 20', '""ammo mauser_clip"" 60', '""ammo mg_mauser drum"" 50', '""bandage"" 5', '""grenade m24"" 2', '""smoke grenade"" 1', '""panzerfaust weapon"" filled']",0.00095,0.001,0.001,0.0,0.006999999999999999,0.006999999999999999,0.006999999999999999,0.006999999999999999,7,0.006999999999999999,0.0017499999999999998,0.0017499999999999998,0.0017499999999999998,66.92,0.6692000000000001
./resource/gamelogic/set/breed/mp\ger\gebirgsjager_rifle.set,ger,gebirgsjager_rifle,0.4,vet_7,elite,0.1,0.125,0.001,"['""mauzer_vet"" filled', '""ammo mauser_clip"" 60', '""ammo mg_mauser drum"" 50', '""bandage"" 5', '""grenade m24"" 2', '""grenade m24x5""']",0.00095,0.001,0.001,0.0,0.006999999999999999,0.006999999999999999,0.006999999999999999,0.006999999999999999,7,0.006999999999999999,0.0017499999999999998,0.0017499999999999998,0.0017499999999999998,66.92,0.6692000000000001
./resource/gamelogic/set/breed/mp\ger\gebirgsjager_sa.set,ger,gebirgsjager_sa,0.4,vet_7,elite,0.1,0.125,0.001,"['""g43"" filling ""ammo g43_mag"" 10', '""ammo g43_mag"" 20', '""ammo mauser_clip"" 60', '""ammo mg_mauser drum"" 50', '""bandage"" 5', '""grenade m24"" 2', '""grenade m24x5""', '""smoke grenade"" 1']",0.00095,0.001,0.001,0.0,0.006999999999999999,0.006999999999999999,0.006999999999999999,0.006999999999999999,7,0.006999999999999999,0.0017499999999999998,0.0017499999999999998,0.0017499999999999998,66.92,0.6692000000000001
./resource/gamelogic/set/breed/mp\ger\gebirgsjager_sa_41.set,ger,gebirgsjager_sa_41,0.4,vet_7,elite,0.1,0.125,0.001,"['""g41"" filled', '""ammo mauser_clip"" 80', '""ammo mg_mauser drum"" 50', '""bandage"" 5', '""grenade m24"" 2', '""grenade m24x5""', '""smoke grenade"" 1']",0.00095,0.001,0.001,0.0,0.006999999999999999,0.006999999999999999,0.006999999999999999,0.006999999999999999,7,0.006999999999999999,0.0017499999999999998,0.0017499999999999998,0.0017499999999999998,66.92,0.6692000000000001
./resource/gamelogic/set/breed/mp\ger\gebirgsjager_sl_asst_smg.set,ger,gebirgsjager_sl_asst_smg,0.4,vet_7,elite,0.1,0.125,0.001,"['""mp40"" filled', '""ammo mp40_mag"" 192', '""bandage"" 5', '""grenade m24"" 2', '""smoke grenade"" 2']",0.00095,0.001,0.001,0.0,0.006999999999999999,0.006999999999999999,0.006999999999999999,0.006999999999999999,7,0.006999999999999999,0.0017499999999999998,0.0017499999999999998,0.0017499999999999998,66.92,0.6692000000000001
./resource/gamelogic/set/breed/mp\ger\gebirgsjager_sl_asst_stg.set,ger,gebirgsjager_sl_asst_stg,0.4,vet_7,elite,0.1,0.125,0.001,"['""sg44"" filled', '""ammo stg44_mag"" 180', '""bandage"" 5', '""grenade m24"" 2', '""smoke grenade"" 2']",0.00095,0.001,0.001,0.0,0.006999999999999999,0.006999999999999999,0.006999999999999999,0.006999999999999999,7,0.006999999999999999,0.0017499999999999998,0.0017499999999999998,0.0017499999999999998,66.92,0.6692000000000001
./resource/gamelogic/set/breed/mp\ger\gebirgsjager_sl_smg.set,ger,gebirgsjager_sl_smg,0.4,vet_7,elite,0.1,0.125,0.001,"['""mp40"" filled', '""ammo mp40_mag"" 192', '""bandage"" 5', '""grenade m24"" 2', '""smoke grenade"" 2']",0.00095,0.001,0.001,0.0,0.006999999999999999,0.006999999999999999,0.006999999999999999,0.006999999999999999,7,0.006999999999999999,0.0017499999999999998,0.0017499999999999998,0.0017499999999999998,66.92,0.6692000000000001
./resource/gamelogic/set/breed/mp\ger\gebirgsjager_sl_stg.set,ger,gebirgsjager_sl_stg,0.4,vet_7,elite,0.1,0.125,0.001,"['""sg44"" filled', '""ammo stg44_mag"" 180', '""bandage"" 5', '""grenade m24"" 2', '""smoke grenade"" 2']",0.00095,0.001,0.001,0.0,0.006999999999999999,0.006999999999999999,0.006999999999999999,0.006999999999999999,7,0.006999999999999999,0.0017499999999999998,0.0017499999999999998,0.0017499999999999998,66.92,0.6692000000000001
./resource/gamelogic/set/breed/mp\ger\gebirgsjager_smg.set,ger,gebirgsjager_smg,0.4,vet_7,elite,0.1,0.125,0.001,"['""mp40"" filled', '""ammo mp40_mag"" 192', '""bandage"" 5', '""grenade m24"" 2', '""smoke grenade"" 2']",0.00095,0.001,0.001,0.0,0.006999999999999999,0.006999999999999999,0.006999999999999999,0.006999999999999999,7,0.006999999999999999,0.0017499999999999998,0.0017499999999999998,0.0017499999999999998,66.92,0.6692000000000001
./resource/gamelogic/set/breed/mp\ger\gebirgsjager_stg.set,ger,gebirgsjager_stg,0.4,vet_7,elite,0.1,0.125,0.001,"['""sg44"" filled', '""ammo stg44_mag"" 180', '""bandage"" 5', '""grenade m24"" 2', '""grenade m24x5""', '""smoke grenade"" 1']",0.00095,0.001,0.001,0.0,0.006999999999999999,0.006999999999999999,0.006999999999999999,0.006999999999999999,7,0.006999999999999999,0.0017499999999999998,0.0017499999999999998,0.0017499999999999998,66.92,0.6692000000000001
./resource/gamelogic/set/breed/mp\ger\grenadier_mg.set,ger,grenadier_mg,0.15,vet_4,1,0.1,0.1,0.0009,"['""mg42_inf"" filled', '""ammo mg_mauser drum"" 300', '""valter"" filled', '""ammo walther_mag"" 16', '""bandage"" 3', '""sandbag_kit""', '""barrel_case""']",0.00075,0.001,0.0008,0.0,0.004,0.003,0.004,0.003,2,0.004,0.001,0.001,0.001,37.445,0.37445
./resource/gamelogic/set/breed/mp\ger\grenadier_mg_39.set,ger,grenadier_mg_39,0.15,vet_4,1,0.1,0.1,0.0009,"['""mg34"" filled', '""ammo mg_mauser drum"" 300', '""valter"" filled', '""ammo walther_mag"" 16', '""bandage"" 3', '""sandbag_kit""', '""barrel_case""']",0.00075,0.001,0.0008,0.0,0.004,0.003,0.004,0.003,2,0.004,0.001,0.001,0.001,37.445,0.37445
./resource/gamelogic/set/breed/mp\ger\grenadier_mg_asst.set,ger,grenadier_mg_asst,0.15,vet_4,1,0.1,0.1,0.0009,"['""mauzer"" filled', '""ammo mauser_clip"" 60', '""ammo mg_mauser belt"" 600', '""bandage"" 3', '""sandbag_kit""']",0.00075,0.001,0.0008,0.0,0.004,0.003,0.004,0.004,2,0.004,0.001,0.001,0.001,37.545,0.37545
./resource/gamelogic/set/breed/mp\ger\grenadier_ober.set,ger,grenadier_ober,0.2,vet_5,,0.1,0.1,0.0009,"['""mauzer"" filled', '""ammo mauser_clip"" 60', '""ammo mg_mauser drum"" 50', '""bandage"" 5', '""grenade m24"" 2', '""grenade m24x5"" -1 2', '""smoke grenade""', '""sandbag_kit""']",0.00075,0.001,0.0008,0.0,0.005,0.004,0.004,0.005,3,0.005,0.00125,0.00125,0.00125,43.02,0.43019999999999997
./resource/gamelogic/set/breed/mp\ger\grenadier_ober_44.set,ger,grenadier_ober_44,0.2,vet_5,1,0.1,0.1,0.0009,"['""mauzer"" filled', '""ammo mauser_clip"" 60', '""ammo mg_mauser drum"" 50', '""bandage"" 3', '""grenade m24"" 2', '""grenade m24x5"" -1 2', '""smoke grenade""', '""sandbag_kit""', '""panzerfaust_60 weapon"" 0 1 filled']",0.00075,0.001,0.0008,0.0,0.005,0.004,0.004,0.005,3,0.005,0.00125,0.00125,0.00125,43.02,0.43019999999999997
./resource/gamelogic/set/breed/mp\ger\grenadier_pzfst.set,ger,grenadier_pzfst,0.15,vet_4,,0.1,0.1,0.0009,"['""mauzer"" filled', '""ammo mauser_clip"" 60', '""ammo mg_mauser drum"" 50', '""bandage"" 3', '""grenade m24"" 2', '""sandbag_kit""', '""grenade m24x5"" -1 2', '""panzerfaust weapon"" filled']",0.00075,0.001,0.0008,0.0,0.004,0.003,0.002,0.004,4,0.004,0.001,0.001,0.001,37.345000000000006,0.37345
./resource/gamelogic/set/breed/mp\ger\grenadier_rifle.set,ger,grenadier_rifle,0.15,vet_4,1,0.1,0.1,0.0009,"['""mauzer"" filled', '""ammo mauser_clip"" 60', '""ammo mg_mauser drum"" 50', '""bandage"" 3', '""grenade m24"" 2', '""grenade m24x5"" -1 2', '""sandbag_kit""']",0.00075,0.001,0.0008,0.0,0.004,0.003,0.002,0.004,2,0.004,0.001,0.001,0.001,37.345000000000006,0.37345
./resource/gamelogic/set/breed/mp\ger\grenadier_rifle_44.set,ger,grenadier_rifle_44,0.15,vet_4,1,0.1,0.1,0.0009,"['""mauzer"" filled', '""ammo mauser_clip"" 60', '""ammo mg_mauser drum"" 50', '""bandage"" 3', '""grenade m24"" 2', '""sandbag_kit""', '""grenade m24x5"" -1 2', '""panzerfaust_60 weapon"" 0 1 filled']",0.00075,0.001,0.0008,0.0,0.004,0.003,0.002,0.004,2,0.004,0.001,0.001,0.001,37.345000000000006,0.37345
./resource/gamelogic/set/breed/mp\ger\grenadier_rifle_grenadier.set,ger,grenadier_rifle_grenadier,0.15,vet_4,1,0.1,0.1,0.0009,"['""mauzer"" filled', '""ammo mauser_clip"" 60', '""ammo mg_mauser drum"" 50', '""bandage"" 3', '""k98_gewehrgranat"" filling ""k98_grenade fg"" 1', '""k98_grenade fg"" 6 1', '""k98_grenade ap"" 1 1', '""sandbag_kit""']",0.00075,0.001,0.0008,0.0,0.004,0.003,0.002,0.004,2,0.004,0.001,0.001,0.001,37.345000000000006,0.37345
./resource/gamelogic/set/breed/mp\ger\grenadier_sa.set,ger,grenadier_sa,0.15,vet_4,1,0.1,0.1,0.0009,"['""g43"" filling ""ammo g43_mag"" 10', '""ammo g43_mag"" 20', '""ammo mauser_clip"" 60', '""ammo mg_mauser drum"" 50', '""bandage"" 3', '""grenade m24"" 2', '""grenade m24x5"" -1 2', '""sandbag_kit""']",0.00075,0.001,0.0008,0.0,0.004,0.003,0.002,0.004,2,0.004,0.001,0.001,0.001,37.345000000000006,0.37345
./resource/gamelogic/set/breed/mp\ger\grenadier_sa_41.set,ger,grenadier_sa_41,0.15,vet_4,1,0.1,0.1,0.0009,"['""g41"" filled', '""ammo mauser_clip"" 80', '""ammo mg_mauser drum"" 50', '""bandage"" 3', '""grenade m24"" 2', '""grenade m24x5"" -1 2', '""sandbag_kit""']",0.00075,0.001,0.0008,0.0,0.004,0.003,0.002,0.004,2,0.004,0.001,0.001,0.001,37.345000000000006,0.37345
./resource/gamelogic/set/breed/mp\ger\grenadier_sa_44.set,ger,grenadier_sa_44,0.15,vet_4,1,0.1,0.1,0.0009,"['""g43"" filling ""ammo g43_mag"" 10', '""ammo g43_mag"" 20', '""ammo mauser_clip"" 60', '""ammo mg_mauser drum"" 50', '""bandage"" 3', '""grenade m24"" 2', '""grenade m24x5"" -1 2', '""sandbag_kit""', '""panzerfaust_60 weapon"" 0 1 filled']",0.00075,0.001,0.0008,0.0,0.004,0.003,0.002,0.004,2,0.004,0.001,0.001,0.001,37.345000000000006,0.37345
./resource/gamelogic/set/breed/mp\ger\grenadier_smg.set,ger,grenadier_smg,0.15,vet_4,1,0.1,0.1,0.0009,"['""mp40"" filled', '""ammo mp40_mag"" 192', '""bandage"" 3', '""grenade m24"" 2', '""grenade m24x5"" -1 2']",0.00075,0.001,0.0008,0.0,0.004,0.004,0.002,0.003,2,0.004,0.001,0.001,0.001,37.345000000000006,0.37345
./resource/gamelogic/set/breed/mp\ger\grenadier_smg_39.set,ger,grenadier_smg_39,0.15,vet_4,1,0.1,0.1,0.0009,"['""mp38"" filled', '""ammo mp40_mag"" 192', '""bandage"" 3', '""grenade m24"" 2', '""grenade m24x5"" -1 2']",0.00075,0.001,0.0008,0.0,0.004,0.004,0.002,0.003,2,0.004,0.001,0.001,0.001,37.345000000000006,0.37345
./resource/gamelogic/set/breed/mp\ger\grenadier_stg.set,ger,grenadier_stg,0.15,vet_4,1,0.1,0.1,0.0009,"['""sg44"" filled', '""ammo stg44_mag"" 180', '""bandage"" 3', '""grenade m24"" 2', '""grenade m24x5"" -1 2', '""panzerfaust_60 weapon"" 0 1 filled']",0.00075,0.001,0.0008,0.0,0.004,0.004,0.002,0.003,2,0.004,0.001,0.001,0.001,37.345000000000006,0.37345
./resource/gamelogic/set/breed/mp\ger\grenadier_stg_42.set,ger,grenadier_stg_42,0.15,vet_4,1,0.1,0.1,0.0009,"['""mkb42"" filled', '""ammo stg44_mag"" 180', '""bandage"" 3', '""grenade m24"" 2', '""grenade m24x5"" -1 2']",0.00075,0.001,0.0008,0.0,0.004,0.004,0.002,0.003,2,0.004,0.001,0.001,0.001,37.345000000000006,0.37345
./resource/gamelogic/set/breed/mp\ger\grenadier_stg_43.set,ger,grenadier_stg_43,0.15,vet_4,1,0.1,0.1,0.0009,"['""mp43"" filled', '""ammo stg44_mag"" 180', '""bandage"" 3', '""grenade m24"" 2', '""grenade m24x5"" -1 2']",0.00075,0.001,0.0008,0.0,0.004,0.004,0.002,0.003,2,0.004,0.001,0.001,0.001,37.345000000000006,0.37345
./resource/gamelogic/set/breed/mp\ger\home_guard.set,ger,home_guard,0.1,vet_1,1,0.1,0.1,0.0008,"['""mauzer"" filled', '""ammo mauser_clip"" 60', '""bandage"" 3', '""faustpatrone_30 weapon"" 0 1 filled']",0.00075,0.0008,0.0008,0.0,0.001,0.001,0.001,0.001,2,0.002,0.00025,0.00025,0.00025,30.989999999999995,0.3099
./resource/gamelogic/set/breed/mp\ger\home_guard2.set,ger,home_guard2,0.1,vet_1,1,0.1,0.1,0.0008,"['""mp3008"" filled', '""ammo mp40_mag"" 192', '""bandage"" 3', '""faustpatrone_30 weapon"" 0 1 filled']",0.00075,0.0008,0.0008,0.0,0.001,0.001,0.001,0.001,2,0.002,0.00025,0.00025,0.00025,30.989999999999995,0.3099
./resource/gamelogic/set/breed/mp\ger\home_guard3.set,ger,home_guard3,0.1,vet_1,1,0.1,0.1,0.0008,"['""mauzer"" filled', '""ammo mauser_clip"" 60', '""bandage"" 3', '""panzerfaust_30 weapon"" 0 1 filled']",0.00075,0.0008,0.0008,0.0,0.001,0.001,0.001,0.001,2,0.002,0.00025,0.00025,0.00025,30.989999999999995,0.3099
./resource/gamelogic/set/breed/mp\ger\home_guard4.set,ger,home_guard4,0.1,vet_1,1,0.1,0.1,0.0008,"['""vsg"" filled', '""ammo stg44_mag"" 180', '""bandage"" 3', '""panzerfaust_60 weapon"" 0 1 filled']",0.00075,0.0008,0.0008,0.0,0.001,0.001,0.001,0.001,2,0.002,0.00025,0.00025,0.00025,30.989999999999995,0.3099
./resource/gamelogic/set/breed/mp\ger\jager_mg.set,ger,jager_mg,0.2,vet_5,1,0.1,0.1,0.0009,"['""mg42_inf"" filled', '""ammo mg_mauser drum"" 300', '""valter"" filled', '""ammo walther_mag"" 16', '""bandage"" 3', '""sandbag_kit""', '""barrel_case""']",0.00075,0.001,0.0008,0.0,0.005,0.003,0.005,0.004,2,0.005,0.00125,0.00125,0.00125,42.92,0.42919999999999997
./resource/gamelogic/set/breed/mp\ger\jager_mg_asst.set,ger,jager_mg_asst,0.2,vet_5,1,0.1,0.1,0.0009,"['""mauzer"" filled', '""ammo mauser_clip"" 60', '""ammo mg_mauser belt"" 600', '""bandage"" 3', '""sandbag_kit""']",0.00075,0.001,0.0008,0.0,0.004,0.003,0.005,0.005,2,0.005,0.00125,0.00125,0.00125,42.92,0.42919999999999997
./resource/gamelogic/set/breed/mp\ger\jager_pzfst.set,ger,jager_pzfst,0.2,vet_5,1,0.1,0.1,0.0009,"['""mauzer"" filled', '""ammo mauser_clip"" 60', '""ammo mg_mauser drum"" 50', '""bandage"" 3', '""grenade m24"" 2', '""grenade m24x5"" 0 1', '""panzerfaust_60 weapon"" filled']",0.00075,0.001,0.0008,0.0,0.004,0.003,0.002,0.005,5,0.005,0.00125,0.00125,0.00125,42.620000000000005,0.42619999999999997
./resource/gamelogic/set/breed/mp\ger\jager_rifle.set,ger,jager_rifle,0.2,vet_5,1,0.1,0.1,0.0009,"['""mauzer"" filled', '""ammo mauser_clip"" 60', '""ammo mg_mauser drum"" 50', '""bandage"" 3', '""grenade m24"" 2', '""grenade m24x5"" 0 1']",0.00075,0.001,0.0008,0.0,0.004,0.003,0.002,0.005,3,0.005,0.00125,0.00125,0.00125,42.620000000000005,0.42619999999999997
./resource/gamelogic/set/breed/mp\ger\jager_sa.set,ger,jager_sa,0.2,vet_5,1,0.1,0.1,0.0009,"['""g43"" filling ""ammo g43_mag"" 10', '""ammo g43_mag"" 20', '""ammo mauser_clip"" 60', '""ammo mg_mauser drum"" 50', '""bandage"" 3', '""grenade m24"" 2', '""grenade m24x5"" 0 1']",0.00075,0.001,0.0008,0.0,0.004,0.003,0.002,0.005,3,0.005,0.00125,0.00125,0.00125,42.620000000000005,0.42619999999999997
./resource/gamelogic/set/breed/mp\ger\jager_sa_41.set,ger,jager_sa_41,0.2,vet_5,1,0.1,0.1,0.0009,"['""g41"" filled', '""ammo mauser_clip"" 80', '""ammo mg_mauser drum"" 50', '""bandage"" 3', '""grenade m24"" 2', '""grenade m24x5"" 0 1']",0.00075,0.001,0.0008,0.0,0.004,0.003,0.002,0.005,3,0.005,0.00125,0.00125,0.00125,42.620000000000005,0.42619999999999997
./resource/gamelogic/set/breed/mp\ger\jager_sl_smg.set,ger,jager_sl_smg,0.2,vet_5,1,0.1,0.1,0.0009,"['""mp40"" filled', '""ammo mp40_mag"" 192', '""bandage"" 3', '""grenade m24"" 2', '""grenade m24x5"" 0 1', '""smoke grenade"" 2']",0.00085,0.001,0.0009,0.0,0.005,0.005,0.004,0.005,4,0.005,0.00125,0.00125,0.00125,43.14000000000001,0.4314
./resource/gamelogic/set/breed/mp\ger\jager_sl_smg_asst.set,ger,jager_sl_smg_asst,0.2,vet_5,1,0.1,0.1,0.0009,"['""mp40"" filled', '""ammo mp40_mag"" 192', '""bandage"" 3', '""grenade m24"" 2', '""grenade m24x5"" 0 1', '""smoke grenade"" 2']",0.00085,0.001,0.0009,0.0,0.005,0.005,0.004,0.005,4,0.005,0.00125,0.00125,0.00125,43.14000000000001,0.4314
./resource/gamelogic/set/breed/mp\ger\jager_sl_stg.set,ger,jager_sl_stg,0.2,vet_5,1,0.1,0.1,0.0009,"['""sg44"" filled', '""ammo stg44_mag"" 180', '""bandage"" 3', '""grenade m24"" 2', '""grenade m24x5"" 0 1', '""smoke grenade"" 2']",0.00085,0.001,0.0009,0.0,0.005,0.005,0.004,0.005,4,0.005,0.00125,0.00125,0.00125,43.14000000000001,0.4314
./resource/gamelogic/set/breed/mp\ger\jager_sl_stg_asst.set,ger,jager_sl_stg_asst,0.2,vet_5,1,0.1,0.1,0.0009,"['""sg44"" filled', '""ammo stg44_mag"" 180', '""bandage"" 3', '""grenade m24"" 2', '""grenade m24x5"" 0 1', '""smoke grenade"" 2']",0.00085,0.001,0.0009,0.0,0.005,0.005,0.004,0.005,4,0.005,0.00125,0.00125,0.00125,43.14000000000001,0.4314
./resource/gamelogic/set/breed/mp\ger\jager_smg.set,ger,jager_smg,0.2,vet_5,1,0.1,0.1,0.0009,"['""mp40"" filled', '""ammo mp40_mag"" 192', '""bandage"" 3', '""grenade m24"" 2', '""grenade m24x5"" 0 1', '""smoke grenade"" 1']",0.00075,0.001,0.0008,0.0,0.004,0.005,0.002,0.003,3,0.005,0.00125,0.00125,0.00125,42.620000000000005,0.42619999999999997
./resource/gamelogic/set/breed/mp\ger\jager_stg.set,ger,jager_stg,0.2,vet_5,1,0.1,0.1,0.0009,"['""sg44"" filled', '""ammo stg44_mag"" 180', '""bandage"" 3', '""grenade m24"" 2', '""grenade m24x5"" 0 1', '""smoke grenade"" 1']",0.00075,0.001,0.0008,0.0,0.004,0.005,0.002,0.003,3,0.005,0.00125,0.00125,0.00125,42.620000000000005,0.42619999999999997
./resource/gamelogic/set/breed/mp\ger\light_mortar.set,ger,light_mortar,0.15,vet_3,1,0.1,0.1,0.0009,"['""mortar_legrw_36"" filled', '""ammo mortar50 ger fg"" 12', '""bandage"" 3']",0.00075,0.001,0.0008,0.0,0.004,0.003,0.002,0.005,2,0.004,0.00075,0.00075,0.00075,37.37000000000001,0.3736999999999999
./resource/gamelogic/set/breed/mp\ger\light_mortar2.set,ger,light_mortar2,0.15,vet_4,1,0.1,0.1,0.0009,"['""mauzer"" filled', '""ammo mauser_clip"" 60', '""ammo mortar50 ger fg"" 8', '""bandage"" 3', '""grenade m24"" 2', '""sandbag_kit""']",0.00075,0.001,0.0008,0.0,0.004,0.003,0.002,0.005,2,0.004,0.001,0.001,0.001,37.44500000000001,0.37445
./resource/gamelogic/set/breed/mp\ger\medic.set,ger,medic,0.15,,1,0.1,0.1,0.0009,"['""mauzer"" filled', '""ammo mauser_clip"" 60', '""bandage"" 25', '""morphine"" 1']",0.00075,0.001,0.0008,0.0,0.004,0.003,0.002,0.004,2,0.004,0.0,0.0,0.0,37.045,0.37045
./resource/gamelogic/set/breed/mp\ger\mgun.set,ger,mgun,0.15,vet_3,1,0.1,0.1,0.0009,"['""mg42_inf"" filled', '""ammo mg_mauser drum"" 300', '""valter"" filled', '""ammo walther_mag"" 16', '""bandage"" 3', '""sandbag_kit"" 1', '""barrel_case""']",0.00075,0.001,0.0008,0.0,0.004,0.003,0.004,0.003,2,0.004,0.00075,0.00075,0.00075,37.370000000000005,0.3736999999999999
./resource/gamelogic/set/breed/mp\ger\mgun2.set,ger,mgun2,0.15,vet_3,1,0.1,0.1,0.0009,"['""mg34"" filled', '""ammo mg_mauser drum"" 300', '""valter"" filled', '""ammo walther_mag"" 16', '""bandage"" 3', '""sandbag_kit""', '""barrel_case""']",0.00075,0.001,0.0008,0.0,0.004,0.003,0.004,0.003,2,0.004,0.00075,0.00075,0.00075,37.370000000000005,0.3736999999999999
./resource/gamelogic/set/breed/mp\ger\oficer.set,ger,oficer,0.25,oficer,,0.1,0.1,0.001,"['""luger"" filled', '""ammo walther_mag"" 32', '""knife_ger""', '""binocular""', '""bandage"" 3', '""bandage"" 5']",0.00085,0.001,0.0009,0.0,0.005,0.005,0.005,0.005,5,0.005,-0.01,0.02,0.01,49.87500000000001,0.49875
./resource/gamelogic/set/breed/mp\ger\oficer_panzer.set,ger,oficer_panzer,0.25,oficer_armor,1,0.1,0.1,0.001,"['""luger"" filled', '""ammo walther_mag"" 32', '""smoke_paradrop_ammo_heavy grenade"" 5', '""knife_ger""', '""binocular""']",0.00085,0.001,0.0009,0.004,0.005,0.005,0.005,0.005,5,0.005,-0.04,0.01,0.01,46.275000000000006,0.46275000000000005
./resource/gamelogic/set/breed/mp\ger\pzgren_pio1.set,ger,pzgren_pio1,0.15,vet_4,1,0.1,0.1,0.0009,"['""mauzer"" filled', '""ammo mauser_clip"" 60', '""bandage"" 3', '""mine s_mine"" 14', '""sandbag_kit"" 2', '""grenade m24"" 2', '""panzerfaust_60 weapon"" filled', '""dynamite_ladung"" 2', '""smoke grenade"" 1', '""hohlladung grenade""', '""ammo panzershreck"" 3', '""sandbag_kit"" 3', '""dynamite_ladung"" 1']",0.00075,0.001,0.0008,0.0,0.004,0.003,0.002,0.004,4,0.004,0.001,0.001,0.001,37.345000000000006,0.37345
./resource/gamelogic/set/breed/mp\ger\pzgren_pio2.set,ger,pzgren_pio2,0.15,vet_4,1,0.1,0.1,0.0009,"['""mauzer"" filled', '""ammo mauser_clip"" 60', '""bandage"" 3', '""hedgehog_kit"" 1', '""dynamite_ladung"" 2', '""trench_spade""', '""mine antitank"" 2', '""grenade m24"" 2', '""mine antitank"" 2', '""dynamite_ladung"" 4', '""hohlladung grenade""', '""hedgehog_kit"" 1', '""trench_spade""']",0.00085,0.001,0.0009,0.0,0.004,0.003,0.002,0.004,2,0.004,0.001,0.001,0.001,37.36500000000001,0.37365000000000004
./resource/gamelogic/set/breed/mp\ger\pzgren_pio3.set,ger,pzgren_pio3,0.15,vet_4,1,0.1,0.1,0.0009,"['""mauzer"" filled', '""ammo mauser_clip"" 60', '""bandage"" 3', '""mine antitank"" 4', '""grenade m24"" 2', '""mine_detector""', '""dynamite_ladung"" 2', '""mine s_mine"" 20', '""mine_detector""', '""trench_spade"" 1']",0.00085,0.001,0.0009,0.0,0.004,0.003,0.002,0.004,2,0.004,0.001,0.001,0.001,37.36500000000001,0.37365000000000004
./resource/gamelogic/set/breed/mp\ger\pzgren_pio4.set,ger,pzgren_pio4,0.15,vet_4,1,0.1,0.1,0.0009,"['""mauzer"" filled', '""ammo mauser_clip"" 60', '""grenade m24x5"" 1', '""mine antitank"" 5', '""bandage"" 3', '""dynamite_ladung"" 1', '""mine antitank"" 1', '""grenade m24"" 2', '""trench_spade"" 1', '""sandbag_kit"" 3', '""hedgehog_kit"" 1']",0.00075,0.001,0.0008,0.0,0.004,0.003,0.002,0.004,2,0.004,0.001,0.001,0.001,37.345000000000006,0.37345
./resource/gamelogic/set/breed/mp\ger\pzgren_pio_at.set,ger,pzgren_pio_at,0.15,vet_4,1,0.1,0.1,0.0009,"['""weapon panzershreck"" filled', '""bandage"" 3', '""hohlladung grenade""', '""ammo panzershreck"" 5', '""valter"" filled', '""ammo walther_mag"" 16', '""sandbag_kit""']",0.00075,0.001,0.0008,0.0,0.004,0.003,0.002,0.004,4,0.004,0.001,0.001,0.001,37.345000000000006,0.37345
./resource/gamelogic/set/breed/mp\ger\pzgren_pio_flamer.set,ger,pzgren_pio_flamer,0.15,vet_4,1,0.1,0.1,0.0009,"['""flame_thrower_g""', '""balloon_g"" filled', '""bandage"" 3']",0.00075,0.001,0.0008,0.0,0.004,0.004,0.002,0.003,2,0.004,0.001,0.001,0.001,37.345000000000006,0.37345
./resource/gamelogic/set/breed/mp\ger\pzgren_pio_mg.set,ger,pzgren_pio_mg,0.15,vet_4,1,0.1,0.1,0.0009,"['""mg42_inf"" filled', '""ammo mg_mauser drum"" 300', '""valter"" filled', '""ammo walther_mag"" 16', '""bandage"" 3', '""sandbag_kit"" 2', '""barrel_case""']",0.00075,0.001,0.0008,0.0,0.004,0.003,0.004,0.003,2,0.004,0.001,0.001,0.001,37.445,0.37445
./resource/gamelogic/set/breed/mp\ger\pzgren_pio_mg_asst.set,ger,pzgren_pio_mg_asst,0.15,vet_4,1,0.1,0.1,0.0009,"['""mauzer"" filled', '""ammo mauser_clip"" 60', '""ammo mg_mauser belt"" 600', '""grenade m24"" 2', '""bandage"" 3', '""trench_spade"" 1', '""smoke grenade"" 1']",0.00075,0.001,0.0008,0.0,0.004,0.003,0.004,0.004,2,0.004,0.001,0.001,0.001,37.545,0.37545
./resource/gamelogic/set/breed/mp\ger\pzgren_pio_sl.set,ger,pzgren_pio_sl,0.2,vet_5,1,0.1,0.1,0.0009,"['""mp40"" filled', '""ammo mp40_mag"" 192', '""bandage"" 3', '""grenade m24"" 2', '""grenade m24x5"" 1', '""smoke grenade"" 2', '""hohlladung grenade""', '""sandbag_kit"" 2']",0.00085,0.001,0.0009,0.0,0.004,0.005,0.003,0.004,2,0.005,0.00125,0.00125,0.00125,42.84,0.4284
./resource/gamelogic/set/breed/mp\ger\radioman.set,ger,radioman,0.15,radioman,,0.1,0.1,0.0009,"['""mp40"" filled', '""flaergun"" filled', '""ammo mp40_mag"" 192', '""ammo flaer"" 50', '""bandage"" 3']",0.00075,0.001,0.0008,0.0,0.006,0.004,0.002,0.003,2,0.004,0.005,0.02,0.001,39.845000000000006,0.39845
./resource/gamelogic/set/breed/mp\ger\radioman_mortar.set,ger,radioman_mortar,0.15,radioman,1,0.1,0.1,0.0009,"['""mp40"" filled', '""mortar_flaergun"" filled', '""ammo mp40_mag"" 192', '""ammo mortar_flaer"" 5', '""bandage"" 3']",0.00075,0.001,0.0008,0.0,0.004,0.004,0.002,0.003,2,0.004,0.005,0.02,0.001,39.645,0.39645
./resource/gamelogic/set/breed/mp\ger\recon_mg.set,ger,recon_mg,0.15,vet_3,1,0.1,0.1,0.0009,"['""mg42_inf"" filled', '""ammo mg_mauser drum"" 300', '""valter"" filled', '""ammo walther_mag"" 16', '""bandage"" 3', '""barrel_case""']",0.00075,0.001,0.0008,0.0,0.004,0.003,0.004,0.003,2,0.004,0.00075,0.00075,0.00075,37.370000000000005,0.3736999999999999
./resource/gamelogic/set/breed/mp\ger\recon_pzfst.set,ger,recon_pzfst,0.15,vet_3,1,0.1,0.1,0.0009,"['""mauzer"" filled', '""ammo mauser_clip"" 60', '""ammo mg_mauser drum"" 50', '""bandage"" 3', '""grenade m24"" 2', '""panzerfaust_60 weapon"" filled']",0.00075,0.001,0.0008,0.0,0.004,0.003,0.002,0.004,4,0.004,0.00075,0.00075,0.00075,37.27000000000001,0.3726999999999999
./resource/gamelogic/set/breed/mp\ger\recon_rifle.set,ger,recon_rifle,0.15,vet_3,1,0.1,0.1,0.0009,"['""mauzer"" filled', '""ammo mauser_clip"" 60', '""ammo mg_mauser drum"" 50', '""bandage"" 3', '""grenade m24"" 2']",0.00075,0.001,0.0008,0.0,0.004,0.003,0.002,0.004,2,0.004,0.00075,0.00075,0.00075,37.27000000000001,0.3726999999999999
./resource/gamelogic/set/breed/mp\ger\recon_sa.set,ger,recon_sa,0.15,vet_3,1,0.1,0.1,0.0009,"['""g43"" filling ""ammo g43_mag"" 10', '""ammo g43_mag"" 20', '""ammo mauser_clip"" 60', '""ammo mg_mauser drum"" 50', '""bandage"" 3', '""grenade m24"" 2']",0.00075,0.001,0.0008,0.0,0.004,0.003,0.002,0.004,2,0.004,0.00075,0.00075,0.00075,37.27000000000001,0.3726999999999999
./resource/gamelogic/set/breed/mp\ger\recon_sl.set,ger,recon_sl,0.2,vet_3,1,0.1,0.1,0.0009,"['""mp40"" filled', '""ammo mp40_mag"" 192', '""bandage"" 3', '""grenade m24"" 2', '""grenade m24x5"" 1', '""smoke grenade"" 2']",0.00085,0.001,0.0009,0.0,0.005,0.005,0.003,0.004,2,0.005,0.00075,0.00075,0.00075,42.79000000000001,0.4279
./resource/gamelogic/set/breed/mp\ger\recon_sl_rifle.set,ger,recon_sl_rifle,0.2,vet_4,1,0.1,0.1,0.0009,"['""mauzer"" filled', '""ammo mauser_clip"" 60', '""bandage"" 3', '""grenade m24"" 2', '""grenade m24x5"" 1', '""smoke grenade"" 2']",0.00085,0.001,0.0009,0.0,0.005,0.004,0.003,0.005,2,0.005,0.001,0.001,0.001,42.86500000000001,0.4286500000000001
./resource/gamelogic/set/breed/mp\ger\recon_sl_stg.set,ger,recon_sl_stg,0.2,vet_4,1,0.1,0.1,0.0009,"['""sg44"" filled', '""ammo stg44_mag"" 180', '""bandage"" 3', '""grenade m24"" 2', '""grenade m24x5"" 1', '""smoke grenade"" 2']",0.00085,0.001,0.0009,0.0,0.005,0.005,0.003,0.004,2,0.005,0.001,0.001,0.001,42.86500000000001,0.4286500000000001
./resource/gamelogic/set/breed/mp\ger\recon_stg.set,ger,recon_stg,0.15,vet_3,1,0.1,0.1,0.0009,"['""sg44"" filled', '""ammo stg44_mag"" 180', '""bandage"" 3', '""grenade m24"" 2', '""grenade m24x5""']",0.00075,0.001,0.0008,0.0,0.004,0.004,0.002,0.003,2,0.004,0.00075,0.00075,0.00075,37.27000000000001,0.3726999999999999
./resource/gamelogic/set/breed/mp\ger\rifle.set,ger,rifle,0.15,vet_3,1,0.1,0.1,0.0009,"['""mauzer"" filled', '""ammo mauser_clip"" 60', '""ammo mg_mauser drum"" 50', '""bandage"" 3', '""grenade m24"" 2', '""sandbag_kit"" 1']",0.00075,0.001,0.0008,0.0,0.004,0.003,0.002,0.004,2,0.004,0.00075,0.00075,0.00075,37.27000000000001,0.3726999999999999
./resource/gamelogic/set/breed/mp\ger\rifle2.set,ger,rifle2,0.15,vet_2,1,0.1,0.1,0.0009,"['""mauzer"" filled', '""ammo mauser_clip"" 60', '""ammo mg_mauser drum"" 50', '""bandage"" 3', '""grenade m24"" 2', '""sandbag_kit"" 1']",0.00075,0.001,0.0008,0.0,0.004,0.003,0.002,0.004,2,0.004,0.0005,0.0005,0.0005,37.19499999999999,0.37195
./resource/gamelogic/set/breed/mp\ger\saper.set,ger,saper,0.15,saper,1,0.1,0.1,0.0009,"['""mp40"" filled', '""ammo mp40_mag"" 192', '""mine_detector""', '""dynamite_ladung"" 2', '""hohlladung grenade""', '""trench_spade""']",0.00085,0.001,0.0009,0.0,0.004,0.004,0.002,0.003,2,0.004,0.001,0.001,0.001,37.36500000000001,0.37365000000000004
./resource/gamelogic/set/breed/mp\ger\smg.set,ger,smg,0.15,vet_3,1,0.1,0.1,0.0009,"['""mp40"" filled', '""ammo mp40_mag"" 192', '""bandage"" 3', '""grenade m24"" 2', '""grenade m24x5"" 1']",0.00075,0.001,0.0008,0.0,0.004,0.004,0.002,0.003,2,0.004,0.00075,0.00075,0.00075,37.27000000000001,0.3726999999999999
./resource/gamelogic/set/breed/mp\ger\smg2.set,ger,smg2,0.15,vet_2,1,0.1,0.1,0.0009,"['""mp40"" filled', '""ammo mp40_mag"" 192', '""bandage"" 3', '""grenade m24"" 2', '""grenade m24x5"" 1']",0.00075,0.001,0.0008,0.0,0.004,0.004,0.002,0.003,2,0.004,0.0005,0.0005,0.0005,37.19499999999999,0.37195
./resource/gamelogic/set/breed/mp\ger\sniper.set,ger,sniper,0.35,sniper,1,0.1,0.1,0.001,"['""mauzer_s"" filled', '""ammo mauser_clip"" 60', '""bandage"" 5', '""smoke_paradrop_ammo grenade"" 1', '""plant"" 3', '""knife_ger""']",0.00075,0.001,0.0008,0.0,0.004,0.003,0.002,0.006,2,0.004,0.005,0.008,0.002,58.755,0.58755
./resource/gamelogic/set/breed/mp\ger\sniper2.set,ger,sniper2,0.35,sniper,1,0.1,0.1,0.001,"['""mauzer_s_vet"" filled', '""ammo mauser_clip"" 60', '""ammo mauser_clip fg"" 20', '""bandage"" 5', '""smoke_paradrop_ammo grenade"" 1', '""plant"" 3', '""knife_ger""']",0.00085,0.001,0.0009,0.0,0.006999999999999999,0.006999999999999999,0.006999999999999999,0.006999999999999999,7,0.006999999999999999,0.005,0.008,0.002,60.37500000000002,0.60375
./resource/gamelogic/set/breed/mp\ger\sniper2_early.set,ger,sniper2_early,0.35,sniper,1,0.1,0.1,0.001,"['""mauzer_s_vet"" filled', '""ammo mauser_clip"" 60', '""bandage"" 5', '""smoke_paradrop_ammo grenade"" 1', '""plant"" 3', '""knife_ger""']",0.00085,0.001,0.0009,0.0,0.006999999999999999,0.006999999999999999,0.006999999999999999,0.006999999999999999,7,0.006999999999999999,0.005,0.008,0.002,60.37500000000002,0.60375
./resource/gamelogic/set/breed/mp\ger\sniper3.set,ger,sniper3,0.35,sniper,1,0.1,0.1,0.001,"['""g43_scope"" filling ""ammo g43_mag"" 10', '""ammo g43_mag"" 60', '""bandage"" 5', '""smoke_paradrop_ammo grenade"" 1', '""plant"" 3', '""knife_ger""']",0.00075,0.001,0.0008,0.0,0.004,0.003,0.002,0.006,2,0.004,0.005,0.008,0.002,58.755,0.58755
./resource/gamelogic/set/breed/mp\ger\squadleader.set,ger,squadleader,0.2,vet_4,1,0.1,0.1,0.0009,"['""mp40"" filled', '""ammo mp40_mag"" 192', '""bandage"" 3', '""grenade m24"" 2', '""grenade m24x5"" 1', '""smoke grenade"" 2']",0.00085,0.001,0.0009,0.0,0.005,0.005,0.003,0.004,2,0.005,0.001,0.001,0.001,42.86500000000001,0.4286500000000001
./resource/gamelogic/set/breed/mp\ger\squadleader2.set,ger,squadleader2,0.2,vet_3,1,0.1,0.1,0.0009,"['""sg44"" filled', '""ammo stg44_mag"" 180', '""bandage"" 3', '""grenade m24"" 2', '""grenade m24x5"" 1', '""smoke grenade"" 1']",0.00085,0.001,0.0009,0.0,0.005,0.005,0.003,0.004,2,0.005,0.00075,0.00075,0.00075,42.79000000000001,0.4279
./resource/gamelogic/set/breed/mp\ger\squadleader_39.set,ger,squadleader_39,0.2,vet_3,1,0.1,0.1,0.0009,"['""mp38"" filled', '""ammo mp40_mag"" 192', '""bandage"" 3', '""grenade m24"" 2', '""grenade m24x5"" 1', '""smoke grenade"" 2']",0.00085,0.001,0.0009,0.0,0.005,0.005,0.003,0.004,2,0.005,0.00075,0.00075,0.00075,42.79000000000001,0.4279
./resource/gamelogic/set/breed/mp\ger\squadleader_40.set,ger,squadleader_40,0.2,vet_3,1,0.1,0.1,0.0009,"['""mp40"" filled', '""ammo mp40_mag"" 192', '""bandage"" 3', '""grenade m24"" 2', '""grenade m24x5"" 1', '""smoke grenade"" 1']",0.00085,0.001,0.0009,0.0,0.005,0.005,0.003,0.004,2,0.005,0.00075,0.00075,0.00075,42.79000000000001,0.4279
./resource/gamelogic/set/breed/mp\ger\sturmgren_39.set,ger,sturmgren_39,0.15,vet_4,1,0.1,0.1,0.0009,"['""mp38"" filled', '""ammo mp40_mag"" 192', '""bandage"" 3', '""m24 grenade"" 2', '""grenade m24x5"" 0 1', '""smoke grenade""']",0.00075,0.001,0.0008,0.0,0.004,0.004,0.002,0.003,2,0.004,0.001,0.001,0.001,37.345000000000006,0.37345
./resource/gamelogic/set/breed/mp\ger\sturmgren_40.set,ger,sturmgren_40,0.15,vet_4,1,0.1,0.1,0.0009,"['""mp40"" filled', '""ammo mp40_mag"" 192', '""bandage"" 3', '""grenade m24"" 2', '""grenade m24x5"" 0 1', '""smoke grenade""']",0.00075,0.001,0.0008,0.0,0.004,0.004,0.002,0.003,2,0.004,0.001,0.001,0.001,37.345000000000006,0.37345
./resource/gamelogic/set/breed/mp\ger\sturmgren_rifle.set,ger,sturmgren_rifle,0.15,vet_4,1,0.1,0.1,0.0009,"['""mauzer"" filled', '""ammo mauser_clip"" 60', '""bandage"" 3', '""grenade m24"" 2', '""grenade m24x5"" 0 1', '""sandbag_kit""']",0.00075,0.001,0.0008,0.0,0.004,0.003,0.002,0.004,2,0.004,0.001,0.001,0.001,37.345000000000006,0.37345
./resource/gamelogic/set/breed/mp\ger\sturmgren_sg44.set,ger,sturmgren_sg44,0.15,vet_4,1,0.1,0.1,0.0009,"['""sg44"" filled', '""ammo stg44_mag"" 180', '""bandage"" 3', '""m24 grenade"" 2', '""grenade m24x5"" 0 1', '""smoke grenade""', '""panzerfaust_60 weapon"" 0 1 filled']",0.00075,0.001,0.0008,0.0,0.004,0.004,0.002,0.003,2,0.004,0.001,0.001,0.001,37.345000000000006,0.37345
./resource/gamelogic/set/breed/mp\ger\sturmgren_sg44_pzfst.set,ger,sturmgren_sg44_pzfst,0.15,vet_4,1,0.1,0.1,0.0009,"['""sg44"" filled', '""ammo stg44_mag"" 180', '""bandage"" 3', '""m24 grenade"" 2', '""grenade m24x5"" 0 1', '""smoke grenade""', '""panzerfaust weapon"" 0 1 filled']",0.00075,0.001,0.0008,0.0,0.004,0.004,0.002,0.003,4,0.004,0.001,0.001,0.001,37.345000000000006,0.37345
./resource/gamelogic/set/breed/mp\ger\sturmgren_sl_asst.set,ger,sturmgren_sl_asst,0.15,vet_4,1,0.1,0.1,0.0009,"['""sg44"" filled', '""ammo stg44_mag"" 180', '""bandage"" 3', '""m24 grenade"" 2', '""grenade m24x5"" 0 1', '""smoke grenade""', '""panzerfaust_60 weapon"" 0 1 filled']",0.00075,0.001,0.0008,0.0,0.004,0.005,0.002,0.003,2,0.004,0.001,0.001,0.001,37.44500000000001,0.37445
./resource/gamelogic/set/breed/mp\ger\sturmgren_sl_asst_40.set,ger,sturmgren_sl_asst_40,0.15,vet_4,1,0.1,0.1,0.0009,"['""mp40"" filled', '""ammo mp40_mag"" 192', '""bandage"" 3', '""grenade m24"" 2', '""grenade m24x5"" 0 1', '""smoke grenade""']",0.00075,0.001,0.0008,0.0,0.004,0.005,0.002,0.003,2,0.004,0.001,0.001,0.001,37.44500000000001,0.37445
./resource/gamelogic/set/breed/mp\ger\sturmovik.set,ger,sturmovik,0.2,vet_5,1,0.1,0.1,0.0009,"['""sg44"" filled', '""ammo stg44_mag"" 180', '""bandage"" 5', '""grenade m24"" 2', '""grenade m24x5"" 0 1']",0.00085,0.001,0.0009,0.0,0.005,0.005,0.004,0.004,4,0.005,0.00125,0.00125,0.00125,43.040000000000006,0.4304
./resource/gamelogic/set/breed/mp\ger\sturmovik2.set,ger,sturmovik2,0.2,vet_5,1,0.1,0.1,0.0009,"['""g43"" filling ""ammo g43_mag"" 10', '""ammo g43_mag"" 20', '""ammo mauser_clip"" 60', '""ammo mg_mauser drum"" 50', '""bandage"" 5', '""grenade m24"" 2', '""grenade m24x5"" 0 1', '""sandbag_kit""']",0.00085,0.001,0.0009,0.0,0.005,0.004,0.004,0.005,4,0.005,0.00125,0.00125,0.00125,43.040000000000006,0.4304
./resource/gamelogic/set/breed/mp\ger\sturmovik2_39.set,ger,sturmovik2_39,0.2,vet_5,1,0.1,0.1,0.0009,"['""mauzer"" filled', '""ammo mauser_clip"" 60', '""ammo mg_mauser drum"" 50', '""bandage"" 5', '""grenade m24"" 2', '""grenade m24x5"" 0 1', '""dynamite""']",0.00085,0.001,0.0009,0.0,0.005,0.004,0.004,0.005,4,0.005,0.00125,0.00125,0.00125,43.040000000000006,0.4304
./resource/gamelogic/set/breed/mp\ger\sturmovik2_41.set,ger,sturmovik2_41,0.2,vet_5,1,0.1,0.1,0.0009,"['""g41"" filled', '""ammo mauser_clip"" 80', '""ammo mg_mauser drum"" 50', '""bandage"" 5', '""grenade m24"" 2', '""grenade m24x5"" 0 1', '""dynamite""']",0.00085,0.001,0.0009,0.0,0.005,0.004,0.004,0.005,4,0.005,0.00125,0.00125,0.00125,43.040000000000006,0.4304
./resource/gamelogic/set/breed/mp\ger\sturmovik3.set,ger,sturmovik3,0.2,vet_5,1,0.1,0.1,0.0009,"['""mauzer"" filled', '""ammo mauser_clip"" 60', '""bandage"" 5', '""grenade m24"" 2', '""grenade m24x5"" 0 1', '""panzerfaust weapon"" filled']",0.00085,0.001,0.0009,0.0,0.005,0.005,0.004,0.004,5,0.005,0.00125,0.00125,0.00125,43.040000000000006,0.4304
./resource/gamelogic/set/breed/mp\ger\sturmovik4.set,ger,sturmovik4,0.2,vet_5,1,0.1,0.1,0.0009,"['""mauzer"" filled', '""ammo mauser_clip"" 60', '""ammo mg_mauser drum"" 50', '""bandage"" 5', '""grenade m24"" 2', '""grenade m24x5"" 0 1', '""sandbag_kit""']",0.00085,0.001,0.0009,0.0,0.005,0.004,0.004,0.005,4,0.005,0.00125,0.00125,0.00125,43.040000000000006,0.4304
./resource/gamelogic/set/breed/mp\ger\sturmovik4b.set,ger,sturmovik4b,0.2,vet_5,1,0.1,0.1,0.0009,"['""g43"" filling ""ammo g43_mag"" 10', '""ammo g43_mag"" 20', '""ammo mauser_clip"" 60', '""ammo mg_mauser drum"" 50', '""bandage"" 5', '""grenade m24"" 2', '""grenade m24x5"" 0 1', '""sandbag_kit""']",0.00085,0.001,0.0009,0.0,0.005,0.004,0.004,0.005,4,0.005,0.00125,0.00125,0.00125,43.040000000000006,0.4304
./resource/gamelogic/set/breed/mp\ger\sturmovik4b_41.set,ger,sturmovik4b_41,0.2,vet_5,1,0.1,0.1,0.0009,"['""g41"" filled', '""ammo mauser_clip"" 80', '""ammo mg_mauser drum"" 50', '""bandage"" 5', '""grenade m24"" 2', '""grenade m24x5"" 0 1', '""sandbag_kit""']",0.00085,0.001,0.0009,0.0,0.005,0.004,0.004,0.005,4,0.005,0.00125,0.00125,0.00125,43.040000000000006,0.4304
./resource/gamelogic/set/breed/mp\ger\sturmovik5.set,ger,sturmovik5,0.2,vet_5,1,0.1,0.1,0.0009,"['""weapon panzershreck"" filled', '""bandage"" 5', '""grenade hohlladung""', '""ammo panzershreck"" 7', '""valter"" filled', '""ammo walther_mag"" 16']",0.00085,0.001,0.0009,0.0,0.005,0.005,0.004,0.004,6,0.005,0.00125,0.00125,0.00125,43.040000000000006,0.4304
./resource/gamelogic/set/breed/mp\ger\sturmovik5b.set,ger,sturmovik5b,0.2,vet_5,1,0.1,0.1,0.0009,"['""mp40"" filled', '""ammo mp40_mag"" 192', '""bandage"" 5', '""grenade m24"" 2', '""grenade hohlladung""', '""ammo panzershreck"" 3']",0.00085,0.001,0.0009,0.0,0.005,0.005,0.004,0.004,6,0.005,0.00125,0.00125,0.00125,43.040000000000006,0.4304
./resource/gamelogic/set/breed/mp\ger\sturmovik6.set,ger,sturmovik6,0.2,vet_5,1,0.1,0.1,0.0009,"['""mg42_inf"" filled', '""ammo mg_mauser drum"" 300', '""valter"" filled', '""ammo walther_mag"" 16', '""bandage"" 5', '""grenade m24"" 2', '""sandbag_kit""', '""barrel_case""']",0.00085,0.001,0.0009,0.0,0.005,0.004,0.005,0.004,4,0.005,0.00125,0.00125,0.00125,43.040000000000006,0.4304
./resource/gamelogic/set/breed/mp\ger\sturmovik6b.set,ger,sturmovik6b,0.2,vet_5,1,0.1,0.1,0.0009,"['""mauzer"" filled', '""ammo mauser_clip"" 60', '""ammo mg_mauser belt"" 600', '""bandage"" 5', '""grenade m24"" 2', '""sandbag_kit""']",0.00085,0.001,0.0009,0.0,0.005,0.004,0.005,0.005,4,0.005,0.00125,0.00125,0.00125,43.14000000000001,0.4314
./resource/gamelogic/set/breed/mp\ger\sturmovik6_39.set,ger,sturmovik6_39,0.2,vet_5,1,0.1,0.1,0.0009,"['""mg34"" filled', '""ammo mg_mauser drum"" 300', '""valter"" filled', '""ammo walther_mag"" 16', '""bandage"" 5', '""grenade m24"" 2', '""sandbag_kit""', '""barrel_case""']",0.00085,0.001,0.0009,0.0,0.005,0.004,0.005,0.004,4,0.005,0.00125,0.00125,0.00125,43.040000000000006,0.4304
./resource/gamelogic/set/breed/mp\ger\sturmovik_39.set,ger,sturmovik_39,0.2,vet_5,1,0.1,0.1,0.0009,"['""mp38"" filled', '""ammo mp40_mag"" 192', '""bandage"" 5', '""grenade m24"" 2', '""grenade m24x5"" 0 1']",0.00085,0.001,0.0009,0.0,0.005,0.005,0.004,0.004,4,0.005,0.00125,0.00125,0.00125,43.040000000000006,0.4304
./resource/gamelogic/set/breed/mp\ger\sturmovik_40.set,ger,sturmovik_40,0.2,vet_5,1,0.1,0.1,0.0009,"['""mp40"" filled', '""ammo mp40_mag"" 192', '""bandage"" 5', '""grenade m24"" 2', '""grenade m24x5"" 0 1']",0.00085,0.001,0.0009,0.0,0.005,0.005,0.004,0.004,4,0.005,0.00125,0.00125,0.00125,43.040000000000006,0.4304
./resource/gamelogic/set/breed/mp\ger\sturmovik_pzfst.set,ger,sturmovik_pzfst,0.2,vet_5,1,0.1,0.1,0.0009,"['""mauzer"" filled', '""ammo mauser_clip"" 60', '""ammo mg_mauser drum"" 50', '""bandage"" 5', '""grenade m24"" 2', '""grenade m24x5"" 0 1', '""panzerfaust_60 weapon"" filled']",0.00085,0.001,0.0009,0.0,0.005,0.004,0.004,0.005,5,0.005,0.00125,0.00125,0.00125,43.040000000000006,0.4304
./resource/gamelogic/set/breed/mp\ger\sturmovik_pzfst_sa.set,ger,sturmovik_pzfst_sa,0.2,vet_5,1,0.1,0.1,0.0009,"['""g43"" filling ""ammo g43_mag"" 10', '""ammo g43_mag"" 20', '""ammo mauser_clip"" 60', '""ammo mg_mauser drum"" 50', '""bandage"" 5', '""grenade m24"" 2', '""grenade m24x5"" 0 1', '""panzerfaust_60 weapon"" filled']",0.00085,0.001,0.0009,0.0,0.005,0.004,0.004,0.005,5,0.005,0.00125,0.00125,0.00125,43.040000000000006,0.4304
./resource/gamelogic/set/breed/mp\ger\sturmovik_pzfst_stg.set,ger,sturmovik_pzfst_stg,0.2,vet_5,1,0.1,0.1,0.0009,"['""sg44"" filled', '""ammo stg44_mag"" 180', '""bandage"" 5', '""grenade m24"" 2', '""grenade m24x5"" 0 1', '""panzerfaust_60 weapon"" filled']",0.00085,0.001,0.0009,0.0,0.005,0.005,0.004,0.004,5,0.005,0.00125,0.00125,0.00125,43.040000000000006,0.4304
./resource/gamelogic/set/breed/mp\ger\sturmovik_sl.set,ger,sturmovik_sl,0.2,vet_5,1,0.1,0.1,0.0009,"['""sg44"" filled', '""ammo stg44_mag"" 180', '""bandage"" 5', '""grenade m24"" 2', '""grenade m24x5"" 0 1', '""smoke grenade"" 2']",0.00085,0.001,0.0009,0.0,0.005,0.005,0.004,0.004,4,0.005,0.00125,0.00125,0.00125,43.040000000000006,0.4304
./resource/gamelogic/set/breed/mp\ger\sturmovik_sl_40.set,ger,sturmovik_sl_40,0.2,vet_5,1,0.1,0.1,0.0009,"['""mp40"" filled', '""ammo mp40_mag"" 192', '""bandage"" 5', '""grenade m24"" 2', '""grenade m24x5"" 0 1', '""smoke grenade"" 2']",0.00085,0.001,0.0009,0.0,0.005,0.005,0.004,0.004,4,0.005,0.00125,0.00125,0.00125,43.040000000000006,0.4304
./resource/gamelogic/set/breed/mp\ger\sturmovik_sl_asst.set,ger,sturmovik_sl_asst,0.2,vet_5,1,0.1,0.1,0.0009,"['""mauzer"" filled', '""ammo mauser_clip"" 60', '""ammo mg_mauser drum"" 50', '""bandage"" 5', '""grenade m24"" 2', '""grenade m24x5"" 0 1', '""sandbag_kit""']",0.00085,0.001,0.0009,0.0,0.005,0.004,0.004,0.005,4,0.005,0.00125,0.00125,0.00125,43.040000000000006,0.4304
./resource/gamelogic/set/breed/mp\ger\tankman.set,ger,tankman,0.1,tankman,,0.1,0.1,0.0008,"['""valter"" filled', '""ammo walther_mag"" 32', '""bandage"" 3']",0.001,0.001,0.0009,0.002,0.004,0.004,0.002,0.003,2,0.004,0.00025,0.0012,0.00025,32.43999999999999,0.3244
./resource/gamelogic/set/breed/mp\ger\tankman2.set,ger,tankman2,0.15,tankman2,,0.1,0.1,0.0008,"['""mp40"" filled', '""ammo mp40_mag"" 96', '""bandage"" 3']",0.0011,0.001,0.00095,0.004,0.004,0.004,0.004,0.003,2,0.004,0.0005,0.0022,0.0005,38.00499999999998,0.38005
./resource/gamelogic/set/breed/mp\ger\vehicle_supporter.set,ger,vehicle_supporter,0.15,vehicle_supporter,tankcrew,0.1,0.1,0.0009,"['""mauzer"" filled', '""ammo mauser_clip"" 60', '""bandage"" 3', '""grenade m24""']",0.00085,0.001,0.001,0.004,0.002,0.002,0.004,0.002,2,0.004,0.0005,0.002,0.00025,37.45000000000001,0.3745
./resource/gamelogic/set/breed/mp\ger\vet_tankman.set,ger,vet_tankman,0.1,tankman,tankcrew,0.1,0.1,0.0008,"['""valter"" filled', '""ammo walther_mag"" 32']",0.00115,0.00115,0.001,0.005,0.005,0.005,0.004,0.003,2,0.004,0.00025,0.0012,0.00025,33.179999999999986,0.3318
./resource/gamelogic/set/breed/mp\ger\vet_tankman2.set,ger,vet_tankman2,0.15,tankman2,tankcrew,0.1,0.1,0.0008,"['""mp40"" filled', '""ammo mp40_mag"" 96']",0.0012,0.0012,0.001,0.006999999999999999,0.004,0.005,0.006,0.003,2,0.004,0.0005,0.0022,0.0005,38.639999999999986,0.38639999999999997
./resource/gamelogic/set/breed/mp\ger\vet_vehicle_supporter.set,ger,vet_vehicle_supporter,0.15,,tankcrew,0.1,0.1,0.0009,"['""mauzer"" filled', '""ammo mauser_clip"" 60', '""bandage"" 3', '""grenade m24""']",0.001,0.001,0.001,0.006,0.003,0.003,0.006,0.004,2,0.004,0.0,0.0,0.0,37.99,0.3799
./resource/gamelogic/set/breed/mp\ger\volksgren_at.set,ger,volksgren_at,0.1,vet_2,1,0.1,0.1,0.0009,"['""weapon panzershreck"" filled', '""bandage"" 3', '""hohlladung grenade""', '""ammo panzershreck"" 7', '""valter"" filled', '""ammo walther_mag"" 16']",0.00075,0.001,0.0008,0.0,0.001,0.001,0.001,0.002,3,0.002,0.0005,0.0005,0.0005,31.195000000000004,0.31195000000000006
./resource/gamelogic/set/breed/mp\ger\volksgren_at2.set,ger,volksgren_at2,0.1,vet_2,1,0.1,0.1,0.0009,"['""mauzer"" filled', '""ammo mauser_clip"" 60', '""bandage"" 3', '""grenade m24"" 1', '""hohlladung grenade""', '""ammo panzershreck"" 3']",0.00075,0.001,0.0008,0.0,0.001,0.001,0.001,0.002,3,0.002,0.0005,0.0005,0.0005,31.195000000000004,0.31195000000000006
./resource/gamelogic/set/breed/mp\ger\volksgren_grenadier.set,ger,volksgren_grenadier,0.1,vet_2,1,0.1,0.1,0.0009,"['""mauzer"" filled', '""ammo mauser_clip"" 60', '""bandage"" 3', '""k98_gewehrgranat"" filling ""k98_grenade fg"" 1', '""k98_grenade fg"" 10 1', '""k98_grenade ap"" 5 1']",0.00075,0.001,0.0008,0.0,0.001,0.001,0.001,0.002,2,0.002,0.0005,0.0005,0.0005,31.195000000000004,0.31195000000000006
./resource/gamelogic/set/breed/mp\ger\volksgren_mg.set,ger,volksgren_mg,0.1,vet_2,1,0.1,0.1,0.0009,"['""mg42_inf"" filled', '""ammo mg_mauser drum"" 300', '""valter"" filled', '""ammo walther_mag"" 16', '""bandage"" 3', '""barrel_case""']",0.00075,0.001,0.0008,0.0,0.002,0.001,0.002,0.001,2,0.002,0.0005,0.0005,0.0005,31.295,0.31295000000000006
./resource/gamelogic/set/breed/mp\ger\volksgren_mg_asst.set,ger,volksgren_mg_asst,0.1,vet_2,1,0.1,0.1,0.0009,"['""mauzer"" filled', '""ammo mauser_clip"" 60', '""ammo mg_mauser belt"" 600', '""bandage"" 3', '""grenade m24""']",0.00075,0.001,0.0008,0.0,0.001,0.001,0.002,0.002,1,0.002,0.0005,0.0005,0.0005,31.295,0.31295000000000006
./resource/gamelogic/set/breed/mp\ger\volksgren_mg_asst2.set,ger,volksgren_mg_asst2,0.1,vet_2,1,0.1,0.1,0.0009,"['""mp40"" filled', '""ammo mp40_mag"" 192', '""ammo mg_mauser belt"" 600', '""bandage"" 3', '""grenade m24""']",0.00075,0.001,0.0008,0.0,0.001,0.002,0.002,0.001,1,0.002,0.0005,0.0005,0.0005,31.295,0.31295000000000006
./resource/gamelogic/set/breed/mp\ger\volksgren_mg_asst3.set,ger,volksgren_mg_asst3,0.1,vet_2,1,0.1,0.1,0.0009,"['""g43"" filling ""ammo g43_mag"" 10', '""ammo g43_mag"" 20', '""ammo mauser_clip"" 60', '""ammo mg_mauser belt"" 600', '""bandage"" 3', '""grenade m24""']",0.00075,0.001,0.0008,0.0,0.001,0.001,0.002,0.002,1,0.002,0.0005,0.0005,0.0005,31.295,0.31295000000000006
./resource/gamelogic/set/breed/mp\ger\volksgren_pzfst.set,ger,volksgren_pzfst,0.1,vet_2,1,0.1,0.1,0.0009,"['""mauzer"" filled', '""ammo mauser_clip"" 60', '""bandage"" 3', '""grenade m24""', '""panzerfaust weapon"" 0 1 filled']",0.00075,0.001,0.0008,0.0,0.001,0.001,0.001,0.002,2,0.002,0.0005,0.0005,0.0005,31.195000000000004,0.31195000000000006
./resource/gamelogic/set/breed/mp\ger\volksgren_pzfst2.set,ger,volksgren_pzfst2,0.1,vet_2,1,0.1,0.1,0.0009,"['""sg44"" filled', '""ammo stg44_mag"" 180', '""bandage"" 3', '""grenade m24"" 1.5 0.5', '""grenade m24x5"" 0 1', '""panzerfaust weapon"" 0 1 filled']",0.00075,0.001,0.0008,0.0,0.001,0.002,0.001,0.001,2,0.002,0.0005,0.0005,0.0005,31.195000000000004,0.31195000000000006
./resource/gamelogic/set/breed/mp\ger\volksgren_rifle.set,ger,volksgren_rifle,0.1,vet_2,1,0.1,0.1,0.0009,"['""mauzer"" filled', '""ammo mauser_clip"" 60', '""bandage"" 3', '""grenade m24""', '""panzerfaust_30 weapon"" 0 1 filled']",0.00075,0.001,0.0008,0.0,0.001,0.001,0.001,0.002,2,0.002,0.0005,0.0005,0.0005,31.195000000000004,0.31195000000000006
./resource/gamelogic/set/breed/mp\ger\volksgren_sa.set,ger,volksgren_sa,0.1,vet_2,1,0.1,0.1,0.0009,"['""g43"" filling ""ammo g43_mag"" 10', '""ammo g43_mag"" 20', '""ammo mauser_clip"" 60', '""bandage"" 3', '""grenade m24""', '""panzerfaust_60 weapon"" 0 1 filled']",0.00075,0.001,0.0008,0.0,0.001,0.001,0.001,0.002,1,0.002,0.0005,0.0005,0.0005,31.195000000000004,0.31195000000000006
./resource/gamelogic/set/breed/mp\ger\volksgren_sl_asst.set,ger,volksgren_sl_asst,0.1,vet_2,1,0.1,0.1,0.0009,"['""mp40"" filled', '""ammo mp40_mag"" 192', '""bandage"" 3', '""grenade m24"" 2', '""smoke grenade"" 2', '""panzerfaust_60 weapon"" 0 1 filled']",0.00075,0.001,0.0008,0.0,0.001,0.003,0.001,0.002,1,0.003,0.0005,0.0005,0.0005,31.495000000000005,0.31495000000000006
./resource/gamelogic/set/breed/mp\ger\volksgren_sl_smg.set,ger,volksgren_sl_smg,0.1,vet_2,1,0.1,0.1,0.0009,"['""mp40"" filled', '""ammo mp40_mag"" 192', '""bandage"" 3', '""grenade m24"" 2', '""smoke grenade"" 2']",0.00075,0.001,0.0008,0.0,0.001,0.003,0.001,0.002,1,0.003,0.0005,0.0005,0.0005,31.495000000000005,0.31495000000000006
./resource/gamelogic/set/breed/mp\ger\volksgren_sl_stg.set,ger,volksgren_sl_stg,0.1,vet_2,1,0.1,0.1,0.0009,"['""sg44"" filled', '""ammo stg44_mag"" 180', '""bandage"" 3', '""grenade m24"" 2', '""smoke grenade"" 2']",0.00075,0.001,0.0008,0.0,0.001,0.003,0.001,0.002,1,0.003,0.0005,0.0005,0.0005,31.495000000000005,0.31495000000000006
./resource/gamelogic/set/breed/mp\ger\volksgren_smg.set,ger,volksgren_smg,0.1,vet_2,1,0.1,0.1,0.0009,"['""mp40"" filled', '""ammo mp40_mag"" 192', '""bandage"" 3', '""grenade m24"" 1.5 0.5', '""grenade m24x5"" 0 1', '""smoke grenade"" 0 1', '""panzerfaust_30 weapon"" 0 1 filled']",0.00075,0.001,0.0008,0.0,0.001,0.002,0.001,0.001,1,0.002,0.0005,0.0005,0.0005,31.195000000000004,0.31195000000000006
./resource/gamelogic/set/breed/mp\ger\volksgren_stg44.set,ger,volksgren_stg44,0.1,vet_2,1,0.1,0.1,0.0009,"['""sg44"" filled', '""ammo stg44_mag"" 180', '""bandage"" 3', '""grenade m24"" 1.5 0.5', '""grenade m24x5"" 0 1', '""smoke grenade"" 0 1', '""panzerfaust_60 weapon"" 0 1 filled']",0.00075,0.001,0.0008,0.0,0.001,0.002,0.001,0.001,1,0.002,0.0005,0.0005,0.0005,31.195000000000004,0.31195000000000006
./resource/gamelogic/set/breed/mp\ger2\ap_miner.set,ger2,ap_miner,0.15,ap_miner,,0.1,0.1,0.0009,"['""mp40"" filled', '""ammo mp40_mag"" 192', '""mine s_mine"" 20', '""barbwire_kit""', '""hohlladung grenade""', '""bandage"" 5']",0.00075,0.001,0.0008,0.0,0.004,0.004,0.002,0.003,2,0.004,0.001,0.001,0.001,37.345000000000006,0.37345
./resource/gamelogic/set/breed/mp\ger2\at_miner.set,ger2,at_miner,0.15,at_miner,,0.1,0.1,0.0009,"['""mp40"" filled', '""ammo mp40_mag"" 192', '""mine antitank"" 7', '""hedgehog_kit""', '""hohlladung grenade""', '""bandage"" 5']",0.00075,0.001,0.0008,0.0,0.004,0.004,0.002,0.003,2,0.004,0.001,0.001,0.001,37.345000000000006,0.37345
./resource/gamelogic/set/breed/mp\ger2\at_rifle.set,ger2,at_rifle,0.15,at_rifle,1,0.1,0.1,0.0009,"['""pzb39"" filled', '""bandage"" 3', '""hohlladung grenade""', '""ammo ptr"" 35']",0.00075,0.001,0.0008,0.0,0.004,0.004,0.001,0.005,2,0.004,0.001,0.0015,0.001,37.495000000000005,0.37495
./resource/gamelogic/set/breed/mp\ger2\at_rifle2.set,ger2,at_rifle2,0.15,at_rifle,1,0.1,0.1,0.0009,"['""mp40"" filled', '""ammo mp40_mag"" 192', '""bandage"" 3', '""grenade m24"" 2', '""hohlladung grenade""', '""smoke grenade"" 1', '""ammo ptr"" 10']",0.00075,0.001,0.0008,0.0,0.004,0.004,0.002,0.005,2,0.004,0.001,0.0015,0.001,37.595000000000006,0.37595
./resource/gamelogic/set/breed/mp\ger2\at_rifle3.set,ger2,at_rifle3,0.15,at_rifle,1,0.1,0.1,0.0009,"['""ptrd"" filled', '""bandage"" 3', '""hohlladung grenade""', '""ammo ptr"" 25']",0.00075,0.001,0.0008,0.0,0.004,0.004,0.001,0.005,2,0.004,0.001,0.0015,0.001,37.495000000000005,0.37495
./resource/gamelogic/set/breed/mp\ger2\bazooker.set,ger2,bazooker,0.15,bazooker,1,0.1,0.1,0.0009,"['""mauzer"" filled', '""ammo mauser_clip"" 60', '""bandage"" 3', '""grenade m24"" 2', '""hohlladung grenade""', '""smoke grenade"" 1', '""panzerfaust_60 weapon"" filled', '""panzerfaust_60 weapon"" filled']",0.00075,0.001,0.0008,0.0,0.004,0.003,0.002,0.004,5,0.004,0.001,0.0015,0.001,37.395,0.37395
./resource/gamelogic/set/breed/mp\ger2\bazooker2.set,ger2,bazooker2,0.15,bazooker,1,0.1,0.1,0.0009,"['""mauzer"" filled', '""ammo mauser_clip"" 60', '""bandage"" 3', '""grenade m24"" 2', '""hohlladung grenade""', '""smoke grenade"" 1', '""ammo panzershreck"" 6']",0.00075,0.001,0.0008,0.0,0.004,0.003,0.002,0.004,5,0.004,0.001,0.0015,0.001,37.395,0.37395
./resource/gamelogic/set/breed/mp\ger2\bazooker3.set,ger2,bazooker3,0.15,bazooker,1,0.1,0.1,0.0009,"['""weapon panzershreck"" filled', '""bandage"" 3', '""hohlladung grenade""', '""ammo panzershreck"" 7', '""valter"" filled', '""ammo walther_mag"" 16']",0.00075,0.001,0.0008,0.0,0.004,0.003,0.002,0.004,5,0.004,0.001,0.0015,0.001,37.395,0.37395
./resource/gamelogic/set/breed/mp\ger2\elite.set,ger2,elite,0.25,vet_4,1,0.1,0.1,0.0009,"['""g41b"" filled', '""ammo rifle"" 150', '""bandage"" 5', '""grenade m24"" 4', '""grenade pwm1"" 2', '""smoke grenade"" 2']",0.0009,0.001,0.001,0.0,0.003,0.003,0.003,0.003,3,0.003,0.001,0.001,0.001,47.18,0.4718
./resource/gamelogic/set/breed/mp\ger2\elite2.set,ger2,elite2,0.25,vet_4,1,0.1,0.1,0.0009,"['""g43_scope"" filled', '""ammo rifle"" 150', '""bandage"" 5', '""grenade m24"" 2', '""grenade pwm1"" 1', '""smoke grenade"" 2', '""dynamite_ladung"" 1']",0.0009,0.001,0.001,0.0,0.003,0.003,0.003,0.003,3,0.003,0.001,0.001,0.001,47.18,0.4718
./resource/gamelogic/set/breed/mp\ger2\elite3.set,ger2,elite3,0.25,vet_4,1,0.1,0.1,0.0009,"['""mg34"" filled', '""ammo mgun"" 900', '""bandage"" 5', '""grenade m24"" 2', '""grenade pwm1"" 1', '""sandbag_kit"" 1']",0.0009,0.001,0.001,0.0,0.003,0.003,0.003,0.003,3,0.003,0.001,0.001,0.001,47.18,0.4718
./resource/gamelogic/set/breed/mp\ger2\elite4.set,ger2,elite4,0.1,vet_2,1,0.1,0.1,0.0009,"['""ppsh"" filled', '""ammo ppsh_mag"" 142', '""bandage"" 3', '""dynamite_ladung"" 1']",0.0009,0.001,0.001,0.0,0.001,0.001,0.001,0.001,1,0.001,0.0005,0.0005,0.0005,31.030000000000012,0.3103000000000001
./resource/gamelogic/set/breed/mp\ger2\elite5.set,ger2,elite5,0.1,vet_2,1,0.1,0.1,0.0009,"['""mauzer"" filled', '""ammo mauser_clip"" 60', '""bandage"" 3', '""panzerfaust_30 weapon"" 0 1 filled']",0.0009,0.001,0.001,0.0,0.001,0.001,0.001,0.001,1,0.001,0.0005,0.0005,0.0005,31.030000000000012,0.3103000000000001
./resource/gamelogic/set/breed/mp\ger2\elite6.set,ger2,elite6,0.1,vet_2,1,0.1,0.1,0.0009,"['""mp28"" filled', '""ammo mp28_mag"" 180', '""bandage"" 3', '""hohlladung grenade""']",0.0009,0.001,0.001,0.0,0.001,0.001,0.001,0.001,1,0.001,0.0005,0.0005,0.0005,31.030000000000012,0.3103000000000001
./resource/gamelogic/set/breed/mp\ger2\elite_at.set,ger2,elite_at,0.35,vet_4,1,0.1,0.1,0.0009,"['""weapon panzershreck"" filled', '""mp40"" filled', '""ammo pistol"" 500', '""bandage"" 3', '""grenade m24x5"" 1', '""ammo panzershreck"" 7']",0.001,0.001,0.001,0.0,0.004,0.004,0.004,0.004,4,0.004,0.001,0.001,0.001,57.690000000000005,0.5769
./resource/gamelogic/set/breed/mp\ger2\elite_tankman.set,ger2,elite_tankman,0.1,tankman,tankcrew,0.1,0.1,0.0008,"['""valter"" filled', '""ammo walther_mag"" 32']",0.00115,0.00115,0.001,0.008,0.005,0.005,0.005,0.003,2,0.004,0.00025,0.0012,0.00025,33.579999999999984,0.3358
./resource/gamelogic/set/breed/mp\ger2\elite_tankman2.set,ger2,elite_tankman2,0.15,tankman2,tankcrew,0.1,0.1,0.0008,"['""mp40"" filled', '""ammo mp40_mag"" 96']",0.0012,0.0012,0.001,0.01,0.004,0.005,0.006999999999999999,0.003,2,0.004,0.0005,0.0022,0.0005,39.039999999999985,0.39039999999999997
./resource/gamelogic/set/breed/mp\ger2\fallschirm_at.set,ger2,fallschirm_at,0.4,vet_7,lvl5,0.1,0.1,0.0009,"['""weapon panzershreck"" filled', '""ammo panzershreck"" 7', '""valter"" filled', '""ammo walther_mag"" 16', '""grenade m39"" 2', '""grenade pwm1""']",0.00095,0.001,0.001,0.0,0.006999999999999999,0.006999999999999999,0.006999999999999999,0.006999999999999999,7,0.006999999999999999,0.0017499999999999998,0.0017499999999999998,0.0017499999999999998,64.41000000000001,0.6441000000000001
./resource/gamelogic/set/breed/mp\ger2\fallschirm_at2.set,ger2,fallschirm_at2,0.4,vet_7,lvl5,0.1,0.1,0.0009,"['""mauzer_vet"" filled', '""ammo mauser_clip"" 60', '""smoke grenade"" 1', '""ammo panzershreck"" 5', '""grenade m39"" 2', '""grenade pwm1""']",0.00095,0.001,0.001,0.0,0.006999999999999999,0.006999999999999999,0.006999999999999999,0.006999999999999999,7,0.006999999999999999,0.0017499999999999998,0.0017499999999999998,0.0017499999999999998,64.41000000000001,0.6441000000000001
./resource/gamelogic/set/breed/mp\ger2\fallschirm_fgsc_42.set,ger2,fallschirm_fgsc_42,0.4,vet_6,lvl5,0.1,0.1,0.0009,"['""fg42_sc"" filled', '""ammo fg42_mag"" 160', '""bandage"" 5', '""grenade m39"" 2', '""grenade m24x5""', '""smoke grenade"" 1', '""sandbag_kit""']",0.00095,0.001,0.001,0.0,0.006999999999999999,0.006999999999999999,0.006999999999999999,0.006999999999999999,7,0.006999999999999999,0.0015,0.0015,0.0015,64.33500000000004,0.6433499999999999
./resource/gamelogic/set/breed/mp\ger2\fallschirm_fgsc_43.set,ger2,fallschirm_fgsc_43,0.4,vet_6,lvl5,0.1,0.1,0.0009,"['""fg42_sc"" filled', '""ammo fg42_mag"" 160', '""bandage"" 5', '""grenade m39"" 2', '""grenade pwm1""', '""smoke grenade"" 1', '""sandbag_kit""', '""panzerfaust_60 weapon"" 0 1 filled']",0.00095,0.001,0.001,0.0,0.006999999999999999,0.006999999999999999,0.006999999999999999,0.006999999999999999,7,0.006999999999999999,0.0015,0.0015,0.0015,64.33500000000004,0.6433499999999999
./resource/gamelogic/set/breed/mp\ger2\fallschirm_fg_42.set,ger2,fallschirm_fg_42,0.4,vet_6,lvl5,0.1,0.1,0.0009,"['""fg42_rifle"" filled', '""ammo fg42_mag"" 160', '""bandage"" 5', '""grenade m39"" 2', '""grenade m24x5""', '""smoke grenade"" 1', '""sandbag_kit""']",0.00095,0.001,0.001,0.0,0.006999999999999999,0.006999999999999999,0.006999999999999999,0.006999999999999999,7,0.006999999999999999,0.0015,0.0015,0.0015,64.33500000000004,0.6433499999999999
./resource/gamelogic/set/breed/mp\ger2\fallschirm_fg_43.set,ger2,fallschirm_fg_43,0.4,vet_6,lvl5,0.1,0.1,0.0009,"['""fg42_rifle"" filled', '""ammo fg42_mag"" 160', '""bandage"" 5', '""grenade m39"" 2', '""grenade pwm1""', '""smoke grenade"" 1', '""sandbag_kit""', '""panzerfaust_60 weapon"" 0 1 filled']",0.00095,0.001,0.001,0.0,0.006999999999999999,0.006999999999999999,0.006999999999999999,0.006999999999999999,7,0.006999999999999999,0.0015,0.0015,0.0015,64.33500000000004,0.6433499999999999
./resource/gamelogic/set/breed/mp\ger2\fallschirm_grenadier.set,ger2,fallschirm_grenadier,0.4,vet_6,lvl5,0.1,0.1,0.0009,"['""mauzer_vet"" filled', '""ammo mauser_clip"" 120', '""bandage"" 5', '""k98_gewehrgranat"" filling ""k98_grenade fg"" 1', '""k98_grenade fg"" 6 1', '""k98_grenade ap"" 1 1', '""ammo mg_mauser drum"" 50', '""panzerfaust_60 weapon"" 0 1 filled']",0.00095,0.001,0.001,0.0,0.006999999999999999,0.006999999999999999,0.006999999999999999,0.006999999999999999,7,0.006999999999999999,0.0015,0.0015,0.0015,64.33500000000004,0.6433499999999999
./resource/gamelogic/set/breed/mp\ger2\fallschirm_mg.set,ger2,fallschirm_mg,0.4,vet_6,lvl5,0.1,0.1,0.0009,"['""mg42_inf_250"" filled', '""ammo mg_mauser belt"" 300', '""bandage"" 5', '""sandbag_kit""', '""barrel_case""']",0.00095,0.001,0.001,0.0,0.006999999999999999,0.006999999999999999,0.006999999999999999,0.006999999999999999,7,0.006999999999999999,0.0015,0.0015,0.0015,64.33500000000004,0.6433499999999999
./resource/gamelogic/set/breed/mp\ger2\fallschirm_mg_39.set,ger2,fallschirm_mg_39,0.4,vet_6,lvl5,0.1,0.1,0.0009,"['""mg34"" filled', '""ammo mg_mauser drum"" 300', '""bandage"" 5', '""sandbag_kit""', '""barrel_case""']",0.00095,0.001,0.001,0.0,0.006999999999999999,0.006999999999999999,0.006999999999999999,0.006999999999999999,7,0.006999999999999999,0.0015,0.0015,0.0015,64.33500000000004,0.6433499999999999
./resource/gamelogic/set/breed/mp\ger2\fallschirm_mg_asst.set,ger2,fallschirm_mg_asst,0.4,vet_3,lvl5,0.1,0.1,0.0009,"['""mauzer_vet"" filled', '""ammo mauser_clip"" 80', '""ammo mg_mauser belt"" 600', '""bandage"" 5', '""panzerfaust_60 weapon"" 0 1 filled']",0.00095,0.001,0.001,0.0,0.006999999999999999,0.006999999999999999,0.006999999999999999,0.006999999999999999,7,0.006999999999999999,0.00075,0.00075,0.00075,64.11000000000003,0.6411000000000001
./resource/gamelogic/set/breed/mp\ger2\fallschirm_mg_asst_39.set,ger2,fallschirm_mg_asst_39,0.4,vet_6,lvl5,0.1,0.1,0.0009,"['""mauzer_vet"" filled', '""ammo mauser_clip"" 80', '""ammo mg_mauser belt"" 600', '""bandage"" 5']",0.00095,0.001,0.001,0.0,0.006999999999999999,0.006999999999999999,0.006999999999999999,0.006999999999999999,7,0.006999999999999999,0.0015,0.0015,0.0015,64.33500000000004,0.6433499999999999
./resource/gamelogic/set/breed/mp\ger2\fallschirm_pzfst.set,ger2,fallschirm_pzfst,0.4,vet_6,lvl5,0.1,0.1,0.0009,"['""mauzer_vet"" filled', '""ammo mauser_clip"" 120', '""ammo mg_mauser drum"" 50', '""bandage"" 5', '""grenade m39"" 2', '""panzerfaust weapon"" 0 1 filled']",0.00095,0.001,0.001,0.0,0.006999999999999999,0.006999999999999999,0.006999999999999999,0.006999999999999999,7,0.006999999999999999,0.0015,0.0015,0.0015,64.33500000000004,0.6433499999999999
./resource/gamelogic/set/breed/mp\ger2\fallschirm_pzfst_fg.set,ger2,fallschirm_pzfst_fg,0.4,vet_10,lvl5,0.1,0.1,0.0009,"['""fg42_rifle"" filled', '""ammo fg42_mag"" 160', '""bandage"" 5', '""grenade m39"" 2', '""grenade pwm1""', '""smoke grenade"" 1', '""panzerfaust weapon"" 0 1 filled']",0.00095,0.001,0.001,0.0,0.006999999999999999,0.006999999999999999,0.006999999999999999,0.006999999999999999,7,0.006999999999999999,0.0025,0.0025,0.0025,64.63500000000002,0.6463499999999999
./resource/gamelogic/set/breed/mp\ger2\fallschirm_pzfst_stg.set,ger2,fallschirm_pzfst_stg,0.4,vet_6,lvl5,0.1,0.1,0.0009,"['""sg44"" filled', '""ammo stg44_mag"" 180', '""bandage"" 5', '""grenade m39"" 2', '""smoke grenade"" 1', '""panzerfaust weapon"" 0 1 filled']",0.00095,0.001,0.001,0.0,0.006999999999999999,0.006999999999999999,0.006999999999999999,0.006999999999999999,7,0.006999999999999999,0.0015,0.0015,0.0015,64.33500000000004,0.6433499999999999
./resource/gamelogic/set/breed/mp\ger2\fallschirm_rifle.set,ger2,fallschirm_rifle,0.4,vet_3,lvl5,0.1,0.1,0.0009,"['""mauzer_vet"" filled', '""ammo mauser_clip"" 120', '""ammo mg_mauser drum"" 50', '""bandage"" 5', '""grenade m39"" 2', '""grenade pwm1""', '""faustpatrone_30 weapon"" 0 1 filled']",0.00095,0.001,0.001,0.004,0.006999999999999999,0.006999999999999999,0.006999999999999999,0.006999999999999999,7,0.006999999999999999,0.00075,0.00075,0.00075,64.51000000000002,0.6451000000000001
./resource/gamelogic/set/breed/mp\ger2\fallschirm_rifle_39.set,ger2,fallschirm_rifle_39,0.4,vet_6,lvl5,0.1,0.1,0.0009,"['""mauzer_vet"" filled', '""ammo mauser_clip"" 120', '""ammo mg_mauser drum"" 50', '""bandage"" 5', '""grenade m39"" 2', '""grenade m24x5""']",0.00095,0.001,0.001,0.0,0.006999999999999999,0.006999999999999999,0.006999999999999999,0.006999999999999999,7,0.006999999999999999,0.0015,0.0015,0.0015,64.33500000000004,0.6433499999999999
./resource/gamelogic/set/breed/mp\ger2\fallschirm_sa.set,ger2,fallschirm_sa,0.4,vet_6,lvl5,0.1,0.1,0.0009,"['""g43"" filled', '""ammo g43_mag"" 20', '""ammo mauser_clip"" 100', '""ammo mg_mauser drum"" 50', '""bandage"" 5', '""grenade m39"" 2', '""grenade pwm1""', '""smoke grenade"" 1', '""panzerfaust_30 weapon"" 0 1 filled']",0.00095,0.001,0.001,0.0,0.006999999999999999,0.006999999999999999,0.006999999999999999,0.006999999999999999,7,0.006999999999999999,0.0015,0.0015,0.0015,64.33500000000004,0.6433499999999999
./resource/gamelogic/set/breed/mp\ger2\fallschirm_sa_41.set,ger2,fallschirm_sa_41,0.4,vet_6,lvl5,0.1,0.1,0.0009,"['""g41"" filled', '""ammo mauser_clip"" 120', '""ammo mg_mauser drum"" 50', '""bandage"" 5', '""grenade m39"" 2', '""grenade pwm1""', '""smoke grenade"" 1']",0.00095,0.001,0.001,0.0,0.006999999999999999,0.006999999999999999,0.006999999999999999,0.006999999999999999,7,0.006999999999999999,0.0015,0.0015,0.0015,64.33500000000004,0.6433499999999999
./resource/gamelogic/set/breed/mp\ger2\fallschirm_sl.set,ger2,fallschirm_sl,0.4,vet_6,lvl5,0.1,0.1,0.0009,"['""sg44"" filled', '""ammo stg44_mag"" 180', '""bandage"" 5', '""grenade m39"" 2', '""grenade pwm1""', '""smoke grenade"" 2']",0.00095,0.001,0.001,0.0,0.006999999999999999,0.006999999999999999,0.006999999999999999,0.006999999999999999,7,0.006999999999999999,0.0015,0.0015,0.0015,64.33500000000004,0.6433499999999999
./resource/gamelogic/set/breed/mp\ger2\fallschirm_sl_40.set,ger2,fallschirm_sl_40,0.4,vet_6,lvl5,0.1,0.1,0.0009,"['""mp40"" filled', '""ammo mp40_mag"" 192', '""bandage"" 5', '""grenade m39"" 2', '""grenade m24x5""', '""smoke grenade"" 2']",0.00095,0.001,0.001,0.0,0.006999999999999999,0.006999999999999999,0.006999999999999999,0.006999999999999999,7,0.006999999999999999,0.0015,0.0015,0.0015,64.33500000000004,0.6433499999999999
./resource/gamelogic/set/breed/mp\ger2\fallschirm_sl_asst_fg_42.set,ger2,fallschirm_sl_asst_fg_42,0.4,vet_6,lvl5,0.1,0.1,0.0009,"['""fg42_sc"" filled', '""ammo fg42_mag"" 160', '""bandage"" 5', '""grenade m39"" 2', '""grenade m24x5""', '""smoke grenade"" 2']",0.00095,0.001,0.001,0.0,0.006999999999999999,0.006999999999999999,0.006999999999999999,0.006999999999999999,7,0.006999999999999999,0.0015,0.0015,0.0015,64.33500000000004,0.6433499999999999
./resource/gamelogic/set/breed/mp\ger2\fallschirm_sl_asst_fg_43.set,ger2,fallschirm_sl_asst_fg_43,0.4,vet_6,lvl5,0.1,0.1,0.0009,"['""fg42_sc"" filled', '""ammo fg42_mag"" 160', '""bandage"" 5', '""grenade m39"" 2', '""grenade pwm1""', '""smoke grenade"" 2']",0.00095,0.001,0.001,0.0,0.006999999999999999,0.006999999999999999,0.006999999999999999,0.006999999999999999,7,0.006999999999999999,0.0015,0.0015,0.0015,64.33500000000004,0.6433499999999999
./resource/gamelogic/set/breed/mp\ger2\fallschirm_sl_asst_fg_44.set,ger2,fallschirm_sl_asst_fg_44,0.4,vet_6,lvl5,0.1,0.1,0.0009,"['""fg42_sc"" filled', '""ammo fg42_mag"" 160', '""bandage"" 5', '""grenade m39"" 2', '""grenade pwm1""', '""smoke grenade"" 2', '""panzerfaust weapon"" 0 1 filled']",0.00095,0.001,0.001,0.0,0.006999999999999999,0.006999999999999999,0.006999999999999999,0.006999999999999999,7,0.006999999999999999,0.0015,0.0015,0.0015,64.33500000000004,0.6433499999999999
./resource/gamelogic/set/breed/mp\ger2\fallschirm_sl_asst_smg.set,ger2,fallschirm_sl_asst_smg,0.4,vet_6,lvl5,0.1,0.1,0.0009,"['""mp40"" filled', '""ammo mp40_mag"" 192', '""bandage"" 5', '""grenade m39"" 2', '""grenade m24x5""', '""smoke grenade"" 2']",0.00095,0.001,0.001,0.0,0.006999999999999999,0.006999999999999999,0.006999999999999999,0.006999999999999999,7,0.006999999999999999,0.0015,0.0015,0.0015,64.33500000000004,0.6433499999999999
./resource/gamelogic/set/breed/mp\ger2\fallschirm_smg_40.set,ger2,fallschirm_smg_40,0.4,vet_6,lvl5,0.1,0.1,0.0009,"['""mp40"" filled', '""ammo mp40_mag"" 192', '""bandage"" 5', '""grenade m39"" 2', '""grenade m24x5""', '""smoke grenade"" 1']",0.00095,0.001,0.001,0.0,0.006999999999999999,0.006999999999999999,0.006999999999999999,0.006999999999999999,7,0.006999999999999999,0.0015,0.0015,0.0015,64.33500000000004,0.6433499999999999
./resource/gamelogic/set/breed/mp\ger2\fallschirm_sniper.set,ger2,fallschirm_sniper,0.4,vet_6,lvl5,0.1,0.1,0.0009,"['""mauzer_s"" filled', '""ammo mauser_clip"" 120', '""ammo mg_mauser drum"" 50', '""bandage"" 5', '""grenade m39"" 2']",0.00095,0.001,0.001,0.0,0.006999999999999999,0.006999999999999999,0.006999999999999999,0.006999999999999999,7,0.006999999999999999,0.0015,0.0015,0.0015,64.33500000000004,0.6433499999999999
./resource/gamelogic/set/breed/mp\ger2\fallschirm_stg.set,ger2,fallschirm_stg,0.4,vet_6,lvl5,0.1,0.1,0.0009,"['""sg44"" filled', '""ammo stg44_mag"" 180', '""bandage"" 5', '""grenade m39"" 2', '""grenade pwm1""', '""smoke grenade"" 1', '""panzerfaust_60 weapon"" 0 1 filled']",0.00095,0.001,0.001,0.0,0.006999999999999999,0.006999999999999999,0.006999999999999999,0.006999999999999999,7,0.006999999999999999,0.0015,0.0015,0.0015,64.33500000000004,0.6433499999999999
./resource/gamelogic/set/breed/mp\ger2\flamer.set,ger2,flamer,0.15,flamer,1,0.1,0.1,0.0009,"['""flame_thrower_g""', '""balloon_g"" filled']",0.00075,0.001,0.0008,0.0,0.004,0.004,0.002,0.003,2,0.004,0.001,0.001,0.001,37.345000000000006,0.37345
./resource/gamelogic/set/breed/mp\ger2\flamer2.set,ger2,flamer2,0.15,flamer,1,0.1,0.1,0.0009,"['""mp40"" filled', '""ammo mp40_mag"" 192', '""bandage"" 3', '""grenade m24"" 2', '""grenade m24x5"" 1', '""smoke grenade"" 1']",0.00075,0.001,0.0008,0.0,0.004,0.004,0.002,0.003,2,0.004,0.001,0.001,0.001,37.345000000000006,0.37345
./resource/gamelogic/set/breed/mp\ger2\jager_mg.set,ger2,jager_mg,0.2,vet_5,lvl2,0.1,0.1,0.0009,"['""mg42_inf"" filled', '""ammo mg_mauser drum"" 300', '""valter"" filled', '""ammo walther_mag"" 16', '""bandage"" 3', '""sandbag_kit""', '""barrel_case""']",0.00075,0.001,0.0008,0.0,0.005,0.003,0.005,0.004,2,0.005,0.00125,0.00125,0.00125,42.92,0.42919999999999997
./resource/gamelogic/set/breed/mp\ger2\jager_mg_asst.set,ger2,jager_mg_asst,0.2,vet_5,lvl2,0.1,0.1,0.0009,"['""mauzer_vet"" filled', '""ammo mauser_clip"" 60', '""ammo mg_mauser belt"" 600', '""bandage"" 3', '""sandbag_kit""']",0.00075,0.001,0.0008,0.0,0.004,0.003,0.005,0.005,2,0.005,0.00125,0.00125,0.00125,42.92,0.42919999999999997
./resource/gamelogic/set/breed/mp\ger2\jager_pzfst.set,ger2,jager_pzfst,0.2,vet_5,lvl2,0.1,0.1,0.0009,"['""mauzer_vet"" filled', '""ammo mauser_clip"" 60', '""ammo mg_mauser drum"" 50', '""bandage"" 3', '""grenade m24"" 2', '""grenade m24x5"" 0 1', '""panzerfaust weapon"" 0 1 filled']",0.00075,0.001,0.0008,0.0,0.004,0.003,0.002,0.005,5,0.005,0.00125,0.00125,0.00125,42.620000000000005,0.42619999999999997
./resource/gamelogic/set/breed/mp\ger2\jager_rifle.set,ger2,jager_rifle,0.2,vet_5,lvl2,0.1,0.1,0.0009,"['""mauzer_vet"" filled', '""ammo mauser_clip"" 60', '""ammo mg_mauser drum"" 50', '""bandage"" 3', '""grenade m24"" 2', '""grenade m24x5"" 0 1', '""panzerfaust_60 weapon"" 0 1 filled']",0.00075,0.001,0.0008,0.0,0.004,0.003,0.002,0.005,3,0.005,0.00125,0.00125,0.00125,42.620000000000005,0.42619999999999997
./resource/gamelogic/set/breed/mp\ger2\jager_sa.set,ger2,jager_sa,0.2,vet_5,lvl2,0.1,0.1,0.0009,"['""g43"" filling ""ammo g43_mag"" 10', '""ammo g43_mag"" 20', '""ammo mauser_clip"" 60', '""ammo mg_mauser drum"" 50', '""bandage"" 3', '""grenade m24"" 2', '""grenade m24x5"" 0 1', '""smoke grenade"" 1', '""panzerfaust_30 weapon"" 0 1 filled']",0.00075,0.001,0.0008,0.0,0.004,0.003,0.002,0.005,3,0.005,0.00125,0.00125,0.00125,42.620000000000005,0.42619999999999997
./resource/gamelogic/set/breed/mp\ger2\jager_sa_41.set,ger2,jager_sa_41,0.2,vet_5,lvl2,0.1,0.1,0.0009,"['""g41"" filled', '""ammo mauser_clip"" 80', '""ammo mg_mauser drum"" 50', '""bandage"" 3', '""grenade m24"" 2', '""grenade m24x5"" 0 1', '""smoke grenade"" 1']",0.00075,0.001,0.0008,0.0,0.004,0.003,0.002,0.005,3,0.005,0.00125,0.00125,0.00125,42.620000000000005,0.42619999999999997
./resource/gamelogic/set/breed/mp\ger2\jager_sl_smg.set,ger2,jager_sl_smg,0.2,vet_5,lvl2,0.1,0.1,0.0009,"['""mp40"" filled', '""ammo mp40_mag"" 192', '""bandage"" 3', '""grenade m24"" 2', '""grenade m24x5"" 1', '""smoke grenade"" 2']",0.00085,0.001,0.0009,0.0,0.005,0.005,0.004,0.005,4,0.005,0.00125,0.00125,0.00125,43.14000000000001,0.4314
./resource/gamelogic/set/breed/mp\ger2\jager_sl_smg_asst.set,ger2,jager_sl_smg_asst,0.2,vet_5,lvl2,0.1,0.1,0.0009,"['""mp40"" filled', '""ammo mp40_mag"" 192', '""bandage"" 3', '""grenade m24"" 2', '""grenade m24x5"" 0 1', '""smoke grenade"" 2']",0.00085,0.001,0.0009,0.0,0.005,0.005,0.004,0.005,4,0.005,0.00125,0.00125,0.00125,43.14000000000001,0.4314
./resource/gamelogic/set/breed/mp\ger2\jager_sl_stg.set,ger2,jager_sl_stg,0.2,vet_5,lvl2,0.1,0.1,0.0009,"['""sg44"" filled', '""ammo stg44_mag"" 180', '""bandage"" 3', '""grenade m24"" 2', '""grenade m24x5"" 1', '""smoke grenade"" 2']",0.00085,0.001,0.0009,0.0,0.005,0.005,0.004,0.005,4,0.005,0.00125,0.00125,0.00125,43.14000000000001,0.4314
./resource/gamelogic/set/breed/mp\ger2\jager_sl_stg_asst.set,ger2,jager_sl_stg_asst,0.2,vet_5,lvl2,0.1,0.1,0.0009,"['""sg44"" filled', '""ammo stg44_mag"" 180', '""bandage"" 3', '""grenade m24"" 2', '""grenade m24x5"" 0 1', '""smoke grenade"" 2', '""panzerfaust_30 weapon"" 0 1 filled']",0.00085,0.001,0.0009,0.0,0.005,0.005,0.004,0.005,4,0.005,0.00125,0.00125,0.00125,43.14000000000001,0.4314
./resource/gamelogic/set/breed/mp\ger2\jager_smg.set,ger2,jager_smg,0.2,vet_5,lvl2,0.1,0.1,0.0009,"['""mp41"" filled', '""ammo mp40_mag"" 192', '""bandage"" 3', '""grenade m24"" 2', '""grenade m24x5"" 0 1', '""smoke grenade"" 1', '""panzerfaust_60 weapon"" 0 1 filled']",0.00075,0.001,0.0008,0.0,0.004,0.005,0.002,0.003,3,0.005,0.00125,0.00125,0.00125,42.620000000000005,0.42619999999999997
./resource/gamelogic/set/breed/mp\ger2\jager_stg.set,ger2,jager_stg,0.2,vet_5,lvl2,0.1,0.1,0.0009,"['""sg44"" filled', '""ammo stg44_mag"" 180', '""bandage"" 3', '""grenade m24"" 2', '""grenade m24x5"" 0 1', '""smoke grenade"" 1', '""panzerfaust_60 weapon"" 0 1 filled']",0.00075,0.001,0.0008,0.0,0.004,0.005,0.002,0.003,3,0.005,0.00125,0.00125,0.00125,42.620000000000005,0.42619999999999997
./resource/gamelogic/set/breed/mp\ger2\light_mortar.set,ger2,light_mortar,0.15,vet_3,1,0.1,0.1,0.0009,"['""mortar_legrw_36"" filled', '""ammo mortar50 ger fg"" 12', '""bandage"" 3']",0.00075,0.001,0.0008,0.0,0.004,0.003,0.002,0.005,2,0.004,0.00075,0.00075,0.00075,37.37000000000001,0.3736999999999999
./resource/gamelogic/set/breed/mp\ger2\light_mortar2.set,ger2,light_mortar2,0.15,vet_4,1,0.1,0.1,0.0009,"['""mauzer"" filled', '""ammo mauser_clip"" 60', '""ammo mortar50 ger fg"" 8', '""bandage"" 3', '""grenade m24"" 2', '""sandbag_kit""']",0.00075,0.001,0.0008,0.0,0.004,0.003,0.002,0.005,2,0.004,0.001,0.001,0.001,37.44500000000001,0.37445
./resource/gamelogic/set/breed/mp\ger2\mgun.set,ger2,mgun,0.15,vet_3,1_lvl2,0.1,0.1,0.0009,"['""mg42_inf"" filled', '""ammo mg_mauser drum"" 300', '""valter"" filled', '""ammo walther_mag"" 16', '""bandage"" 3', '""sandbag_kit"" 1', '""barrel_case""']",0.00075,0.001,0.0008,0.0,0.004,0.003,0.004,0.003,2,0.004,0.00075,0.00075,0.00075,37.370000000000005,0.3736999999999999
./resource/gamelogic/set/breed/mp\ger2\mgun_asst.set,ger2,mgun_asst,0.15,vet_3,1_lvl2,0.1,0.1,0.0009,"['""mauzer"" filled', '""ammo mauser_clip"" 60', '""ammo mg_mauser belt"" 600', '""bandage"" 3', '""sandbag_kit""']",0.00075,0.001,0.0008,0.0,0.004,0.003,0.004,0.004,2,0.004,0.00075,0.00075,0.00075,37.470000000000006,0.3746999999999999
./resource/gamelogic/set/breed/mp\ger2\oficer.set,ger2,oficer,0.25,oficer,1,0.1,0.1,0.001,"['""luger"" filled', '""ammo walther_mag"" 32', '""knife_ger""', '""binocular""']",0.00085,0.001,0.0009,0.0,0.005,0.005,0.005,0.005,5,0.005,-0.01,0.02,0.01,49.87500000000001,0.49875
./resource/gamelogic/set/breed/mp\ger2\oficer2.set,ger2,oficer2,0.5,oficer_vet,1,0.1,0.1,0.001,"['""mp41"" filled', '""ammo mp40_mag"" 64', '""knife_ger""', '""binocular""']",0.001,0.001,0.001,0.0,0.006,0.006,0.006,0.006,6,0.006,-0.012,0.025,0.015,76.19999999999995,0.762
./resource/gamelogic/set/breed/mp\ger2\radioman.set,ger2,radioman,0.15,radioman,1,0.1,0.1,0.0009,"['""mp40"" filled', '""mortar_flaergun"" filled', '""ammo mp40_mag"" 192', '""ammo mortar_flaer"" 5', '""bandage"" 3']",0.00075,0.001,0.0008,0.0,0.004,0.004,0.002,0.003,2,0.004,0.005,0.02,0.001,39.645,0.39645
./resource/gamelogic/set/breed/mp\ger2\recon_mg.set,ger2,recon_mg,0.15,vet_3,1,0.1,0.1,0.0009,"['""mg42_inf"" filled', '""ammo mg_mauser drum"" 300', '""valter"" filled', '""ammo walther_mag"" 16', '""bandage"" 3', '""barrel_case""']",0.00075,0.001,0.0008,0.0,0.003,0.002,0.003,0.003,2,0.003,0.00075,0.00075,0.00075,36.970000000000006,0.3696999999999999
./resource/gamelogic/set/breed/mp\ger2\recon_pzfst.set,ger2,recon_pzfst,0.15,vet_3,1,0.1,0.1,0.0009,"['""mauzer"" filled', '""ammo mauser_clip"" 60', '""ammo mg_mauser drum"" 50', '""bandage"" 3', '""grenade m24"" 2', '""panzerfaust weapon"" 0 1 filled']",0.00075,0.001,0.0008,0.0,0.003,0.002,0.002,0.003,3,0.003,0.00075,0.00075,0.00075,36.87000000000001,0.3686999999999999
./resource/gamelogic/set/breed/mp\ger2\recon_rifle.set,ger2,recon_rifle,0.15,vet_3,1,0.1,0.1,0.0009,"['""mauzer"" filled', '""ammo mauser_clip"" 60', '""ammo mg_mauser drum"" 50', '""bandage"" 3', '""grenade m24"" 2', '""panzerfaust_30 weapon"" 0 1 filled']",0.00075,0.001,0.0008,0.0,0.003,0.002,0.002,0.003,2,0.003,0.00075,0.00075,0.00075,36.87000000000001,0.3686999999999999
./resource/gamelogic/set/breed/mp\ger2\recon_sa.set,ger2,recon_sa,0.15,vet_3,1,0.1,0.1,0.0009,"['""g43"" filling ""ammo g43_mag"" 10', '""ammo g43_mag"" 20', '""ammo mauser_clip"" 60', '""ammo mg_mauser drum"" 50', '""bandage"" 3', '""grenade m24"" 2', '""grenade m24x5"" 0 1', '""panzerfaust_60 weapon"" 0 1 filled']",0.00075,0.001,0.0008,0.0,0.003,0.002,0.002,0.003,2,0.003,0.00075,0.00075,0.00075,36.87000000000001,0.3686999999999999
./resource/gamelogic/set/breed/mp\ger2\recon_sl.set,ger2,recon_sl,0.2,vet_3,1,0.1,0.1,0.0009,"['""mp40"" filled', '""ammo mp40_mag"" 192', '""bandage"" 3', '""grenade m24"" 2', '""grenade m24x5"" 1', '""smoke grenade"" 2']",0.00085,0.001,0.0009,0.0,0.004,0.004,0.003,0.003,2,0.004,0.00075,0.00075,0.00075,42.39000000000001,0.4239
./resource/gamelogic/set/breed/mp\ger2\recon_sl_rifle.set,ger2,recon_sl_rifle,0.2,vet_4,1,0.1,0.1,0.0009,"['""mauzer"" filled', '""ammo mauser_clip"" 60', '""bandage"" 3', '""grenade m24"" 2', '""grenade m24x5"" 1', '""smoke grenade"" 2']",0.00085,0.001,0.0009,0.0,0.004,0.003,0.003,0.004,2,0.004,0.001,0.001,0.001,42.465,0.4246500000000001
./resource/gamelogic/set/breed/mp\ger2\recon_sl_stg.set,ger2,recon_sl_stg,0.2,vet_4,1,0.1,0.1,0.0009,"['""sg44"" filled', '""ammo stg44_mag"" 180', '""bandage"" 3', '""grenade m24"" 2', '""grenade m24x5"" 1', '""smoke grenade"" 2']",0.00085,0.001,0.0009,0.0,0.004,0.004,0.003,0.003,2,0.004,0.001,0.001,0.001,42.465,0.4246500000000001
./resource/gamelogic/set/breed/mp\ger2\recon_stg.set,ger2,recon_stg,0.15,vet_3,1,0.1,0.1,0.0009,"['""sg44"" filled', '""ammo stg44_mag"" 180', '""bandage"" 3', '""grenade m24"" 2', '""grenade m24x5"" 0 1', '""panzerfaust_60 weapon"" 0 1 filled']",0.00075,0.001,0.0008,0.0,0.003,0.003,0.002,0.002,2,0.003,0.00075,0.00075,0.00075,36.87000000000001,0.3686999999999999
./resource/gamelogic/set/breed/mp\ger2\rifle.set,ger2,rifle,0.15,vet_3,1_lvl2,0.1,0.1,0.0009,"['""mauzer"" filled', '""ammo mauser_clip"" 60', '""ammo mg_mauser drum"" 50', '""bandage"" 5', '""grenade m24"" 2', '""grenade m24x5"" 0 1', '""sandbag_kit"" 1', '""panzerfaust_60 weapon"" 0 1 filled']",0.00075,0.001,0.0008,0.0,0.004,0.003,0.003,0.004,2,0.004,0.00075,0.00075,0.00075,37.370000000000005,0.3736999999999999
./resource/gamelogic/set/breed/mp\ger2\rifle2.set,ger2,rifle2,0.15,vet_2,1_lvl2,0.1,0.1,0.0009,"['""g43"" filled', '""ammo g43_mag"" 20', '""ammo mauser_clip"" 60', '""ammo mg_mauser drum"" 50', '""bandage"" 5', '""grenade m24"" 2', '""grenade m24x5"" 0 1', '""sandbag_kit"" 1', '""panzerfaust_60 weapon"" 0 1 filled']",0.00075,0.001,0.0008,0.0,0.004,0.003,0.003,0.004,2,0.004,0.0005,0.0005,0.0005,37.29499999999999,0.37295
./resource/gamelogic/set/breed/mp\ger2\rifle_grenadier.set,ger2,rifle_grenadier,0.15,vet_3,1_lvl2,0.1,0.1,0.0009,"['""mauzer"" filled', '""ammo mauser_clip"" 60', '""ammo mg_mauser drum"" 50', '""bandage"" 5', '""k98_gewehrgranat"" filling ""k98_grenade fg"" 1', '""k98_grenade fg"" 6 1', '""k98_grenade ap"" 1 1', '""sandbag_kit"" 1']",0.00075,0.001,0.0008,0.0,0.004,0.003,0.003,0.004,2,0.004,0.00075,0.00075,0.00075,37.370000000000005,0.3736999999999999
./resource/gamelogic/set/breed/mp\ger2\rifle_pzfst.set,ger2,rifle_pzfst,0.15,vet_5,1_lvl2,0.1,0.1,0.0009,"['""mauzer"" filled', '""ammo mauser_clip"" 60', '""ammo mg_mauser drum"" 50', '""bandage"" 5', '""grenade m24"" 2', '""grenade m24x5"" 0 1', '""sandbag_kit"" 1', '""panzerfaust weapon"" 0 1 filled']",0.00075,0.001,0.0008,0.0,0.004,0.003,0.003,0.004,4,0.004,0.00125,0.00125,0.00125,37.519999999999996,0.3751999999999999
./resource/gamelogic/set/breed/mp\ger2\rifle_single.set,ger2,rifle_single,0.15,vet_5,1_lvl2,0.1,0.1,0.0009,"['""mauzer"" filled', '""ammo mauser_clip"" 60', '""ammo mg_mauser drum"" 50', '""bandage"" 5', '""grenade m24"" 2', '""grenade m24x5"" 0 1', '""sandbag_kit"" 1']",0.00075,0.001,0.0008,0.0,0.004,0.003,0.003,0.004,2,0.004,0.00125,0.00125,0.00125,37.519999999999996,0.3751999999999999
./resource/gamelogic/set/breed/mp\ger2\saper.set,ger2,saper,0.15,saper,1,0.1,0.1,0.0009,"['""mp40"" filled', '""ammo mp40_mag"" 192', '""mine_detector""', '""dynamite_ladung"" 2', '""hohlladung grenade""', '""trench_spade""']",0.00085,0.001,0.0009,0.0,0.004,0.004,0.002,0.003,2,0.004,0.001,0.001,0.001,37.36500000000001,0.37365000000000004
./resource/gamelogic/set/breed/mp\ger2\sl_asst.set,ger2,sl_asst,0.15,vet_5,1_lvl2,0.1,0.1,0.0009,"['""g43"" filled', '""ammo g43_mag"" 20', '""ammo mauser_clip"" 60', '""ammo mg_mauser drum"" 50', '""bandage"" 5', '""grenade m24"" 2', '""grenade m24x5"" 0 1', '""sandbag_kit"" 1', '""panzerfaust_60 weapon"" 0 1 filled']",0.00075,0.001,0.0008,0.0,0.004,0.003,0.002,0.004,2,0.004,0.00125,0.00125,0.00125,37.42,0.3741999999999999
./resource/gamelogic/set/breed/mp\ger2\smg.set,ger2,smg,0.15,vet_3,1_lvl2,0.1,0.1,0.0009,"['""mp40"" filled', '""ammo mp40_mag"" 192', '""bandage"" 5', '""grenade m24"" 2', '""grenade m24x5"" 0 1', '""panzerfaust_30 weapon"" 0 1 filled']",0.00075,0.001,0.0008,0.0,0.004,0.004,0.002,0.003,2,0.004,0.00075,0.00075,0.00075,37.27000000000001,0.3726999999999999
./resource/gamelogic/set/breed/mp\ger2\smg2.set,ger2,smg2,0.15,vet_2,1_lvl2,0.1,0.1,0.0009,"['""mp41"" filled', '""ammo mp40_mag"" 192', '""bandage"" 5', '""grenade m24"" 2', '""grenade m24x5"" 0 1', '""panzerfaust_30 weapon"" 0 1 filled']",0.00075,0.001,0.0008,0.0,0.004,0.004,0.002,0.003,2,0.004,0.0005,0.0005,0.0005,37.19499999999999,0.37195
./resource/gamelogic/set/breed/mp\ger2\smg3.set,ger2,smg3,0.15,vet_2,1_lvl2,0.1,0.1,0.0009,"['""ppsh"" filled', '""ammo ppsh_mag"" 213', '""bandage"" 5', '""grenade m24"" 2', '""grenade m24x5"" 0 1', '""panzerfaust_30 weapon"" 0 1 filled']",0.00075,0.001,0.0008,0.0,0.004,0.004,0.002,0.003,2,0.004,0.0005,0.0005,0.0005,37.19499999999999,0.37195
./resource/gamelogic/set/breed/mp\ger2\sniper.set,ger2,sniper,0.35,sniper,elite,0.1,0.1,0.001,"['""mauzer_s_vet"" filled', '""ammo mauser_clip"" 60', '""ammo mauser_clip fg"" 20', '""bandage"" 5', '""smoke_paradrop_ammo grenade"" 1', '""plant"" 3', '""knife_ger""']",0.00075,0.001,0.0008,0.0,0.004,0.004,0.003,0.006999999999999999,3,0.005,0.005,0.008,0.002,59.155,0.59155
./resource/gamelogic/set/breed/mp\ger2\squadleader.set,ger2,squadleader,0.2,vet_4,1_lvl2,0.1,0.1,0.0009,"['""mp40"" filled', '""ammo mp40_mag"" 192', '""bandage"" 5', '""grenade m24"" 2', '""grenade m24x5"" 1', '""smoke grenade"" 2']",0.00085,0.001,0.0009,0.0,0.005,0.005,0.003,0.004,2,0.005,0.001,0.001,0.001,42.86500000000001,0.4286500000000001
./resource/gamelogic/set/breed/mp\ger2\squadleader2.set,ger2,squadleader2,0.2,vet_3,1_lvl2,0.1,0.1,0.0009,"['""sg44"" filled', '""ammo stg44_mag"" 180', '""bandage"" 5', '""grenade m24"" 2', '""grenade m24x5"" 1', '""smoke grenade"" 2']",0.00085,0.001,0.0009,0.0,0.005,0.005,0.003,0.004,2,0.005,0.00075,0.00075,0.00075,42.79000000000001,0.4279
./resource/gamelogic/set/breed/mp\ger2\stg.set,ger2,stg,0.15,vet_5,1_lvl2,0.1,0.1,0.0009,"['""sg44"" filled', '""ammo stg44_mag"" 180', '""bandage"" 5', '""grenade m24"" 2', '""grenade m24x5"" 0 1', '""panzerfaust_60 weapon"" 0 1 filled']",0.00075,0.001,0.0008,0.0,0.004,0.004,0.002,0.003,2,0.004,0.00125,0.00125,0.00125,37.42,0.3741999999999999
./resource/gamelogic/set/breed/mp\ger2\sturmovik.set,ger2,sturmovik,0.4,vet_5,lvl2,0.1,0.125,0.001,"['""sg44"" filled', '""ammo stg44_mag"" 180', '""bandage"" 5', '""grenade m24"" 2', '""grenade m24x5""', '""smoke grenade"" 1', '""panzerfaust weapon"" 0 1 filled']",0.001,0.001,0.001,0.0,0.006999999999999999,0.006999999999999999,0.006999999999999999,0.006999999999999999,7,0.006999999999999999,0.00125,0.00125,0.00125,66.77500000000002,0.66775
./resource/gamelogic/set/breed/mp\ger2\sturmovik2.set,ger2,sturmovik2,0.4,vet_5,lvl2,0.1,0.125,0.001,"['""g43"" filling ""ammo g43_mag"" 10', '""ammo g43_mag"" 20', '""ammo mauser_clip"" 60', '""ammo mg_mauser drum"" 50', '""bandage"" 5', '""grenade m24"" 2', '""grenade m24x5""', '""smoke grenade"" 1', '""panzerfaust_60 weapon"" 0 1 filled']",0.001,0.001,0.001,0.0,0.006999999999999999,0.006999999999999999,0.006999999999999999,0.006999999999999999,7,0.006999999999999999,0.00125,0.00125,0.00125,66.77500000000002,0.66775
./resource/gamelogic/set/breed/mp\ger2\sturmovik3.set,ger2,sturmovik3,0.4,vet_5,lvl2,0.1,0.125,0.001,"['""mp41"" filled', '""ammo mp40_mag"" 192', '""bandage"" 5', '""grenade m24"" 2', '""grenade m24x5""', '""smoke grenade"" 1', '""panzerfaust_60 weapon"" 0 1 filled']",0.001,0.001,0.001,0.0,0.006999999999999999,0.006999999999999999,0.006999999999999999,0.006999999999999999,7,0.006999999999999999,0.00125,0.00125,0.00125,66.77500000000002,0.66775
./resource/gamelogic/set/breed/mp\ger2\sturmovik4.set,ger2,sturmovik4,0.4,vet_5,lvl2,0.1,0.125,0.001,"['""mauzer_vet"" filled', '""ammo mauser_clip"" 60', '""ammo mg_mauser drum"" 50', '""bandage"" 5', '""grenade m24"" 2', '""grenade m24x5""', '""panzerfaust_60 weapon"" 0 1 filled']",0.001,0.001,0.001,0.0,0.006999999999999999,0.006999999999999999,0.006999999999999999,0.006999999999999999,7,0.006999999999999999,0.00125,0.00125,0.00125,66.77500000000002,0.66775
./resource/gamelogic/set/breed/mp\ger2\sturmovik4b.set,ger2,sturmovik4b,0.4,vet_5,lvl2,0.1,0.125,0.001,"['""g43"" filling ""ammo g43_mag"" 10', '""ammo g43_mag"" 20', '""ammo mauser_clip"" 60', '""ammo mg_mauser drum"" 50', '""bandage"" 5', '""grenade m24"" 2', '""grenade m24x5""', '""smoke grenade"" 1', '""panzerfaust_60 weapon"" 0 1 filled']",0.001,0.001,0.001,0.0,0.006999999999999999,0.006999999999999999,0.006999999999999999,0.006999999999999999,7,0.006999999999999999,0.00125,0.00125,0.00125,66.77500000000002,0.66775
./resource/gamelogic/set/breed/mp\ger2\sturmovik4c.set,ger2,sturmovik4c,0.4,vet_7,lvl2,0.1,0.125,0.001,"['""g43_scope"" filling ""ammo g43_mag"" 10', '""ammo g43_mag"" 60', '""ammo mauser_clip fg"" 20', '""bandage"" 5', '""grenade m24"" 2', '""panzerfaust_30 weapon"" 0 1 filled']",0.001,0.001,0.001,0.0,0.006999999999999999,0.006999999999999999,0.006999999999999999,0.006999999999999999,7,0.006999999999999999,0.0017499999999999998,0.0017499999999999998,0.0017499999999999998,66.92500000000001,0.6692500000000001
./resource/gamelogic/set/breed/mp\ger2\sturmovik5.set,ger2,sturmovik5,0.4,vet_5,lvl2,0.1,0.125,0.001,"['""g43"" filling ""ammo g43_mag"" 10', '""ammo g43_mag"" 20', '""ammo mauser_clip"" 60', '""ammo mg_mauser drum"" 50', '""bandage"" 5', '""grenade m24"" 2', '""panzerfaust weapon"" filled', '""panzerfaust weapon"" filled']",0.001,0.001,0.001,0.0,0.006999999999999999,0.006999999999999999,0.006999999999999999,0.006999999999999999,7,0.006999999999999999,0.00125,0.00125,0.00125,66.77500000000002,0.66775
./resource/gamelogic/set/breed/mp\ger2\sturmovik5b.set,ger2,sturmovik5b,0.4,vet_5,lvl2,0.1,0.125,0.001,"['""mauzer_vet"" filled', '""ammo mauser_clip"" 60', '""ammo mg_mauser drum"" 50', '""bandage"" 5', '""grenade m24"" 2', '""panzerfaust weapon"" filled', '""panzerfaust weapon"" filled']",0.001,0.001,0.001,0.0,0.006999999999999999,0.006999999999999999,0.006999999999999999,0.006999999999999999,7,0.006999999999999999,0.00125,0.00125,0.00125,66.77500000000002,0.66775
./resource/gamelogic/set/breed/mp\ger2\sturmovik6.set,ger2,sturmovik6,0.4,vet_5,lvl2,0.1,0.125,0.001,"['""mg34"" filled', '""ammo mg_mauser drum"" 300', '""valter"" filled', '""ammo walther_mag"" 16', '""bandage"" 5', '""m24 grenade""', '""barrel_case""']",0.001,0.001,0.001,0.0,0.006999999999999999,0.006999999999999999,0.006999999999999999,0.006999999999999999,7,0.006999999999999999,0.00125,0.00125,0.00125,66.77500000000002,0.66775
./resource/gamelogic/set/breed/mp\ger2\sturmovik6b.set,ger2,sturmovik6b,0.4,vet_5,lvl2,0.1,0.125,0.001,"['""mauzer_vet"" filled', '""ammo mauser_clip"" 60', '""ammo mg_mauser belt"" 600', '""bandage"" 5']",0.001,0.001,0.001,0.0,0.006999999999999999,0.006999999999999999,0.006999999999999999,0.006999999999999999,7,0.006999999999999999,0.00125,0.00125,0.00125,66.77500000000002,0.66775
./resource/gamelogic/set/breed/mp\ger2\sturmovik_sl.set,ger2,sturmovik_sl,0.4,vet_5,lvl2,0.1,0.125,0.001,"['""sg44"" filled', '""ammo stg44_mag"" 180', '""bandage"" 5', '""grenade m24"" 2', '""smoke grenade"" 2']",0.001,0.001,0.001,0.0,0.006999999999999999,0.006999999999999999,0.006999999999999999,0.006999999999999999,7,0.006999999999999999,0.00125,0.00125,0.00125,66.77500000000002,0.66775
./resource/gamelogic/set/breed/mp\ger2\sturmovik_sl_asst.set,ger2,sturmovik_sl_asst,0.4,vet_5,lvl2,0.1,0.125,0.001,"['""sg44"" filled', '""ammo stg44_mag"" 180', '""bandage"" 5', '""grenade m24"" 2', '""smoke grenade"" 2', '""panzerfaust weapon"" 0 1 filled']",0.001,0.001,0.001,0.0,0.006999999999999999,0.006999999999999999,0.006999999999999999,0.006999999999999999,7,0.006999999999999999,0.00125,0.00125,0.00125,66.77500000000002,0.66775
./resource/gamelogic/set/breed/mp\ger2\tankman.set,ger2,tankman,0.1,tankman,tankcrew,0.1,0.1,0.0008,"['""valter"" filled', '""ammo walther_mag"" 32']",0.001,0.001,0.0008,0.005,0.005,0.005,0.004,0.003,2,0.004,0.00025,0.0012,0.00025,33.12999999999999,0.33130000000000004
./resource/gamelogic/set/breed/mp\ger2\tankman2.set,ger2,tankman2,0.15,tankman2,tankcrew,0.1,0.1,0.0008,"['""mp40"" filled', '""ammo mp40_mag"" 96']",0.001,0.001,0.0008,0.006999999999999999,0.004,0.005,0.006,0.003,2,0.004,0.0005,0.0022,0.0005,38.57999999999999,0.38580000000000003
./resource/gamelogic/set/breed/mp\ger2\vehicle_supporter.set,ger2,vehicle_supporter,0.15,vehicle_supporter,tankcrew,0.1,0.1,0.0009,"['""mauzer"" filled', '""ammo mauser_clip"" 60', '""bandage"" 3', '""grenade m24""']",0.001,0.001,0.001,0.006,0.003,0.003,0.006,0.004,2,0.004,0.0005,0.002,0.00025,38.265,0.38265
./resource/gamelogic/set/breed/mp\ger_ss\ap_miner.set,ger_ss,ap_miner,0.15,ap_miner,,0.1,0.1,0.0009,"['""mp40"" filled', '""ammo mp40_mag"" 192', '""mine s_mine"" 20', '""hohlladung grenade""', '""barbwire_kit""', '""bandage"" 5']",0.00075,0.001,0.0008,0.0,0.004,0.004,0.002,0.003,2,0.004,0.001,0.001,0.001,37.345000000000006,0.37345
./resource/gamelogic/set/breed/mp\ger_ss\at_miner.set,ger_ss,at_miner,0.15,at_miner,,0.1,0.1,0.0009,"['""mp40"" filled', '""ammo mp40_mag"" 192', '""mine antitank"" 7', '""hohlladung grenade""', '""hedgehog_kit""', '""bandage"" 5']",0.00075,0.001,0.0008,0.0,0.004,0.004,0.002,0.003,2,0.004,0.001,0.001,0.001,37.345000000000006,0.37345
./resource/gamelogic/set/breed/mp\ger_ss\at_rifle.set,ger_ss,at_rifle,0.15,at_rifle,1,0.1,0.1,0.0009,"['""pzb39"" filled', '""bandage"" 3', '""grenade hohlladung"" 1', '""ammo ptr"" 35']",0.00075,0.001,0.0008,0.0,0.004,0.004,0.001,0.005,2,0.004,0.001,0.0015,0.001,37.495000000000005,0.37495
./resource/gamelogic/set/breed/mp\ger_ss\at_rifle2.set,ger_ss,at_rifle2,0.15,at_rifle,1,0.1,0.1,0.0009,"['""mp40"" filled', '""ammo mp40_mag"" 192', '""bandage"" 3', '""grenade m24"" 2', '""hohlladung grenade"" 1', '""smoke grenade"" 1', '""ammo ptr"" 10']",0.00075,0.001,0.0008,0.0,0.004,0.004,0.002,0.005,2,0.004,0.001,0.0015,0.001,37.595000000000006,0.37595
./resource/gamelogic/set/breed/mp\ger_ss\bazooker.set,ger_ss,bazooker,0.4,bazooker,elite,0.1,0.1,0.0009,"['""weapon panzershreck"" filled', '""ammo panzershreck"" 7', '""valter"" filled', '""ammo walther_mag"" 16', '""bandage"" 5', '""hohlladung grenade"" 1']",0.00095,0.001,0.001,0.0,0.006,0.003,0.003,0.005,6,0.005,0.001,0.0015,0.001,62.935,0.62935
./resource/gamelogic/set/breed/mp\ger_ss\bazooker2.set,ger_ss,bazooker2,0.4,bazooker,elite,0.1,0.1,0.0009,"['""mauzer"" filled', '""ammo mauser_clip"" 60', '""bandage"" 5', '""grenade m39"" 2', '""hohlladung grenade"" 1', '""ammo panzershreck"" 5']",0.00095,0.001,0.001,0.0,0.005,0.003,0.003,0.006,6,0.005,0.001,0.0015,0.001,62.935,0.62935
./resource/gamelogic/set/breed/mp\ger_ss\bazooker3.set,ger_ss,bazooker3,0.15,bazooker,1,0.1,0.1,0.0009,"['""mauzer"" filled', '""ammo mauser_clip"" 60', '""bandage"" 3', '""grenade m24"" 2', '""hohlladung grenade"" 1', '""smoke grenade"" 1', '""panzerfaust_60 weapon"" filled', '""panzerfaust_60 weapon"" filled']",0.00075,0.001,0.0008,0.0,0.004,0.003,0.002,0.005,6,0.004,0.001,0.0015,0.001,37.495000000000005,0.37495
./resource/gamelogic/set/breed/mp\ger_ss\dr_pzgren_mg.set,ger_ss,dr_pzgren_mg,0.2,vet_6,lvl3,0.1,0.1,0.0009,"['""mg42_inf_250"" filled', '""ammo mg_mauser belt"" 300', '""valter"" filled', '""ammo walther_mag"" 16', '""bandage"" 5', '""sandbag_kit""', '""barrel_case""']",0.00085,0.001,0.0009,0.0,0.004,0.003,0.005,0.005,4,0.004,0.0015,0.0015,0.0015,42.915,0.4291500000000001
./resource/gamelogic/set/breed/mp\ger_ss\dr_pzgren_mg_39.set,ger_ss,dr_pzgren_mg_39,0.2,vet_6,1_lvl2,0.1,0.1,0.0009,"['""mg34"" filled', '""ammo mg_mauser drum"" 300', '""valter"" filled', '""ammo walther_mag"" 16', '""bandage"" 5', '""sandbag_kit""', '""barrel_case""']",0.00085,0.001,0.0009,0.0,0.004,0.003,0.005,0.005,4,0.004,0.0015,0.0015,0.0015,42.915,0.4291500000000001
./resource/gamelogic/set/breed/mp\ger_ss\dr_pzgren_mg_asst.set,ger_ss,dr_pzgren_mg_asst,0.2,vet_6,lvl3,0.1,0.1,0.0009,"['""mauzer_vet"" filled', '""ammo mauser_clip"" 60', '""ammo mg_mauser belt"" 600', '""bandage"" 5', '""grenade m24"" 2', '""sandbag_kit""']",0.00085,0.001,0.0009,0.0,0.004,0.003,0.005,0.005,4,0.004,0.0015,0.0015,0.0015,42.915,0.4291500000000001
./resource/gamelogic/set/breed/mp\ger_ss\dr_pzgren_pzfst.set,ger_ss,dr_pzgren_pzfst,0.2,vet_6,lvl3,0.1,0.1,0.0009,"['""mauzer_vet"" filled', '""ammo mauser_clip"" 60', '""ammo mg_mauser drum"" 50', '""bandage"" 5', '""grenade m24"" 2', '""m24x5 grenade""', '""sandbag_kit""', '""panzerfaust weapon"" filled']",0.00085,0.001,0.0009,0.0,0.004,0.003,0.003,0.005,5,0.004,0.0015,0.0015,0.0015,42.714999999999996,0.4271500000000001
./resource/gamelogic/set/breed/mp\ger_ss\dr_pzgren_pzfst60_sa.set,ger_ss,dr_pzgren_pzfst60_sa,0.2,vet_6,lvl3,0.1,0.1,0.0009,"['""g43"" filling ""ammo g43_mag"" 10', '""ammo g43_mag"" 20', '""ammo mauser_clip"" 60', '""ammo mg_mauser drum"" 50', '""bandage"" 5', '""grenade m24"" 2', '""m24x5 grenade""', '""sandbag_kit""', '""panzerfaust_60 weapon"" filled']",0.00085,0.001,0.0009,0.0,0.004,0.003,0.003,0.005,5,0.004,0.0015,0.0015,0.0015,42.714999999999996,0.4271500000000001
./resource/gamelogic/set/breed/mp\ger_ss\dr_pzgren_pzfst_stg.set,ger_ss,dr_pzgren_pzfst_stg,0.2,vet_6,lvl3,0.1,0.1,0.0009,"['""sg44"" filled', '""ammo stg44_mag"" 180', '""bandage"" 5', '""grenade m24"" 2', '""grenade m24x5""', '""smoke grenade""', '""panzerfaust weapon"" filled']",0.00085,0.001,0.0009,0.0,0.004,0.005,0.003,0.003,5,0.004,0.0015,0.0015,0.0015,42.714999999999996,0.4271500000000001
./resource/gamelogic/set/breed/mp\ger_ss\dr_pzgren_rifle.set,ger_ss,dr_pzgren_rifle,0.2,vet_6,lvl3,0.1,0.1,0.0009,"['""mauzer_vet"" filled', '""ammo mauser_clip"" 60', '""ammo mg_mauser drum"" 50', '""bandage"" 5', '""grenade m24"" 2', '""m24x5 grenade""', '""sandbag_kit""']",0.00085,0.001,0.0009,0.0,0.004,0.003,0.003,0.005,4,0.004,0.0015,0.0015,0.0015,42.714999999999996,0.4271500000000001
./resource/gamelogic/set/breed/mp\ger_ss\dr_pzgren_sa.set,ger_ss,dr_pzgren_sa,0.2,vet_6,lvl3,0.1,0.1,0.0009,"['""g43"" filling ""ammo g43_mag"" 10', '""ammo g43_mag"" 20', '""ammo mauser_clip"" 60', '""ammo mg_mauser drum"" 50', '""bandage"" 5', '""grenade m24"" 2', '""smoke grenade"" 1', '""m24x5 grenade""', '""sandbag_kit""']",0.00085,0.001,0.0009,0.0,0.004,0.003,0.003,0.005,4,0.004,0.0015,0.0015,0.0015,42.714999999999996,0.4271500000000001
./resource/gamelogic/set/breed/mp\ger_ss\dr_pzgren_sa_41.set,ger_ss,dr_pzgren_sa_41,0.2,vet_6,1_lvl2,0.1,0.1,0.0009,"['""g41"" filled', '""ammo mauser_clip"" 80', '""ammo mg_mauser drum"" 50', '""bandage"" 5', '""grenade m24"" 2', '""smoke grenade"" 1', '""m24x5 grenade""', '""sandbag_kit""']",0.00085,0.001,0.0009,0.0,0.004,0.003,0.003,0.005,4,0.004,0.0015,0.0015,0.0015,42.714999999999996,0.4271500000000001
./resource/gamelogic/set/breed/mp\ger_ss\dr_pzgren_sl.set,ger_ss,dr_pzgren_sl,0.2,vet_6,lvl3,0.1,0.1,0.0009,"['""mp40"" filled', '""ammo mp40_mag"" 192', '""bandage"" 5', '""grenade m24"" 2', '""grenade m24x5""', '""smoke grenade"" 2']",0.00085,0.001,0.0009,0.0,0.004,0.005,0.003,0.003,4,0.004,0.0015,0.0015,0.0015,42.714999999999996,0.4271500000000001
./resource/gamelogic/set/breed/mp\ger_ss\dr_pzgren_sl_asst.set,ger_ss,dr_pzgren_sl_asst,0.2,vet_6,lvl3,0.1,0.1,0.0009,"['""mauzer_s"" filled', '""ammo mauser_clip"" 60', '""ammo mg_mauser drum"" 50', '""bandage"" 5', '""grenade m24"" 2', '""smoke grenade"" 2']",0.00085,0.001,0.0009,0.0,0.004,0.003,0.003,0.005,4,0.004,0.0015,0.0015,0.0015,42.714999999999996,0.4271500000000001
./resource/gamelogic/set/breed/mp\ger_ss\dr_pzgren_smg.set,ger_ss,dr_pzgren_smg,0.2,vet_6,1_lvl2,0.1,0.1,0.0009,"['""mp40"" filled', '""ammo mp40_mag"" 192', '""bandage"" 5', '""grenade m24"" 2', '""grenade m24x5""', '""smoke grenade""']",0.00085,0.001,0.0009,0.0,0.004,0.005,0.003,0.003,4,0.004,0.0015,0.0015,0.0015,42.714999999999996,0.4271500000000001
./resource/gamelogic/set/breed/mp\ger_ss\dr_pzgren_stg.set,ger_ss,dr_pzgren_stg,0.2,vet_6,1_lvl2,0.1,0.1,0.0009,"['""sg44"" filled', '""ammo stg44_mag"" 180', '""bandage"" 5', '""grenade m24"" 2', '""grenade m24x5""', '""smoke grenade""']",0.00085,0.001,0.0009,0.0,0.004,0.005,0.003,0.003,4,0.004,0.0015,0.0015,0.0015,42.714999999999996,0.4271500000000001
./resource/gamelogic/set/breed/mp\ger_ss\elite_tankman.set,ger_ss,elite_tankman,0.1,tankman,,0.1,0.1,0.0008,"['""valter"" filled', '""ammo walther_mag"" 32', '""bandage"" 3']",0.0012,0.0012,0.0010500000000000002,0.008,0.006999999999999999,0.005,0.006,0.004,1,0.006,0.00025,0.0012,0.00025,34.19499999999999,0.34195
./resource/gamelogic/set/breed/mp\ger_ss\elite_tankman2.set,ger_ss,elite_tankman2,0.15,tankman2,,0.1,0.1,0.0008,"['""mp40"" filled', '""ammo mp40_mag"" 96', '""bandage"" 3']",0.00125,0.00125,0.0011,0.01,0.006,0.006999999999999999,0.006999999999999999,0.004,1,0.006,0.0005,0.0022,0.0005,39.76,0.39759999999999995
./resource/gamelogic/set/breed/mp\ger_ss\fallschirm_fgsc_42.set,ger_ss,fallschirm_fgsc_42,0.4,vet_6,elite,0.1,0.1,0.0009,"['""fg42_sc"" filled', '""ammo fg42_mag"" 160', '""bandage"" 5', '""grenade m39"" 2', '""grenade m24x5""', '""smoke grenade"" 1', '""sandbag_kit""']",0.00095,0.001,0.001,0.0,0.006999999999999999,0.006999999999999999,0.006999999999999999,0.006999999999999999,7,0.006999999999999999,0.0015,0.0015,0.0015,64.33500000000004,0.6433499999999999
./resource/gamelogic/set/breed/mp\ger_ss\fallschirm_fgsc_43.set,ger_ss,fallschirm_fgsc_43,0.4,vet_6,elite,0.1,0.1,0.0009,"['""fg42_sc"" filled', '""ammo fg42_mag"" 160', '""bandage"" 5', '""grenade m39"" 2', '""grenade pwm1""', '""smoke grenade"" 1', '""sandbag_kit""']",0.00095,0.001,0.001,0.0,0.006999999999999999,0.006999999999999999,0.006999999999999999,0.006999999999999999,7,0.006999999999999999,0.0015,0.0015,0.0015,64.33500000000004,0.6433499999999999
./resource/gamelogic/set/breed/mp\ger_ss\fallschirm_fg_42.set,ger_ss,fallschirm_fg_42,0.4,vet_6,elite,0.1,0.1,0.0009,"['""fg42_rifle"" filled', '""ammo fg42_mag"" 160', '""bandage"" 5', '""grenade m39"" 2', '""grenade m24x5""', '""smoke grenade"" 1', '""sandbag_kit""']",0.00095,0.001,0.001,0.0,0.006999999999999999,0.006999999999999999,0.006999999999999999,0.006999999999999999,7,0.006999999999999999,0.0015,0.0015,0.0015,64.33500000000004,0.6433499999999999
./resource/gamelogic/set/breed/mp\ger_ss\fallschirm_fg_43.set,ger_ss,fallschirm_fg_43,0.4,vet_6,elite,0.1,0.1,0.0009,"['""fg42_rifle"" filled', '""ammo fg42_mag"" 160', '""bandage"" 5', '""grenade m39"" 2', '""grenade pwm1""', '""smoke grenade"" 1', '""sandbag_kit""']",0.00095,0.001,0.001,0.0,0.006999999999999999,0.006999999999999999,0.006999999999999999,0.006999999999999999,7,0.006999999999999999,0.0015,0.0015,0.0015,64.33500000000004,0.6433499999999999
./resource/gamelogic/set/breed/mp\ger_ss\fallschirm_grenadier.set,ger_ss,fallschirm_grenadier,0.4,vet_6,elite,0.1,0.1,0.0009,"['""mauzer_vet"" filled', '""ammo mauser_clip"" 120', '""bandage"" 5', '""k98_gewehrgranat"" filling ""k98_grenade fg"" 1', '""k98_grenade fg"" 6 1', '""k98_grenade ap3"" 1 2', '""k98_grenade ap2"" 0 1', '""ammo mg_mauser drum"" 50']",0.00095,0.001,0.001,0.0,0.006999999999999999,0.006999999999999999,0.006999999999999999,0.006999999999999999,7,0.006999999999999999,0.0015,0.0015,0.0015,64.33500000000004,0.6433499999999999
./resource/gamelogic/set/breed/mp\ger_ss\fallschirm_mg.set,ger_ss,fallschirm_mg,0.25,vet_6,lvl5,0.1,0.1,0.0009,"['""mg34"" filled', '""ammo mg_mauser drum"" 300', '""bandage"" 5', '""sandbag_kit""', '""barrel_case""']",0.00075,0.001,0.0008,0.0,0.003,0.003,0.003,0.003,3,0.003,0.0015,0.0015,0.0015,47.29499999999999,0.47295
./resource/gamelogic/set/breed/mp\ger_ss\fallschirm_mg_39.set,ger_ss,fallschirm_mg_39,0.4,vet_6,elite,0.1,0.1,0.0009,"['""mg34"" filled', '""ammo mg_mauser drum"" 300', '""bandage"" 5', '""sandbag_kit""', '""barrel_case""']",0.00095,0.001,0.001,0.0,0.006999999999999999,0.006999999999999999,0.006999999999999999,0.006999999999999999,7,0.006999999999999999,0.0015,0.0015,0.0015,64.33500000000004,0.6433499999999999
./resource/gamelogic/set/breed/mp\ger_ss\fallschirm_mg_asst.set,ger_ss,fallschirm_mg_asst,0.15,vet_3,1,0.1,0.1,0.0009,"['""mauzer"" filled', '""ammo mauser_clip"" 90', '""ammo mg_mauser belt"" 600', '""bandage"" 5']",0.00075,0.001,0.0008,0.0,0.002,0.002,0.003,0.003,1,0.003,0.00075,0.00075,0.00075,36.87000000000001,0.3686999999999999
./resource/gamelogic/set/breed/mp\ger_ss\fallschirm_pzfst.set,ger_ss,fallschirm_pzfst,0.4,vet_6,elite,0.1,0.1,0.0009,"['""mauzer_vet"" filled', '""ammo mauser_clip"" 120', '""ammo mg_mauser drum"" 50', '""bandage"" 5', '""grenade m39"" 2', '""panzerfaust_30 weapon"" filled']",0.00095,0.001,0.001,0.0,0.006999999999999999,0.006999999999999999,0.006999999999999999,0.006999999999999999,7,0.006999999999999999,0.0015,0.0015,0.0015,64.33500000000004,0.6433499999999999
./resource/gamelogic/set/breed/mp\ger_ss\fallschirm_pzfst_stg.set,ger_ss,fallschirm_pzfst_stg,0.4,vet_6,elite,0.1,0.1,0.0009,"['""sg44"" filled', '""ammo stg44_mag"" 180', '""bandage"" 5', '""grenade m39"" 2', '""smoke grenade"" 1', '""panzerfaust_30 weapon"" filled']",0.00095,0.001,0.001,0.0,0.006999999999999999,0.006999999999999999,0.006999999999999999,0.006999999999999999,7,0.006999999999999999,0.0015,0.0015,0.0015,64.33500000000004,0.6433499999999999
./resource/gamelogic/set/breed/mp\ger_ss\fallschirm_rifle.set,ger_ss,fallschirm_rifle,0.15,vet_3,1,0.1,0.1,0.0009,"['""mauzer"" filled', '""ammo mauser_clip"" 120', '""ammo mg_mauser drum"" 50', '""bandage"" 5', '""grenade m39"" 2', '""grenade pwm1""']",0.00075,0.001,0.0008,0.0,0.002,0.002,0.002,0.003,1,0.003,0.00075,0.00075,0.00075,36.77000000000002,0.3676999999999999
./resource/gamelogic/set/breed/mp\ger_ss\fallschirm_rifle_39.set,ger_ss,fallschirm_rifle_39,0.4,vet_6,elite,0.1,0.1,0.0009,"['""mauzer_vet"" filled', '""ammo mauser_clip"" 120', '""ammo mg_mauser drum"" 50', '""bandage"" 5', '""grenade m39"" 2', '""grenade m24x5""']",0.00095,0.001,0.001,0.0,0.006999999999999999,0.006999999999999999,0.006999999999999999,0.006999999999999999,7,0.006999999999999999,0.0015,0.0015,0.0015,64.33500000000004,0.6433499999999999
./resource/gamelogic/set/breed/mp\ger_ss\fallschirm_sa.set,ger_ss,fallschirm_sa,0.25,vet_6,elite,0.1,0.1,0.0009,"['""g43"" filled', '""ammo g43_mag"" 20', '""ammo mauser_clip"" 100', '""ammo mg_mauser drum"" 50', '""bandage"" 5', '""grenade m39"" 2', '""grenade pwm1""', '""smoke grenade"" 1']",0.00075,0.001,0.0008,0.0,0.006999999999999999,0.006999999999999999,0.006999999999999999,0.006999999999999999,7,0.006999999999999999,0.0015,0.0015,0.0015,49.295000000000016,0.49295
./resource/gamelogic/set/breed/mp\ger_ss\fallschirm_sa_41.set,ger_ss,fallschirm_sa_41,0.4,vet_6,elite,0.1,0.1,0.0009,"['""g41"" filled', '""ammo mauser_clip"" 120', '""ammo mg_mauser drum"" 50', '""bandage"" 5', '""grenade m39"" 2', '""grenade pwm1""', '""smoke grenade"" 1']",0.00095,0.001,0.001,0.0,0.006999999999999999,0.006999999999999999,0.006999999999999999,0.006999999999999999,7,0.006999999999999999,0.0015,0.0015,0.0015,64.33500000000004,0.6433499999999999
./resource/gamelogic/set/breed/mp\ger_ss\fallschirm_sl.set,ger_ss,fallschirm_sl,0.25,vet_6,lvl5,0.1,0.1,0.0009,"['""mp40"" filled', '""ammo mp40_mag"" 192', '""bandage"" 5', '""grenade m39"" 2', '""grenade pwm1""', '""smoke grenade"" 2']",0.00075,0.001,0.0008,0.0,0.004,0.004,0.004,0.004,4,0.004,0.0015,0.0015,0.0015,47.794999999999995,0.47795
./resource/gamelogic/set/breed/mp\ger_ss\fallschirm_sl_40.set,ger_ss,fallschirm_sl_40,0.4,vet_6,elite,0.1,0.1,0.0009,"['""mp40"" filled', '""ammo mp40_mag"" 192', '""bandage"" 5', '""grenade m39"" 2', '""grenade m24x5""', '""smoke grenade"" 2']",0.00095,0.001,0.001,0.0,0.006999999999999999,0.006999999999999999,0.006999999999999999,0.006999999999999999,7,0.006999999999999999,0.0015,0.0015,0.0015,64.33500000000004,0.6433499999999999
./resource/gamelogic/set/breed/mp\ger_ss\fallschirm_sl_asst_fg_42.set,ger_ss,fallschirm_sl_asst_fg_42,0.4,vet_6,elite,0.1,0.1,0.0009,"['""fg42_rifle"" filled', '""ammo fg42_mag"" 160', '""bandage"" 5', '""grenade m39"" 2', '""grenade m24x5""', '""smoke grenade"" 2']",0.00095,0.001,0.001,0.0,0.006999999999999999,0.006999999999999999,0.006999999999999999,0.006999999999999999,7,0.006999999999999999,0.0015,0.0015,0.0015,64.33500000000004,0.6433499999999999
./resource/gamelogic/set/breed/mp\ger_ss\fallschirm_sl_asst_fg_43.set,ger_ss,fallschirm_sl_asst_fg_43,0.4,vet_6,elite,0.1,0.1,0.0009,"['""fg42_rifle"" filled', '""ammo fg42_mag"" 160', '""bandage"" 5', '""grenade m39"" 2', '""grenade pwm1""', '""smoke grenade"" 2']",0.00095,0.001,0.001,0.0,0.006999999999999999,0.006999999999999999,0.006999999999999999,0.006999999999999999,7,0.006999999999999999,0.0015,0.0015,0.0015,64.33500000000004,0.6433499999999999
./resource/gamelogic/set/breed/mp\ger_ss\fallschirm_sl_asst_fg_44.set,ger_ss,fallschirm_sl_asst_fg_44,0.4,vet_6,elite,0.1,0.1,0.0009,"['""fg42_rifle"" filled', '""ammo fg42_mag"" 160', '""bandage"" 5', '""grenade m39"" 2', '""grenade pwm1""', '""smoke grenade"" 2', '""panzerfaust_30 weapon"" filled']",0.00095,0.001,0.001,0.0,0.006999999999999999,0.006999999999999999,0.006999999999999999,0.006999999999999999,7,0.006999999999999999,0.0015,0.0015,0.0015,64.33500000000004,0.6433499999999999
./resource/gamelogic/set/breed/mp\ger_ss\fallschirm_sl_asst_smg.set,ger_ss,fallschirm_sl_asst_smg,0.4,vet_6,lvl5,0.1,0.1,0.0009,"['""mp40"" filled', '""ammo mp40_mag"" 192', '""bandage"" 5', '""grenade m39"" 2', '""grenade m24x5""', '""smoke grenade"" 2', '""panzerfaust_30 weapon"" filled']",0.00095,0.001,0.001,0.0,0.003,0.003,0.003,0.003,3,0.003,0.0015,0.0015,0.0015,62.33499999999999,0.6233499999999998
./resource/gamelogic/set/breed/mp\ger_ss\fallschirm_smg.set,ger_ss,fallschirm_smg,0.15,vet_3,1,0.1,0.1,0.0009,"['""mp40"" filled', '""ammo mp40_mag"" 192', '""bandage"" 5', '""grenade m39"" 2', '""grenade pwm1""']",0.00075,0.001,0.0008,0.0,0.002,0.003,0.002,0.002,1,0.003,0.00075,0.00075,0.00075,36.77000000000002,0.3676999999999999
./resource/gamelogic/set/breed/mp\ger_ss\fallschirm_smg_40.set,ger_ss,fallschirm_smg_40,0.4,vet_6,elite,0.1,0.1,0.0009,"['""mp40"" filled', '""ammo mp40_mag"" 192', '""bandage"" 5', '""grenade m39"" 2', '""grenade m24x5""']",0.00095,0.001,0.001,0.0,0.006999999999999999,0.006999999999999999,0.006999999999999999,0.006999999999999999,7,0.006999999999999999,0.0015,0.0015,0.0015,64.33500000000004,0.6433499999999999
./resource/gamelogic/set/breed/mp\ger_ss\fallschirm_sniper.set,ger_ss,fallschirm_sniper,0.4,vet_6,elite,0.1,0.1,0.0009,"['""mauzer_s"" filled', '""ammo mauser_clip"" 120', '""ammo mg_mauser drum"" 50', '""bandage"" 5', '""grenade m39"" 2']",0.00095,0.001,0.001,0.0,0.006999999999999999,0.006999999999999999,0.006999999999999999,0.006999999999999999,7,0.006999999999999999,0.0015,0.0015,0.0015,64.33500000000004,0.6433499999999999
./resource/gamelogic/set/breed/mp\ger_ss\fallschirm_stg.set,ger_ss,fallschirm_stg,0.4,vet_6,elite,0.1,0.1,0.0009,"['""sg44"" filled', '""ammo stg44_mag"" 180', '""bandage"" 5', '""grenade m39"" 2', '""grenade pwm1""', '""smoke grenade"" 1']",0.00095,0.001,0.001,0.0,0.006999999999999999,0.006999999999999999,0.006999999999999999,0.006999999999999999,7,0.006999999999999999,0.0015,0.0015,0.0015,64.33500000000004,0.6433499999999999
./resource/gamelogic/set/breed/mp\ger_ss\flamer.set,ger_ss,flamer,0.15,flamer,,0.1,0.1,0.0009,"['""flame_thrower_g""', '""balloon_g"" filled', '""bandage"" 3']",0.00075,0.001,0.0008,0.0,0.004,0.004,0.002,0.003,2,0.004,0.001,0.001,0.001,37.345000000000006,0.37345
./resource/gamelogic/set/breed/mp\ger_ss\flamer2.set,ger_ss,flamer2,0.15,flamer,1,0.1,0.1,0.0009,"['""mp40"" filled', '""ammo mp40_mag"" 192', '""bandage"" 3', '""grenade m24"" 2', '""grenade m24x5"" 1', '""smoke grenade"" 1']",0.00075,0.001,0.0008,0.0,0.004,0.004,0.002,0.003,2,0.004,0.001,0.001,0.001,37.345000000000006,0.37345
./resource/gamelogic/set/breed/mp\ger_ss\gebirgs_mg.set,ger_ss,gebirgs_mg,0.2,vet_5,1,0.1,0.1,0.0009,"['""zb30"" filled', '""ammo zb30_mag"" 300', '""valter"" filled', '""ammo walther_mag"" 16', '""bandage"" 3']",0.00075,0.001,0.0008,0.0,0.004,0.003,0.005,0.003,4,0.004,0.00125,0.00125,0.00125,42.62,0.42619999999999997
./resource/gamelogic/set/breed/mp\ger_ss\gebirgs_mg_asst.set,ger_ss,gebirgs_mg_asst,0.2,vet_5,1,0.1,0.1,0.0009,"['""mauzer"" filled', '""ammo mauser_clip"" 60', '""bandage"" 3', '""grenade m24"" 2', '""ammo zb30_mag"" 280']",0.00075,0.001,0.0008,0.0,0.004,0.003,0.005,0.005,4,0.004,0.00125,0.00125,0.00125,42.82,0.42819999999999997
./resource/gamelogic/set/breed/mp\ger_ss\gebirgs_pzfst.set,ger_ss,gebirgs_pzfst,0.2,vet_5,1,0.1,0.1,0.0009,"['""mauzer"" filled', '""ammo mauser_clip"" 60', '""bandage"" 3', '""grenade m24"" 2', '""panzerfaust_60 weapon"" filled']",0.00075,0.001,0.0008,0.0,0.004,0.003,0.003,0.005,5,0.004,0.00125,0.00125,0.00125,42.62,0.42619999999999997
./resource/gamelogic/set/breed/mp\ger_ss\gebirgs_pzfst_ber.set,ger_ss,gebirgs_pzfst_ber,0.2,vet_5,1,0.1,0.1,0.0009,"['""mab_38a"" filled', '""ammo mab_38a_mag"" 200', '""bandage"" 3', '""grenade m24"" 2', '""grenade m24x5""', '""smoke grenade"" 1', '""panzerfaust_30 weapon"" filled']",0.00075,0.001,0.0008,0.0,0.004,0.005,0.003,0.003,4,0.004,0.00125,0.00125,0.00125,42.62,0.42619999999999997
./resource/gamelogic/set/breed/mp\ger_ss\gebirgs_pzfst_stg.set,ger_ss,gebirgs_pzfst_stg,0.2,vet_5,1,0.1,0.1,0.0009,"['""sg44"" filled', '""ammo stg44_mag"" 180', '""bandage"" 3', '""grenade m24"" 2', '""grenade m24x5""', '""smoke grenade"" 1', '""panzerfaust_30 weapon"" filled']",0.00075,0.001,0.0008,0.0,0.004,0.005,0.003,0.003,4,0.004,0.00125,0.00125,0.00125,42.62,0.42619999999999997
./resource/gamelogic/set/breed/mp\ger_ss\gebirgs_rifle.set,ger_ss,gebirgs_rifle,0.2,vet_5,1,0.1,0.1,0.0009,"['""mauzer"" filled', '""ammo mauser_clip"" 60', '""bandage"" 3', '""grenade m24"" 2']",0.00075,0.001,0.0008,0.0,0.004,0.003,0.003,0.005,4,0.004,0.00125,0.00125,0.00125,42.62,0.42619999999999997
./resource/gamelogic/set/breed/mp\ger_ss\gebirgs_sl.set,ger_ss,gebirgs_sl,0.2,vet_5,1,0.1,0.1,0.0009,"['""mab_38a"" filled', '""ammo mab_38a_mag"" 200', '""bandage"" 3', '""grenade m24"" 2', '""grenade m24x5""', '""smoke grenade"" 2']",0.00075,0.001,0.0008,0.0,0.004,0.005,0.004,0.004,4,0.004,0.00125,0.00125,0.00125,42.82,0.42819999999999997
./resource/gamelogic/set/breed/mp\ger_ss\gebirgs_sl_asst.set,ger_ss,gebirgs_sl_asst,0.2,vet_5,1,0.1,0.1,0.0009,"['""mab_38a"" filled', '""ammo mab_38a_mag"" 200', '""bandage"" 3', '""grenade m24"" 2', '""grenade m24x5""', '""smoke grenade"" 2']",0.00075,0.001,0.0008,0.0,0.004,0.005,0.004,0.004,4,0.004,0.00125,0.00125,0.00125,42.82,0.42819999999999997
./resource/gamelogic/set/breed/mp\ger_ss\gebirgs_sl_asst_k98.set,ger_ss,gebirgs_sl_asst_k98,0.2,vet_5,1,0.1,0.1,0.0009,"['""mauzer"" filled', '""ammo mauser_clip"" 60', '""bandage"" 3', '""grenade m24"" 2', '""grenade m24x5""', '""smoke grenade"" 2']",0.00075,0.001,0.0008,0.0,0.004,0.005,0.004,0.004,4,0.004,0.00125,0.00125,0.00125,42.82,0.42819999999999997
./resource/gamelogic/set/breed/mp\ger_ss\gebirgs_smg.set,ger_ss,gebirgs_smg,0.2,vet_5,1,0.1,0.1,0.0009,"['""mab_38a"" filled', '""ammo mab_38a_mag"" 200', '""bandage"" 3', '""grenade m24"" 2', '""grenade m24x5""', '""smoke grenade"" 1']",0.00075,0.001,0.0008,0.0,0.004,0.005,0.003,0.003,4,0.004,0.00125,0.00125,0.00125,42.62,0.42619999999999997
./resource/gamelogic/set/breed/mp\ger_ss\gebirgs_stg.set,ger_ss,gebirgs_stg,0.2,vet_5,1,0.1,0.1,0.0009,"['""sg44"" filled', '""ammo stg44_mag"" 180', '""bandage"" 3', '""grenade m24"" 2', '""grenade m24x5""', '""smoke grenade"" 1']",0.00075,0.001,0.0008,0.0,0.004,0.005,0.003,0.003,4,0.004,0.00125,0.00125,0.00125,42.62,0.42619999999999997
./resource/gamelogic/set/breed/mp\ger_ss\grenadier_mg.set,ger_ss,grenadier_mg,0.2,vet_4,1,0.1,0.1,0.0009,"['""mg42_inf"" filled', '""ammo mg_mauser drum"" 300', '""valter"" filled', '""ammo walther_mag"" 16', '""bandage"" 3', '""sandbag_kit""', '""barrel_case""']",0.00075,0.001,0.0008,0.0,0.004,0.003,0.005,0.003,4,0.004,0.001,0.001,0.001,42.545,0.42545000000000005
./resource/gamelogic/set/breed/mp\ger_ss\grenadier_mg_39.set,ger_ss,grenadier_mg_39,0.2,vet_4,1,0.1,0.1,0.0009,"['""mg34"" filled', '""ammo mg_mauser drum"" 300', '""valter"" filled', '""ammo walther_mag"" 16', '""bandage"" 3', '""sandbag_kit""', '""barrel_case""']",0.00075,0.001,0.0008,0.0,0.004,0.003,0.005,0.003,4,0.004,0.001,0.001,0.001,42.545,0.42545000000000005
./resource/gamelogic/set/breed/mp\ger_ss\grenadier_mg_asst.set,ger_ss,grenadier_mg_asst,0.2,vet_4,1,0.1,0.1,0.0009,"['""mauzer"" filled', '""ammo mauser_clip"" 60', '""ammo mg_mauser belt"" 600', '""bandage"" 3', '""grenade m24"" 2', '""sandbag_kit""']",0.00075,0.001,0.0008,0.0,0.004,0.003,0.005,0.005,4,0.004,0.001,0.001,0.001,42.745000000000005,0.42745000000000005
./resource/gamelogic/set/breed/mp\ger_ss\grenadier_pzfst.set,ger_ss,grenadier_pzfst,0.2,vet_4,1,0.1,0.1,0.0009,"['""mauzer"" filled', '""ammo mauser_clip"" 60', '""ammo mg_mauser drum"" 50', '""bandage"" 3', '""grenade m24"" 2', '""grenade m24x5"" -1 2', '""sandbag_kit""', '""panzerfaust weapon"" 0 1 filled']",0.00075,0.001,0.0008,0.0,0.004,0.003,0.003,0.005,5,0.004,0.001,0.001,0.001,42.545,0.42545000000000005
./resource/gamelogic/set/breed/mp\ger_ss\grenadier_rifle.set,ger_ss,grenadier_rifle,0.2,vet_4,1,0.1,0.1,0.0009,"['""mauzer"" filled', '""ammo mauser_clip"" 60', '""ammo mg_mauser drum"" 50', '""bandage"" 3', '""grenade m24"" 2', '""grenade m24x5"" -1 2', '""sandbag_kit""']",0.00075,0.001,0.0008,0.0,0.004,0.003,0.003,0.005,4,0.004,0.001,0.001,0.001,42.545,0.42545000000000005
./resource/gamelogic/set/breed/mp\ger_ss\grenadier_rifle_44.set,ger_ss,grenadier_rifle_44,0.2,vet_4,1,0.1,0.1,0.0009,"['""mauzer"" filled', '""ammo mauser_clip"" 60', '""ammo mg_mauser drum"" 50', '""bandage"" 3', '""grenade m24"" 2', '""grenade m24x5"" -1 2', '""sandbag_kit""', '""panzerfaust_60 weapon"" 0 1 filled']",0.00075,0.001,0.0008,0.0,0.004,0.003,0.003,0.005,4,0.004,0.001,0.001,0.001,42.545,0.42545000000000005
./resource/gamelogic/set/breed/mp\ger_ss\grenadier_rifle_grenadier.set,ger_ss,grenadier_rifle_grenadier,0.2,vet_4,1,0.1,0.1,0.0009,"['""mauzer"" filled', '""ammo mauser_clip"" 60', '""ammo mg_mauser drum"" 50', '""bandage"" 3', '""k98_gewehrgranat"" filling ""k98_grenade fg"" 1', '""k98_grenade fg"" 5 1', '""k98_grenade ap2"" 2 1', '""sandbag_kit""']",0.00075,0.001,0.0008,0.0,0.004,0.003,0.003,0.005,4,0.004,0.001,0.001,0.001,42.545,0.42545000000000005
./resource/gamelogic/set/breed/mp\ger_ss\grenadier_rifle_grenadier2.set,ger_ss,grenadier_rifle_grenadier2,0.2,vet_5,1,0.1,0.1,0.0009,"['""mauzer"" filled', '""ammo mauser_clip"" 60', '""ammo mg_mauser drum"" 50', '""bandage"" 3', '""k98_grenade fg"" 5', '""k98_grenade ap2"" 3', '""sandbag_kit""']",0.00075,0.001,0.0008,0.0,0.004,0.003,0.003,0.005,4,0.004,0.00125,0.00125,0.00125,42.62,0.42619999999999997
./resource/gamelogic/set/breed/mp\ger_ss\grenadier_rifle_grenadier3.set,ger_ss,grenadier_rifle_grenadier3,0.2,vet_5,1,0.1,0.1,0.0009,"['""mauzer"" filled', '""ammo mauser_clip"" 60', '""ammo mg_mauser drum"" 50', '""bandage"" 3', '""k98_gewehrgranat"" 0.3 1 filling ""k98_grenade fg"" 1', '""k98_grenade fg"" 6 1', '""k98_grenade ap"" 1 1', '""k98_grenade ap3"" 0.5 0.5', '""sandbag_kit""']",0.00075,0.001,0.0008,0.0,0.004,0.003,0.003,0.005,4,0.004,0.00125,0.00125,0.00125,42.62,0.42619999999999997
./resource/gamelogic/set/breed/mp\ger_ss\grenadier_sa.set,ger_ss,grenadier_sa,0.2,vet_4,1,0.1,0.1,0.0009,"['""g43"" filling ""ammo g43_mag"" 10', '""ammo g43_mag"" 20', '""ammo mauser_clip"" 60', '""ammo mg_mauser drum"" 50', '""bandage"" 3', '""grenade m24"" 2', '""grenade m24x5"" -1 2', '""sandbag_kit""']",0.00075,0.001,0.0008,0.0,0.004,0.003,0.003,0.005,4,0.004,0.001,0.001,0.001,42.545,0.42545000000000005
./resource/gamelogic/set/breed/mp\ger_ss\grenadier_sa_41.set,ger_ss,grenadier_sa_41,0.2,vet_4,1,0.1,0.1,0.0009,"['""g41"" filled', '""ammo mauser_clip"" 80', '""ammo mg_mauser drum"" 50', '""bandage"" 3', '""grenade m24"" 2', '""grenade m24x5"" -1 2', '""sandbag_kit""']",0.00075,0.001,0.0008,0.0,0.004,0.003,0.003,0.005,4,0.004,0.001,0.001,0.001,42.545,0.42545000000000005
./resource/gamelogic/set/breed/mp\ger_ss\grenadier_sa_44.set,ger_ss,grenadier_sa_44,0.2,vet_4,1,0.1,0.1,0.0009,"['""g43"" filling ""ammo g43_mag"" 10', '""ammo g43_mag"" 20', '""ammo mauser_clip"" 60', '""ammo mg_mauser drum"" 50', '""bandage"" 3', '""grenade m24"" 2', '""grenade m24x5"" -1 2', '""sandbag_kit""', '""panzerfaust_60 weapon"" 0 1 filled']",0.00075,0.001,0.0008,0.0,0.004,0.003,0.003,0.005,4,0.004,0.001,0.001,0.001,42.545,0.42545000000000005
./resource/gamelogic/set/breed/mp\ger_ss\grenadier_sl.set,ger_ss,grenadier_sl,0.2,vet_5,1,0.1,0.1,0.0009,"['""mp40"" filled', '""ammo mp40_mag"" 192', '""bandage"" 3', '""grenade m24"" 2', '""grenade m24x5""', '""smoke grenade"" 2']",0.00075,0.001,0.0008,0.0,0.004,0.005,0.003,0.003,4,0.004,0.00125,0.00125,0.00125,42.62,0.42619999999999997
./resource/gamelogic/set/breed/mp\ger_ss\grenadier_sl_asst.set,ger_ss,grenadier_sl_asst,0.2,vet_5,1,0.1,0.1,0.0009,"['""mauzer"" filled', '""ammo mauser_clip"" 60', '""ammo mg_mauser drum"" 50', '""bandage"" 3', '""grenade m24"" 2', '""grenade m24x5"" -1 2', '""sandbag_kit""']",0.00075,0.001,0.0008,0.0,0.004,0.003,0.003,0.005,4,0.004,0.00125,0.00125,0.00125,42.62,0.42619999999999997
./resource/gamelogic/set/breed/mp\ger_ss\grenadier_sl_asst_44.set,ger_ss,grenadier_sl_asst_44,0.2,vet_5,1,0.1,0.1,0.0009,"['""mauzer"" filled', '""ammo mauser_clip"" 60', '""ammo mg_mauser drum"" 50', '""bandage"" 3', '""grenade m24"" 2', '""grenade m24x5"" -1 2', '""sandbag_kit""', '""panzerfaust_30 weapon"" 0 1 filled']",0.00075,0.001,0.0008,0.0,0.004,0.003,0.003,0.005,4,0.004,0.00125,0.00125,0.00125,42.62,0.42619999999999997
./resource/gamelogic/set/breed/mp\ger_ss\grenadier_smg.set,ger_ss,grenadier_smg,0.2,vet_4,1,0.1,0.1,0.0009,"['""mp40"" filled', '""ammo mp40_mag"" 192', '""bandage"" 3', '""grenade m24"" 2', '""grenade m24x5"" -1 2']",0.00075,0.001,0.0008,0.0,0.004,0.005,0.003,0.003,4,0.004,0.001,0.001,0.001,42.545,0.42545000000000005
./resource/gamelogic/set/breed/mp\ger_ss\grenadier_stg.set,ger_ss,grenadier_stg,0.2,vet_4,1,0.1,0.1,0.0009,"['""sg44"" filled', '""ammo stg44_mag"" 180', '""bandage"" 3', '""grenade m24"" 2', '""grenade m24x5"" -1 2', '""panzerfaust_60 weapon"" 0 1 filled']",0.00075,0.001,0.0008,0.0,0.004,0.005,0.003,0.003,4,0.004,0.001,0.001,0.001,42.545,0.42545000000000005
./resource/gamelogic/set/breed/mp\ger_ss\kosaken_mg.set,ger_ss,kosaken_mg,0.1,vet_2,1,0.1,0.1,0.0009,"['""dp"" filling ""ammo dp27_mag"" 47', '""ammo dp27_mag"" 235', '""bandage"" 3', '""sandbag_kit"" 1']",0.00075,0.001,0.0008,0.0,0.001,0.001,0.002,0.002,1,0.001,0.0005,0.0005,0.0005,31.195000000000004,0.31195000000000006
./resource/gamelogic/set/breed/mp\ger_ss\kosaken_mg_asst.set,ger_ss,kosaken_mg_asst,0.1,vet_2,1,0.1,0.1,0.0009,"['""mosin"" filled', '""ammo mosin_clip"" 60', '""ammo dp27_mag"" 141', '""bandage"" 3', '""grenade m24"" 1']",0.00075,0.001,0.0008,0.0,0.001,0.001,0.002,0.002,1,0.001,0.0005,0.0005,0.0005,31.195000000000004,0.31195000000000006
./resource/gamelogic/set/breed/mp\ger_ss\kosaken_rifle.set,ger_ss,kosaken_rifle,0.1,vet_2,1,0.1,0.1,0.0009,"['""mosin"" filled', '""ammo mosin_clip"" 60', '""ammo dp27_mag"" 47', '""bandage"" 3', '""grenade m24"" 1']",0.00075,0.001,0.0008,0.0,0.001,0.001,0.001,0.002,1,0.001,0.0005,0.0005,0.0005,31.095000000000006,0.31095000000000006
./resource/gamelogic/set/breed/mp\ger_ss\kosaken_sl.set,ger_ss,kosaken_sl,0.1,vet_2,1,0.1,0.1,0.0009,"['""ppsh41"" filled', '""ammo ppsh41_mag"" 142', '""bandage"" 3', '""grenade m24"" 2']",0.00075,0.001,0.0008,0.0,0.002,0.003,0.002,0.002,1,0.002,0.0005,0.0005,0.0005,31.595,0.31595000000000006
./resource/gamelogic/set/breed/mp\ger_ss\kosaken_sl_asst.set,ger_ss,kosaken_sl_asst,0.1,vet_2,1,0.1,0.1,0.0009,"['""ppsh41"" filled', '""ammo ppsh41_mag"" 142', '""bandage"" 3', '""grenade m24"" 2']",0.00075,0.001,0.0008,0.0,0.002,0.003,0.002,0.002,1,0.002,0.0005,0.0005,0.0005,31.595,0.31595000000000006
./resource/gamelogic/set/breed/mp\ger_ss\kosaken_smg.set,ger_ss,kosaken_smg,0.1,vet_2,1,0.1,0.1,0.0009,"['""ppsh41"" filled', '""ammo ppsh41_mag"" 142', '""bandage"" 3', '""grenade m24"" 1']",0.00075,0.001,0.0008,0.0,0.001,0.002,0.001,0.001,1,0.001,0.0005,0.0005,0.0005,31.095000000000006,0.31095000000000006
./resource/gamelogic/set/breed/mp\ger_ss\light_mortar.set,ger_ss,light_mortar,0.15,vet_3,1,0.1,0.1,0.0009,"['""mortar_legrw_36"" filled', '""ammo mortar50 ger fg"" 12', '""bandage"" 3']",0.00075,0.001,0.0008,0.0,0.004,0.003,0.002,0.005,2,0.004,0.00075,0.00075,0.00075,37.37000000000001,0.3736999999999999
./resource/gamelogic/set/breed/mp\ger_ss\light_mortar2.set,ger_ss,light_mortar2,0.15,vet_4,1,0.1,0.1,0.0009,"['""mauzer"" filled', '""ammo mauser_clip"" 60', '""ammo mortar50 ger fg"" 8', '""bandage"" 3', '""grenade m24"" 2', '""sandbag_kit""']",0.00075,0.001,0.0008,0.0,0.004,0.003,0.002,0.005,2,0.004,0.001,0.001,0.001,37.44500000000001,0.37445
./resource/gamelogic/set/breed/mp\ger_ss\lssah_pzgren_at.set,ger_ss,lssah_pzgren_at,0.2,vet_7,lvl5,0.1,0.1,0.0009,"['""weapon panzershreck"" filled', '""ammo panzershreck"" 7', '""valter"" filled', '""ammo walther_mag"" 16', '""bandage"" 5', '""grenade hohlladung"" 1']",0.00095,0.001,0.001,0.0,0.005,0.003,0.003,0.005,5,0.004,0.0017499999999999998,0.0017499999999999998,0.0017499999999999998,42.90999999999999,0.4291
./resource/gamelogic/set/breed/mp\ger_ss\lssah_pzgren_at2.set,ger_ss,lssah_pzgren_at2,0.2,vet_7,lvl5,0.1,0.1,0.0009,"['""mauzer_vet"" filled', '""ammo mauser_clip"" 60', '""bandage"" 5', '""grenade m39"" 2', '""grenade hohlladung"" 1', '""ammo panzershreck"" 5']",0.00095,0.001,0.001,0.0,0.004,0.003,0.003,0.005,5,0.004,0.0017499999999999998,0.0017499999999999998,0.0017499999999999998,42.80999999999999,0.4281
./resource/gamelogic/set/breed/mp\ger_ss\lssah_pzgren_mg.set,ger_ss,lssah_pzgren_mg,0.2,vet_7,lvl5,0.1,0.1,0.0009,"['""mg42_inf_250"" filled', '""ammo mg_mauser belt"" 300', '""valter"" filled', '""ammo walther_mag"" 16', '""bandage"" 5', '""sandbag_kit""', '""barrel_case""']",0.00085,0.001,0.0009,0.0,0.004,0.003,0.005,0.005,4,0.004,0.0017499999999999998,0.0017499999999999998,0.0017499999999999998,42.989999999999995,0.4299
./resource/gamelogic/set/breed/mp\ger_ss\lssah_pzgren_mg_39.set,ger_ss,lssah_pzgren_mg_39,0.2,vet_7,lvl5,0.1,0.1,0.0009,"['""mg34"" filled', '""ammo mg_mauser drum"" 300', '""valter"" filled', '""ammo walther_mag"" 16', '""bandage"" 5', '""sandbag_kit""', '""barrel_case""']",0.00085,0.001,0.0009,0.0,0.004,0.003,0.005,0.005,4,0.004,0.0017499999999999998,0.0017499999999999998,0.0017499999999999998,42.989999999999995,0.4299
./resource/gamelogic/set/breed/mp\ger_ss\lssah_pzgren_mg_asst.set,ger_ss,lssah_pzgren_mg_asst,0.2,vet_7,lvl5,0.1,0.1,0.0009,"['""mauzer_vet"" filled', '""ammo mauser_clip"" 60', '""ammo mg_mauser belt"" 600', '""bandage"" 5', '""grenade m24"" 2', '""sandbag_kit""']",0.00085,0.001,0.0009,0.0,0.004,0.003,0.005,0.005,4,0.004,0.0017499999999999998,0.0017499999999999998,0.0017499999999999998,42.989999999999995,0.4299
./resource/gamelogic/set/breed/mp\ger_ss\lssah_pzgren_pzfst.set,ger_ss,lssah_pzgren_pzfst,0.2,vet_7,lvl5,0.1,0.1,0.0009,"['""g43"" filling ""ammo g43_mag"" 10', '""ammo g43_mag"" 20', '""ammo mauser_clip"" 60', '""ammo mg_mauser drum"" 50', '""bandage"" 5', '""grenade m24"" 2', '""m24x5 grenade""', '""sandbag_kit""', '""panzerfaust weapon"" filled']",0.00085,0.001,0.0009,0.0,0.004,0.003,0.003,0.005,5,0.004,0.0017499999999999998,0.0017499999999999998,0.0017499999999999998,42.78999999999999,0.4279
./resource/gamelogic/set/breed/mp\ger_ss\lssah_pzgren_pzfst60_sa.set,ger_ss,lssah_pzgren_pzfst60_sa,0.2,vet_7,lvl5,0.1,0.1,0.0009,"['""g43"" filling ""ammo g43_mag"" 10', '""ammo g43_mag"" 20', '""ammo mauser_clip"" 60', '""ammo mg_mauser drum"" 50', '""bandage"" 5', '""grenade m24"" 2', '""m24x5 grenade""', '""sandbag_kit""', '""panzerfaust_60 weapon"" filled']",0.00085,0.001,0.0009,0.0,0.004,0.003,0.003,0.005,5,0.004,0.0017499999999999998,0.0017499999999999998,0.0017499999999999998,42.78999999999999,0.4279
./resource/gamelogic/set/breed/mp\ger_ss\lssah_pzgren_pzfst_stg.set,ger_ss,lssah_pzgren_pzfst_stg,0.2,vet_7,lvl5,0.1,0.1,0.0009,"['""sg44"" filled', '""ammo stg44_mag"" 180', '""bandage"" 5', '""grenade m24"" 2', '""grenade m24x5""', '""smoke grenade""', '""panzerfaust weapon"" filled']",0.00085,0.001,0.0009,0.0,0.004,0.005,0.003,0.003,5,0.004,0.0017499999999999998,0.0017499999999999998,0.0017499999999999998,42.78999999999999,0.4279
./resource/gamelogic/set/breed/mp\ger_ss\lssah_pzgren_rifle.set,ger_ss,lssah_pzgren_rifle,0.2,vet_7,lvl5,0.1,0.1,0.0009,"['""mauzer_vet"" filled', '""ammo mauser_clip"" 60', '""ammo mg_mauser drum"" 50', '""bandage"" 5', '""grenade m24"" 2', '""m24x5 grenade""', '""sandbag_kit""']",0.00085,0.001,0.0009,0.0,0.004,0.003,0.003,0.005,4,0.004,0.0017499999999999998,0.0017499999999999998,0.0017499999999999998,42.78999999999999,0.4279
./resource/gamelogic/set/breed/mp\ger_ss\lssah_pzgren_sa.set,ger_ss,lssah_pzgren_sa,0.2,vet_7,lvl5,0.1,0.1,0.0009,"['""g43"" filling ""ammo g43_mag"" 10', '""ammo g43_mag"" 20', '""ammo mauser_clip"" 60', '""ammo mg_mauser drum"" 50', '""bandage"" 5', '""grenade m24"" 2', '""smoke grenade"" 1', '""m24x5 grenade""', '""sandbag_kit""']",0.00085,0.001,0.0009,0.0,0.004,0.003,0.003,0.005,4,0.004,0.0017499999999999998,0.0017499999999999998,0.0017499999999999998,42.78999999999999,0.4279
./resource/gamelogic/set/breed/mp\ger_ss\lssah_pzgren_sa_41.set,ger_ss,lssah_pzgren_sa_41,0.2,vet_7,lvl5,0.1,0.1,0.0009,"['""g41"" filled', '""ammo mauser_clip"" 80', '""ammo mg_mauser drum"" 50', '""bandage"" 5', '""grenade m24"" 2', '""m24x5 grenade""', '""sandbag_kit""']",0.00085,0.001,0.0009,0.0,0.004,0.003,0.003,0.005,4,0.004,0.0017499999999999998,0.0017499999999999998,0.0017499999999999998,42.78999999999999,0.4279
./resource/gamelogic/set/breed/mp\ger_ss\lssah_pzgren_sl_asst.set,ger_ss,lssah_pzgren_sl_asst,0.2,vet_7,lvl5,0.1,0.1,0.0009,"['""mauzer_s"" filled', '""ammo mauser_clip"" 60', '""ammo mg_mauser drum"" 50', '""bandage"" 5', '""grenade m24"" 2', '""smoke grenade"" 2']",0.00085,0.001,0.0009,0.0,0.004,0.003,0.003,0.005,4,0.004,0.0017499999999999998,0.0017499999999999998,0.0017499999999999998,42.78999999999999,0.4279
./resource/gamelogic/set/breed/mp\ger_ss\lssah_pzgren_sl_asst_sa.set,ger_ss,lssah_pzgren_sl_asst_sa,0.2,vet_7,lvl5,0.1,0.1,0.0009,"['""g43_scope"" filling ""ammo g43_mag"" 10', '""ammo g43_mag"" 20', '""ammo mauser_clip"" 60', '""ammo mg_mauser drum"" 50', '""bandage"" 5', '""grenade m24"" 2', '""smoke grenade"" 2']",0.00085,0.001,0.0009,0.0,0.004,0.003,0.003,0.005,4,0.004,0.0017499999999999998,0.0017499999999999998,0.0017499999999999998,42.78999999999999,0.4279
./resource/gamelogic/set/breed/mp\ger_ss\lssah_pzgren_sl_smg.set,ger_ss,lssah_pzgren_sl_smg,0.2,vet_7,lvl5,0.1,0.1,0.0009,"['""mp40"" filled', '""ammo mp40_mag"" 192', '""bandage"" 5', '""grenade m24"" 2', '""grenade m24x5""', '""smoke grenade"" 2']",0.00085,0.001,0.0009,0.0,0.004,0.005,0.004,0.004,4,0.004,0.0017499999999999998,0.0017499999999999998,0.0017499999999999998,42.989999999999995,0.4299
./resource/gamelogic/set/breed/mp\ger_ss\lssah_pzgren_sl_stg.set,ger_ss,lssah_pzgren_sl_stg,0.2,vet_7,lvl5,0.1,0.1,0.0009,"['""sg44"" filled', '""ammo stg44_mag"" 180', '""bandage"" 5', '""grenade m24"" 2', '""grenade m24x5""', '""smoke grenade"" 2']",0.00085,0.001,0.0009,0.0,0.004,0.005,0.004,0.004,4,0.004,0.0017499999999999998,0.0017499999999999998,0.0017499999999999998,42.989999999999995,0.4299
./resource/gamelogic/set/breed/mp\ger_ss\lssah_pzgren_smg.set,ger_ss,lssah_pzgren_smg,0.2,vet_7,lvl5,0.1,0.1,0.0009,"['""mp40"" filled', '""ammo mp40_mag"" 192', '""bandage"" 5', '""grenade m24"" 2', '""grenade m24x5""', '""smoke grenade""']",0.00085,0.001,0.0009,0.0,0.004,0.005,0.003,0.003,4,0.004,0.0017499999999999998,0.0017499999999999998,0.0017499999999999998,42.78999999999999,0.4279
./resource/gamelogic/set/breed/mp\ger_ss\lssah_pzgren_stg.set,ger_ss,lssah_pzgren_stg,0.2,vet_7,lvl5,0.1,0.1,0.0009,"['""sg44"" filled', '""ammo stg44_mag"" 180', '""bandage"" 5', '""grenade m24"" 2', '""grenade m24x5""', '""smoke grenade""']",0.00085,0.001,0.0009,0.0,0.004,0.005,0.003,0.003,4,0.004,0.0017499999999999998,0.0017499999999999998,0.0017499999999999998,42.78999999999999,0.4279
./resource/gamelogic/set/breed/mp\ger_ss\medic.set,ger_ss,medic,0.15,,1,0.1,0.1,0.0009,"['""mauzer"" filled', '""ammo mauser_clip"" 60', '""bandage"" 25', '""morphine"" 1']",0.00075,0.001,0.0008,0.0,0.004,0.003,0.002,0.004,2,0.004,0.0,0.0,0.0,37.045,0.37045
./resource/gamelogic/set/breed/mp\ger_ss\oficer.set,ger_ss,oficer,0.25,oficer,1,0.1,0.1,0.001,"['""luger"" filled', '""ammo walther_mag"" 32', '""knife_ger""', '""binocular""']",0.00085,0.001,0.0009,0.0,0.005,0.005,0.005,0.005,5,0.005,-0.01,0.02,0.01,49.87500000000001,0.49875
./resource/gamelogic/set/breed/mp\ger_ss\pzgren_mg.set,ger_ss,pzgren_mg,0.2,vet_5,lvl1,0.1,0.1,0.0009,"['""mg42_inf"" filled', '""ammo mg_mauser drum"" 300', '""valter"" filled', '""ammo walther_mag"" 16', '""bandage"" 3', '""sandbag_kit""', '""barrel_case""']",0.00075,0.001,0.0008,0.0,0.004,0.003,0.005,0.003,4,0.004,0.00125,0.00125,0.00125,42.62,0.42619999999999997
./resource/gamelogic/set/breed/mp\ger_ss\pzgren_mg_39.set,ger_ss,pzgren_mg_39,0.2,vet_5,1,0.1,0.1,0.0009,"['""mg34"" filled', '""ammo mg_mauser drum"" 300', '""valter"" filled', '""ammo walther_mag"" 16', '""bandage"" 3', '""sandbag_kit""', '""barrel_case""']",0.00075,0.001,0.0008,0.0,0.004,0.003,0.005,0.003,4,0.004,0.00125,0.00125,0.00125,42.62,0.42619999999999997
./resource/gamelogic/set/breed/mp\ger_ss\pzgren_mg_asst.set,ger_ss,pzgren_mg_asst,0.2,vet_5,lvl1,0.1,0.1,0.0009,"['""mauzer"" filled', '""ammo mauser_clip"" 60', '""ammo mg_mauser belt"" 600', '""bandage"" 3', '""grenade m24"" 2', '""sandbag_kit""']",0.00075,0.001,0.0008,0.0,0.004,0.003,0.005,0.005,4,0.004,0.00125,0.00125,0.00125,42.82,0.42819999999999997
./resource/gamelogic/set/breed/mp\ger_ss\pzgren_pzfst.set,ger_ss,pzgren_pzfst,0.2,vet_5,lvl1,0.1,0.1,0.0009,"['""mauzer"" filled', '""ammo mauser_clip"" 60', '""ammo mg_mauser drum"" 50', '""bandage"" 3', '""grenade m24"" 2', '""sandbag_kit""', '""panzerfaust_60 weapon"" filled']",0.00075,0.001,0.0008,0.0,0.004,0.003,0.004,0.005,5,0.004,0.00125,0.00125,0.00125,42.72,0.42719999999999997
./resource/gamelogic/set/breed/mp\ger_ss\pzgren_pzfst_sa.set,ger_ss,pzgren_pzfst_sa,0.2,vet_5,lvl1,0.1,0.1,0.0009,"['""g43"" filling ""ammo g43_mag"" 10', '""ammo g43_mag"" 20', '""ammo mauser_clip"" 60', '""ammo mg_mauser drum"" 50', '""bandage"" 3', '""grenade m24"" 2', '""smoke grenade"" 1', '""sandbag_kit""', '""panzerfaust_60 weapon"" filled']",0.00075,0.001,0.0008,0.0,0.004,0.003,0.004,0.005,5,0.004,0.00125,0.00125,0.00125,42.72,0.42719999999999997
./resource/gamelogic/set/breed/mp\ger_ss\pzgren_rifle.set,ger_ss,pzgren_rifle,0.2,vet_5,1,0.1,0.1,0.0009,"['""mauzer"" filled', '""ammo mauser_clip"" 60', '""ammo mg_mauser drum"" 50', '""bandage"" 3', '""grenade m24"" 2', '""sandbag_kit""']",0.00075,0.001,0.0008,0.0,0.004,0.003,0.004,0.005,4,0.004,0.00125,0.00125,0.00125,42.72,0.42719999999999997
./resource/gamelogic/set/breed/mp\ger_ss\pzgren_sa.set,ger_ss,pzgren_sa,0.2,vet_5,1,0.1,0.1,0.0009,"['""g43"" filling ""ammo g43_mag"" 10', '""ammo g43_mag"" 20', '""ammo mauser_clip"" 60', '""ammo mg_mauser drum"" 50', '""bandage"" 3', '""grenade m24"" 2', '""smoke grenade"" 1', '""sandbag_kit""']",0.00075,0.001,0.0008,0.0,0.004,0.003,0.004,0.005,4,0.004,0.00125,0.00125,0.00125,42.72,0.42719999999999997
./resource/gamelogic/set/breed/mp\ger_ss\pzgren_sa_41.set,ger_ss,pzgren_sa_41,0.2,vet_5,1,0.1,0.1,0.0009,"['""g41"" filled', '""ammo mauser_clip"" 80', '""ammo mg_mauser drum"" 50', '""bandage"" 3', '""grenade m24"" 2', '""smoke grenade"" 1', '""sandbag_kit""']",0.00075,0.001,0.0008,0.0,0.004,0.003,0.004,0.005,4,0.004,0.00125,0.00125,0.00125,42.72,0.42719999999999997
./resource/gamelogic/set/breed/mp\ger_ss\pzgren_sl_asst.set,ger_ss,pzgren_sl_asst,0.2,vet_5,1,0.1,0.1,0.0009,"['""mauzer"" filled', '""ammo mauser_clip"" 60', '""ammo mg_mauser drum"" 50', '""bandage"" 3', '""grenade m24"" 2', '""sandbag_kit""']",0.00075,0.001,0.0008,0.0,0.004,0.003,0.004,0.005,4,0.004,0.00125,0.00125,0.00125,42.72,0.42719999999999997
./resource/gamelogic/set/breed/mp\ger_ss\pzgren_sl_asst_pzfst.set,ger_ss,pzgren_sl_asst_pzfst,0.2,vet_5,lvl1,0.1,0.1,0.0009,"['""mauzer"" filled', '""ammo mauser_clip"" 60', '""ammo mg_mauser drum"" 50', '""bandage"" 3', '""grenade m24"" 2', '""sandbag_kit""', '""panzerfaust weapon"" filled']",0.00075,0.001,0.0008,0.0,0.004,0.003,0.004,0.005,5,0.004,0.00125,0.00125,0.00125,42.72,0.42719999999999997
./resource/gamelogic/set/breed/mp\ger_ss\pzgren_sl_smg.set,ger_ss,pzgren_sl_smg,0.2,vet_5,1,0.1,0.1,0.0009,"['""mp40"" filled', '""ammo mp40_mag"" 192', '""bandage"" 3', '""grenade m24"" 2', '""grenade m24x5""', '""smoke grenade"" 2']",0.00075,0.001,0.0008,0.0,0.004,0.005,0.004,0.003,4,0.004,0.00125,0.00125,0.00125,42.72,0.42719999999999997
./resource/gamelogic/set/breed/mp\ger_ss\pzgren_sl_stg.set,ger_ss,pzgren_sl_stg,0.2,vet_5,lvl1,0.1,0.1,0.0009,"['""sg44"" filled', '""ammo stg44_mag"" 180', '""bandage"" 3', '""grenade m24"" 2', '""grenade m24x5""', '""smoke grenade"" 2']",0.00075,0.001,0.0008,0.0,0.004,0.005,0.004,0.003,5,0.004,0.00125,0.00125,0.00125,42.72,0.42719999999999997
./resource/gamelogic/set/breed/mp\ger_ss\pzgren_stg.set,ger_ss,pzgren_stg,0.2,vet_5,lvl1,0.1,0.1,0.0009,"['""sg44"" filled', '""ammo stg44_mag"" 180', '""bandage"" 3', '""grenade m24"" 2', '""grenade m24x5""', '""smoke grenade"" 1']",0.00075,0.001,0.0008,0.0,0.004,0.005,0.004,0.003,4,0.004,0.00125,0.00125,0.00125,42.72,0.42719999999999997
./resource/gamelogic/set/breed/mp\ger_ss\saper.set,ger_ss,saper,0.15,saper,1,0.1,0.1,0.0009,"['""mp40"" filled', '""ammo mp40_mag"" 192', '""mine_detector""', '""dynamite_ladung"" 2', '""hohlladung grenade""', '""trench_spade""']",0.00085,0.001,0.0009,0.0,0.004,0.004,0.002,0.003,2,0.004,0.001,0.001,0.001,37.36500000000001,0.37365000000000004
./resource/gamelogic/set/breed/mp\ger_ss\sniper.set,ger_ss,sniper,0.35,sniper,1,0.1,0.1,0.001,"['""mauzer_s"" filled', '""ammo mauser_clip"" 60', '""bandage"" 5', '""smoke_paradrop_ammo grenade"" 1', '""plant"" 3', '""knife_ger""']",0.00075,0.001,0.0008,0.0,0.004,0.003,0.002,0.006,2,0.004,0.005,0.008,0.002,58.755,0.58755
./resource/gamelogic/set/breed/mp\ger_ss\sniper2.set,ger_ss,sniper2,0.35,sniper,1,0.1,0.1,0.001,"['""mauzer_s_vet"" filled', '""ammo mauser_clip"" 60', '""ammo mauser_clip fg"" 20', '""bandage"" 5', '""smoke_paradrop_ammo grenade"" 1', '""plant"" 3', '""knife_ger""']",0.00085,0.001,0.0009,0.0,0.006999999999999999,0.006999999999999999,0.006999999999999999,0.006999999999999999,7,0.006999999999999999,0.005,0.008,0.002,60.37500000000002,0.60375
./resource/gamelogic/set/breed/mp\ger_ss\sniper2_early.set,ger_ss,sniper2_early,0.35,sniper,1,0.1,0.1,0.001,"['""mauzer_s_vet"" filled', '""ammo mauser_clip"" 60', '""bandage"" 5', '""smoke_paradrop_ammo grenade"" 1', '""plant"" 3', '""knife_ger""']",0.00085,0.001,0.0009,0.0,0.006999999999999999,0.006999999999999999,0.006999999999999999,0.006999999999999999,7,0.006999999999999999,0.005,0.008,0.002,60.37500000000002,0.60375
./resource/gamelogic/set/breed/mp\ger_ss\sniper3.set,ger_ss,sniper3,0.35,sniper,1,0.1,0.1,0.001,"['""g43_scope"" filling ""ammo g43_mag"" 10', '""ammo g43_mag"" 60', '""bandage"" 5', '""smoke_paradrop_ammo grenade"" 1', '""plant"" 3', '""knife_ger""']",0.00075,0.001,0.0008,0.0,0.004,0.003,0.002,0.006,2,0.004,0.005,0.008,0.002,58.755,0.58755
./resource/gamelogic/set/breed/mp\ger_ss\ssvt_mg.set,ger_ss,ssvt_mg,0.1,vet_2,1,0.1,0.1,0.0009,"['""zb30"" filled', '""ammo zb30_mag"" 300', '""valter"" filled', '""ammo walther_mag"" 16', '""bandage"" 3']",0.00075,0.001,0.0008,0.0,0.002,0.001,0.002,0.001,1,0.002,0.0005,0.0005,0.0005,31.295,0.31295000000000006
./resource/gamelogic/set/breed/mp\ger_ss\ssvt_mg_asst.set,ger_ss,ssvt_mg_asst,0.1,vet_2,1,0.1,0.1,0.0009,"['""mauzer"" filled', '""ammo mauser_clip"" 60', '""bandage"" 3', '""grenade m24"" 2', '""ammo zb30_mag"" 280']",0.00075,0.001,0.0008,0.0,0.002,0.001,0.002,0.001,1,0.002,0.0005,0.0005,0.0005,31.295,0.31295000000000006
./resource/gamelogic/set/breed/mp\ger_ss\ssvt_pzfst.set,ger_ss,ssvt_pzfst,0.1,vet_2,1,0.1,0.1,0.0009,"['""mauzer"" filled', '""ammo mauser_clip"" 60', '""bandage"" 3', '""grenade m24"" 2', '""panzerfaust_30 weapon"" filled']",0.00075,0.001,0.0008,0.0,0.001,0.001,0.001,0.002,2,0.002,0.0005,0.0005,0.0005,31.195000000000004,0.31195000000000006
./resource/gamelogic/set/breed/mp\ger_ss\ssvt_rifle.set,ger_ss,ssvt_rifle,0.1,vet_2,1,0.1,0.1,0.0009,"['""mauzer"" filled', '""ammo mauser_clip"" 60', '""bandage"" 3', '""grenade m24"" 2']",0.00075,0.001,0.0008,0.0,0.001,0.001,0.001,0.002,1,0.002,0.0005,0.0005,0.0005,31.195000000000004,0.31195000000000006
./resource/gamelogic/set/breed/mp\ger_ss\ssvt_sl.set,ger_ss,ssvt_sl,0.15,vet_2,1,0.1,0.1,0.0009,"['""mp41"" filled', '""ammo mp40_mag"" 192', '""bandage"" 3', '""grenade m24"" 2', '""smoke grenade"" 2']",0.00075,0.001,0.0008,0.0,0.002,0.003,0.002,0.002,2,0.002,0.0005,0.0005,0.0005,36.595000000000006,0.36595
./resource/gamelogic/set/breed/mp\ger_ss\ssvt_sl_asst.set,ger_ss,ssvt_sl_asst,0.15,vet_2,1,0.1,0.1,0.0009,"['""mauzer"" filled', '""ammo mauser_clip"" 60', '""bandage"" 3', '""grenade m24"" 2']",0.00075,0.001,0.0008,0.0,0.002,0.002,0.001,0.003,2,0.002,0.0005,0.0005,0.0005,36.495000000000005,0.36495
./resource/gamelogic/set/breed/mp\ger_ss\ssvt_smg.set,ger_ss,ssvt_smg,0.1,vet_2,1,0.1,0.1,0.0009,"['""mp41"" filled', '""ammo mp40_mag"" 192', '""bandage"" 3', '""grenade m24"" 2']",0.00075,0.001,0.0008,0.0,0.002,0.002,0.001,0.001,1,0.002,0.0005,0.0005,0.0005,31.295,0.31295000000000006
./resource/gamelogic/set/breed/mp\ger_ss\sturmgren_mg.set,ger_ss,sturmgren_mg,0.2,vet_5,1,0.1,0.1,0.0009,"['""mg42_inf"" filled', '""ammo mg_mauser drum"" 300', '""valter"" filled', '""ammo walther_mag"" 16', '""bandage"" 3', '""barrel_case""']",0.00075,0.001,0.0008,0.0,0.004,0.003,0.005,0.003,4,0.004,0.00125,0.00125,0.00125,42.62,0.42619999999999997
./resource/gamelogic/set/breed/mp\ger_ss\sturmgren_mg_asst.set,ger_ss,sturmgren_mg_asst,0.2,vet_5,1,0.1,0.1,0.0009,"['""mp40"" filled', '""ammo mp40_mag"" 192', '""ammo mg_mauser belt"" 600', '""bandage"" 3', '""grenade m24"" 2']",0.00075,0.001,0.0008,0.0,0.004,0.005,0.005,0.003,4,0.004,0.00125,0.00125,0.00125,42.82,0.42819999999999997
./resource/gamelogic/set/breed/mp\ger_ss\sturmgren_sa.set,ger_ss,sturmgren_sa,0.2,vet_5,1,0.1,0.1,0.0009,"['""g43"" filling ""ammo g43_mag"" 10', '""ammo g43_mag"" 20', '""ammo mauser_clip"" 60', '""ammo mg_mauser drum"" 50', '""bandage"" 3', '""grenade m24"" 2', '""grenade m24x5"" -1 2']",0.00075,0.001,0.0008,0.0,0.004,0.003,0.003,0.005,4,0.004,0.00125,0.00125,0.00125,42.62,0.42619999999999997
./resource/gamelogic/set/breed/mp\ger_ss\sturmgren_sa_scope.set,ger_ss,sturmgren_sa_scope,0.2,vet_5,1,0.1,0.1,0.0009,"['""g43_scope"" filling ""ammo g43_mag"" 10', '""ammo g43_mag"" 20', '""ammo mauser_clip"" 60', '""ammo mg_mauser drum"" 50', '""bandage"" 3', '""grenade m24"" 2', '""grenade m24x5"" -1 2', '""panzerfaust_60 weapon"" 0.5 0.5 filled']",0.00075,0.001,0.0008,0.0,0.004,0.003,0.003,0.005,4,0.004,0.00125,0.00125,0.00125,42.62,0.42619999999999997
./resource/gamelogic/set/breed/mp\ger_ss\sturmgren_sl.set,ger_ss,sturmgren_sl,0.2,vet_5,1,0.1,0.1,0.0009,"['""sg44"" filled', '""ammo stg44_mag"" 180', '""bandage"" 3', '""grenade m24"" 2', '""grenade m24x5""', '""smoke grenade"" 2']",0.00075,0.001,0.0008,0.0,0.004,0.005,0.003,0.003,4,0.004,0.00125,0.00125,0.00125,42.62,0.42619999999999997
./resource/gamelogic/set/breed/mp\ger_ss\sturmgren_sl_asst.set,ger_ss,sturmgren_sl_asst,0.2,vet_4,1,0.1,0.1,0.0009,"['""sg44"" filled', '""ammo stg44_mag"" 180', '""bandage"" 3', '""grenade m24"" 2', '""grenade m24x5"" -1 2', '""panzerfaust_60 weapon"" 0.5 0.5 filled', '""smoke grenade"" 1']",0.00075,0.001,0.0008,0.0,0.004,0.005,0.003,0.003,4,0.004,0.001,0.001,0.001,42.545,0.42545000000000005
./resource/gamelogic/set/breed/mp\ger_ss\sturmgren_smg.set,ger_ss,sturmgren_smg,0.2,vet_5,1,0.1,0.1,0.0009,"['""mp40"" filled', '""ammo mp40_mag"" 192', '""bandage"" 3', '""grenade m24"" 2', '""grenade m24x5"" -1 2', '""smoke grenade"" 1']",0.00075,0.001,0.0008,0.0,0.004,0.005,0.003,0.003,4,0.004,0.00125,0.00125,0.00125,42.62,0.42619999999999997
./resource/gamelogic/set/breed/mp\ger_ss\sturmgren_stg.set,ger_ss,sturmgren_stg,0.2,vet_5,1,0.1,0.1,0.0009,"['""sg44"" filled', '""ammo stg44_mag"" 180', '""bandage"" 3', '""grenade m24"" 2', '""grenade m24x5"" -1 2', '""panzerfaust_60 weapon"" 0 1 filled', '""smoke grenade"" 1']",0.00075,0.001,0.0008,0.0,0.004,0.005,0.003,0.003,4,0.004,0.00125,0.00125,0.00125,42.62,0.42619999999999997
./resource/gamelogic/set/breed/mp\ger_ss\sturmgren_stg_pzf.set,ger_ss,sturmgren_stg_pzf,0.2,vet_5,1,0.1,0.1,0.0009,"['""sg44"" filled', '""ammo stg44_mag"" 180', '""bandage"" 3', '""grenade m24"" 2', '""grenade m24x5"" -1 2', '""panzerfaust_60 weapon"" 1 filled']",0.00075,0.001,0.0008,0.0,0.004,0.005,0.003,0.003,4,0.004,0.00125,0.00125,0.00125,42.62,0.42619999999999997
./resource/gamelogic/set/breed/mp\ger_ss\sturmpio1.set,ger_ss,sturmpio1,0.15,vet_4,1,0.1,0.1,0.0009,"['""mauzer"" filled', '""ammo mauser_clip"" 60', '""bandage"" 3', '""mine s_mine"" 14', '""sandbag_kit"" 2', '""grenade m24"" 2', '""panzerfaust_60 weapon"" filled', '""dynamite_ladung"" 2', '""smoke grenade"" 1', '""hohlladung grenade""', '""smoke grenade"" 1', '""ammo panzershreck"" 3', '""sandbag_kit"" 3', '""dynamite_ladung"" 1']",0.00075,0.001,0.0008,0.0,0.004,0.003,0.002,0.004,4,0.004,0.001,0.001,0.001,37.345000000000006,0.37345
./resource/gamelogic/set/breed/mp\ger_ss\sturmpio2.set,ger_ss,sturmpio2,0.15,vet_4,1,0.1,0.1,0.0009,"['""mauzer"" filled', '""ammo mauser_clip"" 60', '""bandage"" 3', '""hedgehog_kit"" 1', '""dynamite_ladung"" 2', '""trench_spade""', '""mine antitank"" 2', '""grenade m24"" 2', '""mine antitank"" 2', '""dynamite_ladung"" 4', '""hohlladung grenade""', '""hedgehog_kit"" 1', '""trench_spade""']",0.00085,0.001,0.0009,0.0,0.004,0.003,0.002,0.004,2,0.004,0.001,0.001,0.001,37.36500000000001,0.37365000000000004
./resource/gamelogic/set/breed/mp\ger_ss\sturmpio3.set,ger_ss,sturmpio3,0.15,vet_4,1,0.1,0.1,0.0009,"['""mauzer"" filled', '""ammo mauser_clip"" 60', '""bandage"" 3', '""mine antitank"" 4', '""grenade m24"" 2', '""mine_detector""', '""dynamite_ladung"" 2', '""mine s_mine"" 20', '""mine_detector""', '""trench_spade"" 1']",0.00085,0.001,0.0009,0.0,0.004,0.003,0.002,0.004,2,0.004,0.001,0.001,0.001,37.36500000000001,0.37365000000000004
./resource/gamelogic/set/breed/mp\ger_ss\sturmpio4.set,ger_ss,sturmpio4,0.15,vet_4,1,0.1,0.1,0.0009,"['""sg44"" filled', '""ammo stg44_mag"" 180', '""bandage"" 3', '""grenade m24"" 2', '""mine antitank"" 3', '""sandbag_kit"" 1', '""mine s_mine"" 6', '""trench_spade"" 1', '""dynamite_ladung"" 1', '""mine antitank"" 1', '""grenade m24"" 2', '""trench_spade"" 1', '""sandbag_kit"" 3', '""hedgehog_kit"" 1']",0.00075,0.001,0.0008,0.0,0.004,0.004,0.002,0.003,2,0.004,0.001,0.001,0.001,37.345000000000006,0.37345
./resource/gamelogic/set/breed/mp\ger_ss\sturmpio_at.set,ger_ss,sturmpio_at,0.15,vet_4,1,0.1,0.1,0.0009,"['""weapon panzershreck"" filled', '""bandage"" 3', '""hohlladung grenade""', '""ammo panzershreck"" 5', '""valter"" filled', '""ammo walther_mag"" 16', '""sandbag_kit""']",0.00075,0.001,0.0008,0.0,0.004,0.003,0.002,0.004,4,0.004,0.001,0.001,0.001,37.345000000000006,0.37345
./resource/gamelogic/set/breed/mp\ger_ss\sturmpio_flamer.set,ger_ss,sturmpio_flamer,0.15,vet_4,1,0.1,0.1,0.0009,"['""flame_thrower_g""', '""balloon_g"" filled', '""bandage"" 3']",0.00075,0.001,0.0008,0.0,0.004,0.004,0.002,0.003,2,0.004,0.001,0.001,0.001,37.345000000000006,0.37345
./resource/gamelogic/set/breed/mp\ger_ss\sturmpio_mg.set,ger_ss,sturmpio_mg,0.15,vet_4,1,0.1,0.1,0.0009,"['""mg42_inf"" filled', '""ammo mg_mauser drum"" 300', '""valter"" filled', '""ammo walther_mag"" 16', '""bandage"" 3', '""sandbag_kit"" 2', '""barrel_case""']",0.00075,0.001,0.0008,0.0,0.004,0.003,0.004,0.003,2,0.004,0.001,0.001,0.001,37.445,0.37445
./resource/gamelogic/set/breed/mp\ger_ss\sturmpio_mg_asst.set,ger_ss,sturmpio_mg_asst,0.15,vet_4,1,0.1,0.1,0.0009,"['""mauzer"" filled', '""ammo mauser_clip"" 60', '""ammo mg_mauser belt"" 600', '""grenade m24"" 2', '""bandage"" 3', '""trench_spade"" 1', '""smoke grenade"" 1']",0.00075,0.001,0.0008,0.0,0.004,0.003,0.004,0.004,2,0.004,0.001,0.001,0.001,37.545,0.37545
./resource/gamelogic/set/breed/mp\ger_ss\sturmpio_sl.set,ger_ss,sturmpio_sl,0.2,vet_5,1,0.1,0.1,0.0009,"['""sg44"" filled', '""ammo stg44_mag"" 180', '""bandage"" 3', '""grenade m24"" 2', '""grenade m24x5"" 1', '""smoke grenade"" 2', '""hohlladung grenade""', '""sandbag_kit"" 2']",0.00085,0.001,0.0009,0.0,0.004,0.005,0.003,0.004,2,0.005,0.00125,0.00125,0.00125,42.84,0.4284
./resource/gamelogic/set/breed/mp\ger_ss\tankman.set,ger_ss,tankman,0.1,tankman,tankcrew,0.1,0.1,0.0008,"['""valter"" filled', '""ammo walther_mag"" 32']",0.0011,0.0011,0.0010500000000000002,0.003,0.005,0.004,0.003,0.003,1,0.005,0.00025,0.0012,0.00025,32.87499999999999,0.32875
./resource/gamelogic/set/breed/mp\ger_ss\tankman2.set,ger_ss,tankman2,0.15,tankman2,tankcrew,0.1,0.1,0.0008,"['""mp40"" filled', '""ammo mp40_mag"" 96']",0.00115,0.00115,0.0011,0.005,0.005,0.005,0.005,0.003,1,0.005,0.0005,0.0022,0.0005,38.53999999999999,0.38539999999999996
./resource/gamelogic/set/breed/mp\ger_ss\tk_pzgren_mg.set,ger_ss,tk_pzgren_mg,0.2,vet_6,lvl3,0.1,0.1,0.0009,"['""mg42_inf_250"" filled', '""ammo mg_mauser belt"" 300', '""valter"" filled', '""ammo walther_mag"" 16', '""bandage"" 5', '""sandbag_kit""', '""barrel_case""']",0.00085,0.001,0.0009,0.0,0.004,0.003,0.005,0.005,4,0.004,0.0015,0.0015,0.0015,42.915,0.4291500000000001
./resource/gamelogic/set/breed/mp\ger_ss\tk_pzgren_mg_39.set,ger_ss,tk_pzgren_mg_39,0.2,vet_6,1_lvl2,0.1,0.1,0.0009,"['""mg34"" filled', '""ammo mg_mauser drum"" 300', '""valter"" filled', '""ammo walther_mag"" 16', '""bandage"" 5', '""sandbag_kit""', '""barrel_case""']",0.00085,0.001,0.0009,0.0,0.004,0.003,0.005,0.005,4,0.004,0.0015,0.0015,0.0015,42.915,0.4291500000000001
./resource/gamelogic/set/breed/mp\ger_ss\tk_pzgren_mg_asst.set,ger_ss,tk_pzgren_mg_asst,0.2,vet_6,lvl3,0.1,0.1,0.0009,"['""mauzer_vet"" filled', '""ammo mauser_clip"" 60', '""ammo mg_mauser belt"" 600', '""bandage"" 5', '""grenade m24"" 2', '""sandbag_kit""']",0.00085,0.001,0.0009,0.0,0.004,0.003,0.005,0.005,4,0.004,0.0015,0.0015,0.0015,42.915,0.4291500000000001
./resource/gamelogic/set/breed/mp\ger_ss\tk_pzgren_pzfst.set,ger_ss,tk_pzgren_pzfst,0.2,vet_6,lvl3,0.1,0.1,0.0009,"['""mauzer_vet"" filled', '""ammo mauser_clip"" 60', '""ammo mg_mauser drum"" 50', '""bandage"" 5', '""grenade m24"" 2', '""m24x5 grenade""', '""sandbag_kit""', '""panzerfaust weapon"" filled']",0.00085,0.001,0.0009,0.0,0.004,0.003,0.003,0.005,5,0.004,0.0015,0.0015,0.0015,42.714999999999996,0.4271500000000001
./resource/gamelogic/set/breed/mp\ger_ss\tk_pzgren_pzfst60_sa.set,ger_ss,tk_pzgren_pzfst60_sa,0.2,vet_6,lvl3,0.1,0.1,0.0009,"['""g43"" filling ""ammo g43_mag"" 10', '""ammo g43_mag"" 20', '""ammo mauser_clip"" 60', '""ammo mg_mauser drum"" 50', '""bandage"" 5', '""grenade m24"" 2', '""m24x5 grenade""', '""sandbag_kit""', '""panzerfaust_60 weapon"" filled']",0.00085,0.001,0.0009,0.0,0.004,0.003,0.003,0.005,5,0.004,0.0015,0.0015,0.0015,42.714999999999996,0.4271500000000001
./resource/gamelogic/set/breed/mp\ger_ss\tk_pzgren_pzfst_stg.set,ger_ss,tk_pzgren_pzfst_stg,0.2,vet_6,lvl3,0.1,0.1,0.0009,"['""sg44"" filled', '""ammo stg44_mag"" 180', '""bandage"" 5', '""grenade m24"" 2', '""grenade m24x5""', '""smoke grenade""', '""panzerfaust weapon"" filled']",0.00085,0.001,0.0009,0.0,0.004,0.005,0.003,0.003,5,0.004,0.0015,0.0015,0.0015,42.714999999999996,0.4271500000000001
./resource/gamelogic/set/breed/mp\ger_ss\tk_pzgren_rifle.set,ger_ss,tk_pzgren_rifle,0.2,vet_6,lvl3,0.1,0.1,0.0009,"['""mauzer_vet"" filled', '""ammo mauser_clip"" 60', '""ammo mg_mauser drum"" 50', '""bandage"" 5', '""grenade m24"" 2', '""m24x5 grenade""', '""sandbag_kit""']",0.00085,0.001,0.0009,0.0,0.004,0.003,0.003,0.005,4,0.004,0.0015,0.0015,0.0015,42.714999999999996,0.4271500000000001
./resource/gamelogic/set/breed/mp\ger_ss\tk_pzgren_sa.set,ger_ss,tk_pzgren_sa,0.2,vet_6,lvl3,0.1,0.1,0.0009,"['""g43"" filling ""ammo g43_mag"" 10', '""ammo g43_mag"" 20', '""ammo mauser_clip"" 60', '""ammo mg_mauser drum"" 50', '""bandage"" 5', '""grenade m24"" 2', '""smoke grenade"" 1', '""m24x5 grenade""', '""sandbag_kit""']",0.00085,0.001,0.0009,0.0,0.004,0.003,0.003,0.005,4,0.004,0.0015,0.0015,0.0015,42.714999999999996,0.4271500000000001
./resource/gamelogic/set/breed/mp\ger_ss\tk_pzgren_sa_41.set,ger_ss,tk_pzgren_sa_41,0.2,vet_6,1_lvl2,0.1,0.1,0.0009,"['""g41"" filled', '""ammo mauser_clip"" 80', '""ammo mg_mauser drum"" 50', '""bandage"" 5', '""grenade m24"" 2', '""smoke grenade"" 1', '""m24x5 grenade""', '""sandbag_kit""']",0.00085,0.001,0.0009,0.0,0.004,0.003,0.003,0.005,4,0.004,0.0015,0.0015,0.0015,42.714999999999996,0.4271500000000001
./resource/gamelogic/set/breed/mp\ger_ss\tk_pzgren_sl.set,ger_ss,tk_pzgren_sl,0.2,vet_6,lvl3,0.1,0.1,0.0009,"['""mp40"" filled', '""ammo mp40_mag"" 192', '""bandage"" 5', '""grenade m24"" 2', '""grenade m24x5""', '""smoke grenade"" 2']",0.00085,0.001,0.0009,0.0,0.004,0.005,0.003,0.003,4,0.004,0.0015,0.0015,0.0015,42.714999999999996,0.4271500000000001
./resource/gamelogic/set/breed/mp\ger_ss\tk_pzgren_sl_asst.set,ger_ss,tk_pzgren_sl_asst,0.2,vet_6,lvl3,0.1,0.1,0.0009,"['""mauzer_s"" filled', '""ammo mauser_clip"" 60', '""ammo mg_mauser drum"" 50', '""bandage"" 5', '""grenade m24"" 2', '""smoke grenade"" 2']",0.00085,0.001,0.0009,0.0,0.004,0.003,0.003,0.005,4,0.004,0.0015,0.0015,0.0015,42.714999999999996,0.4271500000000001
./resource/gamelogic/set/breed/mp\ger_ss\tk_pzgren_smg.set,ger_ss,tk_pzgren_smg,0.2,vet_6,1_lvl2,0.1,0.1,0.0009,"['""mp40"" filled', '""ammo mp40_mag"" 192', '""bandage"" 5', '""grenade m24"" 2', '""grenade m24x5""', '""smoke grenade""']",0.00085,0.001,0.0009,0.0,0.004,0.005,0.003,0.003,4,0.004,0.0015,0.0015,0.0015,42.714999999999996,0.4271500000000001
./resource/gamelogic/set/breed/mp\ger_ss\tk_pzgren_stg.set,ger_ss,tk_pzgren_stg,0.2,vet_6,1_lvl2,0.1,0.1,0.0009,"['""sg44"" filled', '""ammo stg44_mag"" 180', '""bandage"" 5', '""grenade m24"" 2', '""grenade m24x5""', '""smoke grenade""']",0.00085,0.001,0.0009,0.0,0.004,0.005,0.003,0.003,4,0.004,0.0015,0.0015,0.0015,42.714999999999996,0.4271500000000001
./resource/gamelogic/set/breed/mp\ger_ss\vehicle_supporter.set,ger_ss,vehicle_supporter,0.15,vehicle_supporter,tankcrew,0.1,0.1,0.0009,"['""mauzer"" filled', '""ammo mauser_clip"" 60', '""bandage"" 3', '""grenade m24""']",0.00085,0.0010500000000000002,0.0010500000000000002,0.004,0.003,0.003,0.005,0.003,2,0.004,0.0005,0.002,0.00025,37.859999999999985,0.3786
./resource/gamelogic/set/breed/mp\ger_ss\vet_tankman.set,ger_ss,vet_tankman,0.1,tankman,tankcrew,0.1,0.1,0.0008,"['""valter"" filled', '""ammo walther_mag"" 32']",0.0011,0.0011,0.0010500000000000002,0.005,0.005,0.004,0.005,0.003,1,0.005,0.00025,0.0012,0.00025,33.274999999999984,0.33275
./resource/gamelogic/set/breed/mp\ger_ss\vet_tankman2.set,ger_ss,vet_tankman2,0.15,tankman2,tankcrew,0.1,0.1,0.0008,"['""mp40"" filled', '""ammo mp40_mag"" 96']",0.00115,0.00115,0.0011,0.006999999999999999,0.005,0.005,0.006,0.003,1,0.005,0.0005,0.0022,0.0005,38.839999999999996,0.38839999999999997
./resource/gamelogic/set/breed/mp\jap\ap_miner.set,jap,ap_miner,0.15,ap_miner,,0.1,0.1,0.0009,"['""type100smg"" filled', '""ammo type100_mag"" 180', '""mine antipersonnel"" 32', '""barbwire_kit""', '""bandage"" 5']",0.0008,0.001,0.001,0.0,0.002,0.002,0.001,0.001,1,0.002,0.001,0.001,0.001,36.47000000000002,0.3647
./resource/gamelogic/set/breed/mp\jap\at_miner.set,jap,at_miner,0.15,at_miner,,0.1,0.1,0.0009,"['""type100smg"" filled', '""ammo type100_mag"" 180', '""mine antitank"" 8', '""hedgehog_kit""', '""bandage"" 5']",0.0008,0.001,0.001,0.0,0.002,0.002,0.001,0.001,1,0.002,0.001,0.001,0.001,36.47000000000002,0.3647
./resource/gamelogic/set/breed/mp\jap\at_rifle.set,jap,at_rifle,0.15,at_rifle,1,0.1,0.1,0.0009,"['""type_97_antitank"" filled', '""type100smg"" filled', '""ammo type100_mag"" 180', '""bandage"" 3', '""grenade type3at_a"" 1', '""ammo ptr"" 25']",0.0008,0.001,0.001,0.0,0.002,0.002,0.001,0.003,1,0.002,0.001,0.0015,0.001,36.72000000000001,0.3672
./resource/gamelogic/set/breed/mp\jap\at_rifle2.set,jap,at_rifle2,0.15,at_rifle,1,0.1,0.1,0.0009,"['""type100smg"" filled', '""ammo type100_mag"" 180', '""bandage"" 3', '""grenade type97"" 2', '""grenade type3at_a"" 1', '""ammo ptr"" 10']",0.0008,0.001,0.001,0.0,0.002,0.002,0.001,0.003,1,0.002,0.001,0.0015,0.001,36.72000000000001,0.3672
./resource/gamelogic/set/breed/mp\jap\bazooker.set,jap,bazooker,0.15,bazooker,1,0.1,0.1,0.0009,"['""weapon weapon type_4at"" filled', '""type100smg"" filled', '""ammo type100_mag"" 180', '""bandage"" 3', '""grenade type3at_a"" 1', '""ammo type_4"" 7']",0.0008,0.001,0.001,0.0,0.002,0.002,0.001,0.001,3,0.002,0.001,0.0015,0.001,36.52000000000002,0.3652
./resource/gamelogic/set/breed/mp\jap\bazooker2.set,jap,bazooker2,0.15,bazooker,1,0.1,0.1,0.0009,"['""type100smg"" filled', '""ammo type100_mag"" 180', '""bandage"" 3', '""grenade type97"" 2', '""grenade type3at_a"" 1', '""ammo type_4"" 3']",0.0008,0.001,0.001,0.0,0.002,0.002,0.001,0.001,3,0.002,0.001,0.0015,0.001,36.52000000000002,0.3652
./resource/gamelogic/set/breed/mp\jap\bazooker3.set,jap,bazooker3,0.15,bazooker,1,0.1,0.1,0.0009,"['""type99rifle_at"" filled', '""ammo rifle_grenade_at"" 25', '""bandage"" 3', '""grenade type97"" 2', '""grenade type3at_a"" 1']",0.0008,0.001,0.001,0.0,0.002,0.002,0.001,0.003,3,0.002,0.001,0.0015,0.001,36.72000000000001,0.3672
./resource/gamelogic/set/breed/mp\jap\charger_rifle.set,jap,charger_rifle,0.25,vet_1,1,0.1,0.125,0.00095,"['""type38rifle_bayonet"" filled', '""ammo arisaka6-5_clip"" 60', '""bandage"" 5', '""grenade type99"" 1', '""grenade type3at_a"" 1', '""knife_japan"" 1']",0.0009,0.001,0.001,0.0,0.001,0.001,0.001,0.001,1,0.004,0.00025,0.00025,0.00025,48.760000000000005,0.4875999999999999
./resource/gamelogic/set/breed/mp\jap\charger_smg.set,jap,charger_smg,0.25,vet_1,1,0.1,0.125,0.00095,"['""type100smg_bayonet"" filled', '""ammo type100_mag"" 180', '""bandage"" 5', '""grenade type99"" 1', '""grenade type3at_a"" 1', '""knife_japan"" 1']",0.0009,0.001,0.001,0.0,0.001,0.001,0.001,0.001,1,0.004,0.00025,0.00025,0.00025,48.760000000000005,0.4875999999999999
./resource/gamelogic/set/breed/mp\jap\charger_smg2.set,jap,charger_smg2,0.25,vet_1,1,0.1,0.125,0.00095,"['""type100_44_bayonet"" filled', '""ammo type100_mag"" 180', '""bandage"" 5', '""grenade type99"" 1', '""grenade type3at_a"" 1', '""knife_japan"" 1']",0.0009,0.001,0.001,0.0,0.001,0.001,0.001,0.001,1,0.004,0.00025,0.00025,0.00025,48.760000000000005,0.4875999999999999
./resource/gamelogic/set/breed/mp\jap\elite.set,jap,elite,0.4,vet_4,elite,0.1,0.1,0.0009,"['""type2rifle"" filled', '""ammo arisaka7-7_clip"" 100', '""bandage"" 5', '""grenade type97"" 2', '""grenade type3at_a"" 1', '""smoke grenade"" 1', '""plant"" 1']",0.0009,0.001,0.001,0.0,0.006999999999999999,0.006999999999999999,0.006999999999999999,0.006999999999999999,7,0.006999999999999999,0.001,0.001,0.001,64.18000000000002,0.6418
./resource/gamelogic/set/breed/mp\jap\elite2.set,jap,elite2,0.4,vet_4,elite,0.1,0.1,0.0009,"['""type2rifle"" filled', '""ammo arisaka7-7_clip"" 100', '""bandage"" 5', '""grenade type97"" 2', '""grenade type3at_a"" 1', '""smoke grenade"" 1', '""mine antipersonnel"" 5']",0.0009,0.001,0.001,0.0,0.006999999999999999,0.006999999999999999,0.006999999999999999,0.006999999999999999,7,0.006999999999999999,0.001,0.001,0.001,64.18000000000002,0.6418
./resource/gamelogic/set/breed/mp\jap\elite3.set,jap,elite3,0.4,vet_4,elite,0.1,0.1,0.0009,"['""type99_mg"" filled', '""ammo type99_mag"" 240', '""bandage"" 5', '""grenade type97"" 2', '""grenade type3at_a"" 1', '""sandbag_kit"" 1']",0.0009,0.001,0.001,0.0,0.006999999999999999,0.006999999999999999,0.006999999999999999,0.006999999999999999,7,0.006999999999999999,0.001,0.001,0.001,64.18000000000002,0.6418
./resource/gamelogic/set/breed/mp\jap\elite4.set,jap,elite4,0.4,vet_2,elite,0.1,0.1,0.0009,"['""type100smg"" filled', '""ammo type100_mag"" 240', '""bandage"" 5', '""grenade type97"" 2', '""grenade type3at_a"" 1', '""smoke grenade"" 1', '""mine antipersonnel"" 5']",0.0009,0.001,0.001,0.0,0.006999999999999999,0.006999999999999999,0.006999999999999999,0.006999999999999999,7,0.006999999999999999,0.0005,0.0005,0.0005,64.03000000000002,0.6402999999999999
./resource/gamelogic/set/breed/mp\jap\elite4b.set,jap,elite4b,0.4,vet_7,elite,0.1,0.1,0.0009,"['""type100_44"" filled', '""ammo type100_mag"" 240', '""bandage"" 5', '""grenade type97"" 2', '""grenade type3at_a"" 1', '""smoke grenade"" 1', '""mine antipersonnel"" 5']",0.0009,0.001,0.001,0.0,0.006999999999999999,0.006999999999999999,0.006999999999999999,0.006999999999999999,7,0.006999999999999999,0.0017499999999999998,0.0017499999999999998,0.0017499999999999998,64.40500000000002,0.6440500000000001
./resource/gamelogic/set/breed/mp\jap\elite_at.set,jap,elite_at,0.4,vet_4,elite,0.1,0.1,0.0009,"['""weapon weapon type_4at"" filled', '""type100smg"" filled', '""ammo type100_mag"" 180', '""bandage"" 3', '""grenade type3at_a"" 1', '""ammo type_4"" 7']",0.0009,0.001,0.001,0.0,0.006999999999999999,0.006999999999999999,0.006999999999999999,0.006999999999999999,7,0.006999999999999999,0.001,0.001,0.001,64.18000000000002,0.6418
./resource/gamelogic/set/breed/mp\jap\elite_ig1.set,jap,elite_ig1,0.3,vet_5,1,0.1,0.1,0.0009,"['""type99rifle"" filled', '""ammo arisaka7-7_clip"" 60', '""bandage"" 5', '""grenade type97"" 4', '""grenade type3at_a"" 2', '""mine antipersonnel"" 5', '""sandbag_kit"" 2', '""knife_japan"" 1']",0.0009,0.001,0.001,0.0,0.003,0.003,0.003,0.005,3,0.005,0.00125,0.00125,0.00125,52.655,0.52655
./resource/gamelogic/set/breed/mp\jap\elite_ig1b.set,jap,elite_ig1b,0.3,vet_5,1,0.1,0.1,0.0009,"['""type38rifle"" filled', '""ammo arisaka6-5_clip"" 60', '""bandage"" 5', '""grenade type97"" 4', '""grenade type3at_a"" 2', '""mine antipersonnel"" 5', '""knife_japan"" 1']",0.0009,0.001,0.001,0.0,0.003,0.003,0.003,0.005,3,0.005,0.00125,0.00125,0.00125,52.655,0.52655
./resource/gamelogic/set/breed/mp\jap\elite_ig1bh.set,jap,elite_ig1bh,0.3,vet_5,1,0.1,0.1,0.0009,"['""type_4_rifle"" filled', '""ammo arisaka6-5_clip"" 60', '""bandage"" 5', '""grenade type97"" 4', '""grenade type3at_a"" 2', '""mine antipersonnel"" 5', '""knife_japan"" 1']",0.0009,0.001,0.001,0.0,0.003,0.003,0.003,0.005,3,0.005,0.00125,0.00125,0.00125,52.655,0.52655
./resource/gamelogic/set/breed/mp\jap\elite_ig1h.set,jap,elite_ig1h,0.3,vet_5,1,0.1,0.1,0.0009,"['""type_4_rifle"" filled', '""ammo arisaka7-7_clip"" 60', '""bandage"" 5', '""grenade type97"" 4', '""grenade type3at_a"" 2', '""mine antipersonnel"" 5', '""sandbag_kit"" 2', '""knife_japan"" 1']",0.0009,0.001,0.001,0.0,0.003,0.003,0.003,0.005,3,0.005,0.00125,0.00125,0.00125,52.655,0.52655
./resource/gamelogic/set/breed/mp\jap\elite_ig2.set,jap,elite_ig2,0.3,vet_5,1,0.1,0.1,0.0009,"['""type99_mg"" filled', '""ammo type99_mag"" 180', '""bandage"" 5', '""grenade type97"" 2', '""grenade type3at_a"" 1', '""knife_japan"" 1']",0.0009,0.001,0.001,0.0,0.003,0.003,0.005,0.003,3,0.005,0.00125,0.00125,0.00125,52.655,0.52655
./resource/gamelogic/set/breed/mp\jap\elite_ig3.set,jap,elite_ig3,0.3,vet_5,1,0.1,0.1,0.0009,"['""type100smg"" filled', '""ammo type100_mag"" 180', '""bandage"" 5', '""grenade type97"" 4', '""grenade type3at_a"" 2', '""mine antipersonnel"" 5', '""smoke grenade"" 1', '""knife_japan"" 1']",0.0009,0.001,0.001,0.0,0.003,0.005,0.003,0.003,3,0.005,0.00125,0.00125,0.00125,52.655,0.52655
./resource/gamelogic/set/breed/mp\jap\elite_ig3b.set,jap,elite_ig3b,0.3,vet_5,1,0.1,0.1,0.0009,"['""type100_44"" filled', '""ammo type100_mag"" 180', '""bandage"" 5', '""grenade type97"" 4', '""grenade type3at_a"" 2', '""mine antipersonnel"" 5', '""smoke grenade"" 1', '""knife_japan"" 1']",0.0009,0.001,0.001,0.0,0.003,0.005,0.003,0.003,3,0.005,0.00125,0.00125,0.00125,52.655,0.52655
./resource/gamelogic/set/breed/mp\jap\elite_ig4.set,jap,elite_ig4,0.3,vet_5,1,0.1,0.1,0.0009,"['""type100smg"" filled', '""ammo type100_mag"" 180', '""bandage"" 5', '""grenade type97"" 2', '""grenade type3at_a"" 1', '""weapon weapon type_4at"" filled', '""ammo type_4"" 5', '""knife_japan"" 1']",0.0009,0.001,0.001,0.0,0.003,0.005,0.003,0.003,5,0.005,0.00125,0.00125,0.00125,52.655,0.52655
./resource/gamelogic/set/breed/mp\jap\elite_ig_grenadier.set,jap,elite_ig_grenadier,0.3,vet_5,1,0.1,0.1,0.0009,"['""type99rifle"" filled', '""ammo arisaka7-7_clip"" 60', '""type99rifle_at"" filled', '""ammo rifle_grenade_at"" 6', '""bandage"" 5', '""grenade type97"" 4', '""grenade type3at_a"" 2']",0.0009,0.001,0.001,0.0,0.003,0.003,0.003,0.005,3,0.005,0.00125,0.00125,0.00125,52.655,0.52655
./resource/gamelogic/set/breed/mp\jap\elite_takasago_lmg.set,jap,elite_takasago_lmg,0.35,vet_6,elite,0.1,0.125,0.0009,"['""type99_mg"" filled', '""ammo type99_mag"" 180', '""bandage"" 5', '""grenade type97"" 2', '""grenade type3at_a"" 1', '""sandbag_kit"" 1', '""knife_japan"" 1']",0.001,0.001,0.001,0.0,0.006,0.004,0.006,0.004,4,0.006,0.0015,0.0015,0.0015,60.940000000000005,0.6093999999999998
./resource/gamelogic/set/breed/mp\jap\elite_takasago_rifle.set,jap,elite_takasago_rifle,0.35,vet_6,elite,0.1,0.125,0.0009,"['""type38rifle_bayonet"" filled', '""ammo arisaka6-5_clip"" 60', '""bandage"" 5', '""grenade type97"" 3', '""grenade type3at_a"" 1', '""smoke grenade"" 1', '""dynamite"" 1', '""knife_japan"" 1']",0.001,0.001,0.001,0.0,0.006,0.004,0.004,0.006,4,0.006,0.0015,0.0015,0.0015,60.940000000000005,0.6093999999999998
./resource/gamelogic/set/breed/mp\jap\elite_takasago_rifle2.set,jap,elite_takasago_rifle2,0.35,vet_6,elite,0.1,0.125,0.0009,"['""type99rifle_bayonet"" filled', '""ammo arisaka7-7_clip"" 60', '""bandage"" 5', '""grenade type97"" 3', '""grenade type3at_a"" 1', '""smoke grenade"" 1', '""dynamite"" 1', '""knife_japan"" 1']",0.001,0.001,0.001,0.0,0.006,0.004,0.004,0.006,4,0.006,0.0015,0.0015,0.0015,60.940000000000005,0.6093999999999998
./resource/gamelogic/set/breed/mp\jap\elite_takasago_smg.set,jap,elite_takasago_smg,0.35,vet_6,elite,0.1,0.125,0.0009,"['""type100smg_bayonet"" filled', '""ammo type100_mag"" 180', '""bandage"" 5', '""grenade type97"" 4', '""grenade type3at_a"" 2', '""smoke grenade"" 1', '""dynamite"" 2', '""knife_japan"" 1']",0.001,0.001,0.001,0.0,0.006,0.006,0.004,0.004,4,0.006,0.0015,0.0015,0.0015,60.940000000000005,0.6093999999999998
./resource/gamelogic/set/breed/mp\jap\elite_takasago_smg2.set,jap,elite_takasago_smg2,0.35,vet_6,elite,0.1,0.125,0.0009,"['""type100_44_bayonet"" filled', '""ammo type100_mag"" 180', '""bandage"" 5', '""grenade type97"" 4', '""grenade type3at_a"" 2', '""smoke grenade"" 1', '""dynamite"" 2', '""knife_japan"" 1']",0.001,0.001,0.001,0.0,0.006,0.006,0.004,0.004,4,0.006,0.0015,0.0015,0.0015,60.940000000000005,0.6093999999999998
./resource/gamelogic/set/breed/mp\jap\elite_vehicle_supporter.set,jap,elite_vehicle_supporter,0.15,vehicle_supporter,tankcrew,0.1,0.1,0.0009,"['""type44_carbine"" filled', '""ammo arisaka6-5_clip"" 60', '""bandage"" 3', '""grenade type97"" 1']",0.001,0.001,0.001,0.008,0.002,0.002,0.005,0.005,1,0.002,0.0005,0.002,0.00025,38.06500000000001,0.38065
./resource/gamelogic/set/breed/mp\jap\flamer.set,jap,flamer,0.15,flamer,,0.1,0.1,0.0009,"['""flame_thrower_g""', '""balloon_g"" filled', '""bandage"" 3']",0.0008,0.001,0.001,0.0,0.002,0.002,0.001,0.001,1,0.002,0.001,0.001,0.001,36.47000000000002,0.3647
./resource/gamelogic/set/breed/mp\jap\flamer2.set,jap,flamer2,0.15,flamer,1,0.1,0.1,0.0009,"['""type100smg"" filled', '""ammo type100_mag"" 180', '""bandage"" 3', '""grenade type97"" 2', '""grenade type3at_a"" 1']",0.0008,0.001,0.001,0.0,0.002,0.002,0.001,0.001,1,0.002,0.001,0.001,0.001,36.47000000000002,0.3647
./resource/gamelogic/set/breed/mp\jap\home_guard.set,jap,home_guard,0.1,vet_1,1,0.1,0.1,0.0008,"['""type99rifle"" filled', '""ammo arisaka7-7_clip"" 60', '""bandage"" 3']",0.0006,0.0008,0.0008,0.0,0.001,0.001,0.001,0.001,1,0.002,0.00025,0.00025,0.00025,30.974999999999994,0.30975
./resource/gamelogic/set/breed/mp\jap\home_guard2.set,jap,home_guard2,0.1,vet_1,1,0.1,0.1,0.0008,"['""mp28"" filled', '""ammo mp28_mag"" 180', '""bandage"" 3']",0.0006,0.0008,0.0008,0.0,0.001,0.001,0.001,0.001,1,0.002,0.00025,0.00025,0.00025,30.974999999999994,0.30975
./resource/gamelogic/set/breed/mp\jap\kamikaze.set,jap,kamikaze,0.3,kamikaze,1,0.1,0.15,0.0011,"['""grenade type99at"" 1']",0.0008,0.001,0.001,0.0,0.002,0.002,0.001,0.001,1,0.002,0.001,0.0005,0.00025,56.36500000000001,0.56365
./resource/gamelogic/set/breed/mp\jap\light_mortar.set,jap,light_mortar,0.15,vet_3,1,0.1,0.1,0.0009,"['""type44_carbine"" filled', '""ammo arisaka6-5_clip"" 60', '""type89_grenadelauncher"" filled', '""ammo 5cm_grenade fg"" 8', '""bandage"" 5']",0.0008,0.001,0.001,0.0,0.002,0.001,0.001,0.003,1,0.002,0.00075,0.00075,0.00075,36.49500000000002,0.36494999999999994
./resource/gamelogic/set/breed/mp\jap\medic.set,jap,medic,0.15,,,0.1,0.1,0.0009,"['""type99rifle"" filled', '""ammo arisaka7-7_clip"" 60', '""bandage"" 30', '""morphine""']",0.0008,0.001,0.001,0.0,0.002,0.002,0.001,0.002,1,0.002,0.0,0.0,0.0,36.27000000000002,0.3627
./resource/gamelogic/set/breed/mp\jap\mg3_asst.set,jap,mg3_asst,0.15,vet_3,,0.1,0.1,0.0009,"['""type99rifle"" filled', '""ammo arisaka7-7_clip"" 200', '""bandage"" 3', '""grenade type97""', '""sandbag_kit""', '""mine antipersonnel"" 2']",0.0008,0.001,0.001,0.0,0.002,0.001,0.003,0.003,1,0.002,0.00075,0.00075,0.00075,36.695000000000014,0.36694999999999994
./resource/gamelogic/set/breed/mp\jap\mgun.set,jap,mgun,0.15,vet_3,1,0.1,0.1,0.0009,"['""type99_mg"" filled', '""ammo type99_mag"" 180', '""bandage"" 3', '""sandbag_kit"" 1']",0.0008,0.001,0.001,0.0,0.001,0.001,0.003,0.001,1,0.002,0.00075,0.00075,0.00075,36.39500000000002,0.36394999999999994
./resource/gamelogic/set/breed/mp\jap\mgun2.set,jap,mgun2,0.15,vet_3,1,0.1,0.1,0.0009,"['""type96_mg"" filled', '""ammo type96_mag"" 180', '""bandage"" 3', '""sandbag_kit"" 1']",0.0008,0.001,0.001,0.0,0.001,0.001,0.003,0.001,1,0.002,0.00075,0.00075,0.00075,36.39500000000002,0.36394999999999994
./resource/gamelogic/set/breed/mp\jap\mgun3.set,jap,mgun3,0.15,vet_3,1,0.1,0.1,0.0009,"['""type11_mg"" filled', '""ammo arisaka6-5_clip"" 180', '""bandage"" 3', '""sandbag_kit"" 1']",0.0008,0.001,0.001,0.0,0.001,0.001,0.003,0.001,1,0.002,0.00075,0.00075,0.00075,36.39500000000002,0.36394999999999994
./resource/gamelogic/set/breed/mp\jap\mg_asst.set,jap,mg_asst,0.15,vet_3,,0.1,0.1,0.0009,"['""type99rifle"" filled', '""ammo arisaka7-7_clip"" 60', '""ammo type99_mag"" 240', '""bandage"" 3', '""grenade type97""', '""sandbag_kit""', '""mine antipersonnel"" 2']",0.0008,0.001,0.001,0.0,0.002,0.001,0.003,0.003,1,0.002,0.00075,0.00075,0.00075,36.695000000000014,0.36694999999999994
./resource/gamelogic/set/breed/mp\jap\oficer.set,jap,oficer,0.25,oficer,,0.1,0.1,0.001,"['""nambu"" filled', '""ammo nambu_mag"" 32', '""knife_japan""', '""binocular""', '""bandage"" 5']",0.001,0.001,0.001,0.0,0.003,0.003,0.003,0.003,3,0.003,-0.01,0.02,0.01,48.89999999999999,0.489
./resource/gamelogic/set/breed/mp\jap\radioman.set,jap,radioman,0.15,radioman,,0.1,0.1,0.0009,"['""type100smg"" filled', '""flaergun"" filled', '""ammo type100_mag"" 180', '""ammo flaer"" 50', '""bandage"" 3']",0.0008,0.001,0.001,0.0,0.006,0.002,0.001,0.001,1,0.002,0.005,0.02,0.001,39.170000000000016,0.39170000000000005
./resource/gamelogic/set/breed/mp\jap\rifle.set,jap,rifle,0.15,vet_3,1,0.1,0.1,0.0009,"['""type99rifle"" filled', '""ammo arisaka7-7_clip"" 60', '""ammo type99_mag"" 30', '""bandage"" 3', '""grenade type97"" 1', '""grenade type3at"" 1', '""sandbag_kit"" 1', '""mine antipersonnel"" 2']",0.0008,0.001,0.001,0.0,0.002,0.001,0.001,0.003,1,0.002,0.00075,0.00075,0.00075,36.49500000000002,0.36494999999999994
./resource/gamelogic/set/breed/mp\jap\rifle2.set,jap,rifle2,0.15,vet_2,1,0.1,0.1,0.0009,"['""type99rifle_bayonet"" filled', '""ammo arisaka7-7_clip"" 60', '""ammo mgun"" 30', '""bandage"" 3', '""grenade type97"" 1', '""grenade type3at"" 1', '""sandbag_kit"" 1', '""smoke grenade""  1']",0.0008,0.001,0.001,0.0,0.002,0.001,0.001,0.003,1,0.002,0.0005,0.0005,0.0005,36.42,0.3642
./resource/gamelogic/set/breed/mp\jap\rifle2b.set,jap,rifle2b,0.15,vet_2,1,0.1,0.1,0.0009,"['""type38rifle_bayonet"" filled', '""ammo arisaka6-5_clip"" 60', '""ammo mgun"" 30', '""bandage"" 3', '""grenade type97"" 1', '""grenade type3at"" 1', '""sandbag_kit"" 1']",0.0008,0.001,0.001,0.0,0.002,0.001,0.001,0.003,1,0.002,0.0005,0.0005,0.0005,36.42,0.3642
./resource/gamelogic/set/breed/mp\jap\rifleb.set,jap,rifleb,0.15,vet_3,1,0.1,0.1,0.0009,"['""type38rifle"" filled', '""ammo arisaka6-5_clip"" 60', '""ammo type96_mag"" 30', '""bandage"" 3', '""grenade type97"" 1', '""grenade type3at"" 1', '""sandbag_kit"" 1', '""mine antipersonnel"" 2']",0.0008,0.001,0.001,0.0,0.002,0.001,0.001,0.003,1,0.002,0.00075,0.00075,0.00075,36.49500000000002,0.36494999999999994
./resource/gamelogic/set/breed/mp\jap\rifle_grenadier.set,jap,rifle_grenadier,0.15,vet_3,1,0.1,0.1,0.0009,"['""type99rifle"" filled', '""ammo arisaka7-7_clip"" 60', '""ammo type99_mag"" 30', '""type99rifle_at"" filled', '""ammo rifle_grenade_at"" 6', '""bandage"" 3', '""grenade type97"" 1', '""grenade type3at"" 1', '""sandbag_kit"" 1']",0.0008,0.001,0.001,0.0,0.002,0.001,0.001,0.003,1,0.002,0.00075,0.00075,0.00075,36.49500000000002,0.36494999999999994
./resource/gamelogic/set/breed/mp\jap\saper.set,jap,saper,0.25,saper,1,0.1,0.1,0.0009,"['""type100smg"" filled', '""ammo type100_mag"" 180', '""mine_detector""', '""dynamite"" 2', '""trench_spade""']",0.0008,0.001,0.001,0.0,0.002,0.002,0.001,0.001,1,0.002,0.001,0.001,0.001,46.47000000000002,0.4647
./resource/gamelogic/set/breed/mp\jap\smg.set,jap,smg,0.15,vet_3,1,0.1,0.1,0.0009,"['""type100smg"" filled', '""ammo type100_mag"" 180', '""bandage"" 3', '""grenade type97"" 2', '""grenade type3at_a"" 1', '""smoke grenade"" 0 1']",0.0008,0.001,0.001,0.0,0.002,0.003,0.001,0.001,1,0.002,0.00075,0.00075,0.00075,36.49500000000002,0.36494999999999994
./resource/gamelogic/set/breed/mp\jap\smg2.set,jap,smg2,0.15,vet_2,1,0.1,0.1,0.0009,"['""type100smg_bayonet"" filled', '""ammo type100_mag"" 180', '""bandage"" 3', '""grenade type97"" 2', '""grenade type3at_a"" 1', '""smoke grenade""  1']",0.0008,0.001,0.001,0.0,0.002,0.003,0.001,0.001,1,0.002,0.0005,0.0005,0.0005,36.42,0.3642
./resource/gamelogic/set/breed/mp\jap\smg2b.set,jap,smg2b,0.15,vet_2,1,0.1,0.1,0.0009,"['""type100_44_bayonet"" filled', '""ammo type100_mag"" 180', '""bandage"" 3', '""grenade type97"" 2', '""grenade type3at_a"" 1', '""smoke grenade"" 0 1']",0.0008,0.001,0.001,0.0,0.002,0.003,0.001,0.001,1,0.002,0.0005,0.0005,0.0005,36.42,0.3642
./resource/gamelogic/set/breed/mp\jap\smg3.set,jap,smg3,0.15,vet_2,1,0.1,0.1,0.0009,"['""type2smg"" filled', '""ammo type2_mag"" 200', '""bandage"" 3', '""grenade type97"" 2', '""grenade type3at_a"" 1', '""smoke grenade"" 1']",0.0008,0.001,0.001,0.0,0.002,0.002,0.001,0.001,1,0.002,0.0005,0.0005,0.0005,36.32000000000001,0.3632
./resource/gamelogic/set/breed/mp\jap\smgb.set,jap,smgb,0.15,vet_3,1,0.1,0.1,0.0009,"['""type100_44"" filled', '""ammo type100_mag"" 180', '""bandage"" 3', '""grenade type97"" 2', '""grenade type3at_a"" 1', '""smoke grenade"" 0 1']",0.0008,0.001,0.001,0.0,0.002,0.003,0.001,0.001,1,0.002,0.00075,0.00075,0.00075,36.49500000000002,0.36494999999999994
./resource/gamelogic/set/breed/mp\jap\sniper.set,jap,sniper,0.35,sniper,,0.1,0.1,0.001,"['""type99sniper"" filled', '""ammo arisaka7-7_clip"" 100', '""bandage"" 5', '""plant"" 3', '""knife_japan""']",0.001,0.001,0.001,0.0,0.002,0.002,0.001,0.005,1,0.002,0.005,0.008,0.002,58.100000000000016,0.581
./resource/gamelogic/set/breed/mp\jap\sniper2.set,jap,sniper2,0.35,sniper,,0.1,0.1,0.001,"['""type97sniper"" filled', '""ammo arisaka6-5_clip"" 100', '""bandage"" 5', '""plant"" 3', '""knife_japan""']",0.001,0.001,0.001,0.0,0.002,0.002,0.001,0.005,1,0.002,0.005,0.008,0.002,58.100000000000016,0.581
./resource/gamelogic/set/breed/mp\jap\squadleader.set,jap,squadleader,0.2,vet_4,1,0.1,0.1,0.0009,"['""type100smg"" filled', '""ammo type100_mag"" 180', '""bandage"" 3', '""grenade type97"" 2', '""grenade type3at_a"" 2', '""smoke grenade"" 2']",0.0008,0.001,0.001,0.0,0.004,0.004,0.003,0.004,1,0.003,0.001,0.001,0.001,42.47,0.4247000000000001
./resource/gamelogic/set/breed/mp\jap\squadleader2.set,jap,squadleader2,0.2,vet_3,1,0.1,0.1,0.0009,"['""type100smg_bayonet"" filled', '""ammo type100_mag"" 180', '""bandage"" 3', '""grenade type97"" 4', '""grenade type3at_a"" 1', '""smoke grenade"" 1']",0.0008,0.001,0.001,0.0,0.003,0.004,0.002,0.003,1,0.002,0.00075,0.00075,0.00075,41.99500000000001,0.41995
./resource/gamelogic/set/breed/mp\jap\sturmovik.set,jap,sturmovik,0.4,vet_5,elite,0.1,0.1,0.0009,"['""type100smg"" filled', '""ammo type100_mag"" 180', '""bandage"" 5', '""grenade type99"" 4', '""grenade type3at_a"" 2']",0.001,0.001,0.001,0.0,0.006999999999999999,0.006999999999999999,0.006999999999999999,0.006999999999999999,7,0.006999999999999999,0.00125,0.00125,0.00125,64.26500000000001,0.6426499999999999
./resource/gamelogic/set/breed/mp\jap\sturmovik2.set,jap,sturmovik2,0.4,vet_5,elite,0.1,0.1,0.0009,"['""type99_mg"" filled', '""ammo type99_mag"" 180', '""bandage"" 5', '""grenade type97"" 2', '""grenade type3at_a"" 1', '""dynamite"" 1']",0.001,0.001,0.001,0.0,0.006999999999999999,0.006999999999999999,0.006999999999999999,0.006999999999999999,7,0.006999999999999999,0.00125,0.00125,0.00125,64.26500000000001,0.6426499999999999
./resource/gamelogic/set/breed/mp\jap\sturmovik3.set,jap,sturmovik3,0.4,vet_5,elite,0.1,0.1,0.0009,"['""type100smg"" filled', '""ammo type100_mag"" 180', '""bandage"" 5', '""grenade type97"" 2', '""dynamite"" 1', '""weapon weapon type_4at"" filled', '""ammo type_4"" 5']",0.001,0.001,0.001,0.0,0.006999999999999999,0.006999999999999999,0.006999999999999999,0.006999999999999999,7,0.006999999999999999,0.00125,0.00125,0.00125,64.26500000000001,0.6426499999999999
./resource/gamelogic/set/breed/mp\jap\sturmovik4.set,jap,sturmovik4,0.4,vet_5,elite,0.1,0.1,0.0009,"['""type99rifle"" filled', '""ammo arisaka7-7_clip"" 60', '""bandage"" 5', '""grenade type99"" 2', '""grenade type3at_a"" 1']",0.001,0.001,0.001,0.0,0.006999999999999999,0.006999999999999999,0.006999999999999999,0.006999999999999999,7,0.006999999999999999,0.00125,0.00125,0.00125,64.26500000000001,0.6426499999999999
./resource/gamelogic/set/breed/mp\jap\sturmovik4b.set,jap,sturmovik4b,0.4,vet_5,elite,0.1,0.1,0.0009,"['""type2rifle"" filled', '""ammo arisaka7-7_clip"" 60', '""bandage"" 5', '""grenade type99"" 2', '""grenade type3at_a"" 1']",0.001,0.001,0.001,0.0,0.006999999999999999,0.006999999999999999,0.006999999999999999,0.006999999999999999,7,0.006999999999999999,0.00125,0.00125,0.00125,64.26500000000001,0.6426499999999999
./resource/gamelogic/set/breed/mp\jap\sturmovik5.set,jap,sturmovik5,0.4,vet_5,elite,0.1,0.1,0.0009,"['""weapon weapon type_4at"" filled', '""type100smg"" filled', '""ammo type100_mag"" 180', '""bandage"" 5', '""grenade type3at_a"" 1', '""ammo type_4"" 7']",0.001,0.001,0.001,0.0,0.006999999999999999,0.006999999999999999,0.006999999999999999,0.006999999999999999,7,0.006999999999999999,0.00125,0.00125,0.00125,64.26500000000001,0.6426499999999999
./resource/gamelogic/set/breed/mp\jap\sturmovik5b.set,jap,sturmovik5b,0.4,vet_5,elite,0.1,0.1,0.0009,"['""type100smg"" filled', '""ammo type100_mag"" 180', '""bandage"" 5', '""grenade type97"" 2', '""grenade type3at_a"" 1', '""ammo type_4"" 3']",0.001,0.001,0.001,0.0,0.006999999999999999,0.006999999999999999,0.006999999999999999,0.006999999999999999,7,0.006999999999999999,0.00125,0.00125,0.00125,64.26500000000001,0.6426499999999999
./resource/gamelogic/set/breed/mp\jap\sturmovik6.set,jap,sturmovik6,0.4,vet_5,elite,0.1,0.1,0.0009,"['""type99_mg"" filled', '""ammo type99_mag"" 180', '""bandage"" 5', '""grenade type97"" 2', '""dynamite"" 1', '""sandbag_kit"" 1']",0.001,0.001,0.001,0.0,0.006999999999999999,0.006999999999999999,0.006999999999999999,0.006999999999999999,7,0.006999999999999999,0.00125,0.00125,0.00125,64.26500000000001,0.6426499999999999
./resource/gamelogic/set/breed/mp\jap\sturmovik6b.set,jap,sturmovik6b,0.4,vet_5,elite,0.1,0.1,0.0009,"['""type38rifle"" filled', '""ammo arisaka6-5_clip"" 60', '""ammo type99_mag"" 90', '""bandage"" 5', '""grenade type97"" 4', '""grenade type3at_a"" 1']",0.001,0.001,0.001,0.0,0.006999999999999999,0.006999999999999999,0.006999999999999999,0.006999999999999999,7,0.006999999999999999,0.00125,0.00125,0.00125,64.26500000000001,0.6426499999999999
./resource/gamelogic/set/breed/mp\jap\sturmovik6c.set,jap,sturmovik6c,0.4,vet_6,elite,0.1,0.1,0.0009,"['""type96_mg"" filled', '""ammo type96_mag"" 180', '""bandage"" 5', '""grenade type97"" 2', '""dynamite"" 1', '""sandbag_kit"" 1']",0.001,0.001,0.001,0.0,0.006999999999999999,0.006999999999999999,0.006999999999999999,0.006999999999999999,7,0.006999999999999999,0.0015,0.0015,0.0015,64.34000000000003,0.6433999999999999
./resource/gamelogic/set/breed/mp\jap\sturmovikb.set,jap,sturmovikb,0.4,vet_7,elite,0.1,0.1,0.0009,"['""type100_44"" filled', '""ammo type100_mag"" 180', '""bandage"" 5', '""grenade type99"" 4', '""grenade type3at_a"" 2']",0.001,0.001,0.001,0.0,0.006999999999999999,0.006999999999999999,0.006999999999999999,0.006999999999999999,7,0.006999999999999999,0.0017499999999999998,0.0017499999999999998,0.0017499999999999998,64.41500000000002,0.6441500000000001
./resource/gamelogic/set/breed/mp\jap\tankman.set,jap,tankman,0.1,tankman,,0.1,0.1,0.0008,"['""nambu"" filled', '""ammo nambu_mag"" 24', '""bandage"" 3']",0.0011,0.0011,0.0011,0.002,0.002,0.002,0.002,0.001,1,0.002,0.00025,0.0012,0.00025,31.679999999999993,0.31679999999999997
./resource/gamelogic/set/breed/mp\jap\tankman2.set,jap,tankman2,0.15,tankman2,,0.1,0.1,0.0008,"['""type100smg"" filled', '""ammo type100_mag"" 30', '""bandage"" 3']",0.00115,0.00115,0.00115,0.004,0.002,0.002,0.003,0.001,1,0.002,0.0005,0.0022,0.0005,37.145,0.37144999999999995
./resource/gamelogic/set/breed/mp\jap\vehicle_supporter.set,jap,vehicle_supporter,0.15,vehicle_supporter,tankcrew,0.1,0.1,0.0009,"['""type44_carbine"" filled', '""ammo arisaka6-5_clip"" 60', '""bandage"" 3', '""grenade type97"" 1']",0.001,0.001,0.001,0.004,0.002,0.002,0.003,0.002,1,0.002,0.0005,0.002,0.00025,37.16500000000001,0.37165
./resource/gamelogic/set/breed/mp\rus\ap_miner.set,rus,ap_miner,0.15,ap_miner,,0.1,0.1,0.0009,"['""ppsh41"" filled', '""ammo ppsh41_mag"" 105', '""mine antipersonnel"" 33', '""barbwire_kit""', '""bandage"" 5']",0.00075,0.001,0.0008,0.0,0.002,0.002,0.001,0.001,1,0.002,0.001,0.001,0.001,36.44500000000002,0.36445
./resource/gamelogic/set/breed/mp\rus\at_miner.set,rus,at_miner,0.15,at_miner,,0.1,0.1,0.0009,"['""ppsh41"" filled', '""ammo ppsh41_mag"" 105', '""mine antitank"" 8', '""hedgehog_kit""', '""bandage"" 5']",0.00075,0.001,0.0008,0.0,0.002,0.002,0.001,0.001,1,0.002,0.001,0.001,0.001,36.44500000000002,0.36445
./resource/gamelogic/set/breed/mp\rus\at_rifle.set,rus,at_rifle,0.15,at_rifle,1,0.1,0.1,0.0009,"['""ptrd"" filled', '""bandage"" 3', '""grenade rpg40"" 1', '""ammo ptr"" 25']",0.00075,0.001,0.0008,0.0,0.002,0.002,0.001,0.003,1,0.002,0.001,0.0015,0.001,36.695000000000014,0.36695
./resource/gamelogic/set/breed/mp\rus\at_rifle2.set,rus,at_rifle2,0.15,at_rifle,1,0.1,0.1,0.0009,"['""ppsh"" filled', '""ammo ppsh_mag"" 142', '""bandage"" 3', '""grenade f1"" 2', '""grenade rpg40"" 1', '""smoke grenade"" 1', '""ammo ptr"" 10']",0.00075,0.001,0.0008,0.0,0.002,0.002,0.001,0.003,1,0.002,0.001,0.0015,0.001,36.695000000000014,0.36695
./resource/gamelogic/set/breed/mp\rus\at_rifle3.set,rus,at_rifle3,0.15,at_rifle,1_lvl3,0.1,0.1,0.0009,"['""ptrs"" filled', '""bandage"" 5', '""grenade f1"" 2', '""ammo ptr"" 35']",0.00085,0.001,0.0009,0.0,0.002,0.001,0.001,0.003,1,0.003,0.001,0.0015,0.001,36.71500000000001,0.36715000000000003
./resource/gamelogic/set/breed/mp\rus\bazooker.set,rus,bazooker,0.15,bazooker,,0.1,0.1,0.0009,"['""weapon bazooka"" filled', '""bandage"" 3', '""grenade rpg40""', '""ammo bazooka"" 9']",0.00075,0.001,0.0008,0.0,0.002,0.002,0.001,0.001,3,0.002,0.001,0.0015,0.001,36.49500000000002,0.36495
./resource/gamelogic/set/breed/mp\rus\bazooker2.set,rus,bazooker2,0.15,bazooker,,0.1,0.1,0.0009,"['""ppsh"" filled', '""ammo ppsh_mag"" 142', '""bandage"" 3', '""grenade f1"" 2', '""grenade rpg40""', '""smoke grenade""', '""ammo bazooka"" 4']",0.00075,0.001,0.0008,0.0,0.002,0.002,0.001,0.001,3,0.002,0.001,0.0015,0.001,36.49500000000002,0.36495
./resource/gamelogic/set/breed/mp\rus\bsf_marine.set,rus,bsf_marine,0.35,vet_6,1,0.1,0.1,0.0009,"['""mosin"" filled', '""ammo mosin_clip"" 60', '""ammo dp27_mag"" 47', '""bandage"" 5', '""grenade f1"" 2', '""rg42x3 grenade"" 1']",0.00085,0.001,0.0009,0.0,0.005,0.005,0.005,0.006,5,0.005,0.0015,0.0015,0.0015,58.415000000000006,0.5841499999999998
./resource/gamelogic/set/breed/mp\rus\bsf_marine2.set,rus,bsf_marine2,0.35,vet_6,1,0.1,0.1,0.0009,"['""svt40"" filled', '""ammo svt40_mag"" 20', '""ammo mosin_clip"" 60', '""ammo dp27_mag"" 47', '""bandage"" 5', '""grenade f1"" 2', '""rg42x3 grenade"" 1']",0.00085,0.001,0.0009,0.0,0.005,0.005,0.005,0.006,5,0.005,0.0015,0.0015,0.0015,58.415000000000006,0.5841499999999998
./resource/gamelogic/set/breed/mp\rus\bsf_marine3.set,rus,bsf_marine3,0.35,vet_6,1,0.1,0.1,0.0009,"['""dp"" filling ""ammo dp27_mag"" 47', '""ammo dp27_mag"" 235', '""bandage"" 5', '""grenade f1"" 2', '""rg42x3 grenade"" 1', '""sandbag_kit"" 1']",0.00085,0.001,0.0009,0.0,0.005,0.005,0.006,0.005,5,0.005,0.0015,0.0015,0.0015,58.415000000000006,0.5841499999999998
./resource/gamelogic/set/breed/mp\rus\bsf_marine_mg_asst.set,rus,bsf_marine_mg_asst,0.35,vet_6,1,0.1,0.1,0.0009,"['""mosin"" filled', '""ammo mosin_clip"" 60', '""ammo dp27_mag"" 141', '""bandage"" 5', '""grenade f1"" 2']",0.00085,0.001,0.0009,0.0,0.005,0.005,0.006,0.006,5,0.005,0.0015,0.0015,0.0015,58.51500000000001,0.5851499999999998
./resource/gamelogic/set/breed/mp\rus\conscript_rifle.set,rus,conscript_rifle,0.1,vet_1,1,0.1,0.1,0.0009,"['""mosin"" filled', '""ammo mosin_clip"" 40', '""bandage"" 3', '""grenade molotov_coctail"" 0 1']",0.00075,0.001,0.0008,0.0,0.001,0.001,0.001,0.001,1,0.002,0.00025,0.00025,0.00025,31.02,0.3102
./resource/gamelogic/set/breed/mp\rus\conscript_smg.set,rus,conscript_smg,0.1,vet_1,1,0.1,0.1,0.0009,"['""ppsh"" filled', '""ammo ppsh_mag"" 142', '""bandage"" 3', '""grenade molotov_coctail"" 0 1']",0.00075,0.001,0.0008,0.0,0.001,0.001,0.001,0.001,1,0.002,0.00025,0.00025,0.00025,31.02,0.3102
./resource/gamelogic/set/breed/mp\rus\elite.set,rus,elite,0.2,vet_4,1,0.1,0.1,0.0009,"['""mosin"" filled', '""ammo mosin_clip"" 60', '""ammo dp27_mag"" 47', '""bandage"" 5', '""grenade f1"" 2', '""rg42x3 grenade"" 1']",0.00085,0.001,0.0009,0.0,0.003,0.003,0.003,0.004,3,0.003,0.001,0.001,0.001,42.265,0.4226500000000001
./resource/gamelogic/set/breed/mp\rus\elite2.set,rus,elite2,0.2,vet_4,1,0.1,0.1,0.0009,"['""svt40"" filled', '""ammo svt40_mag"" 20', '""ammo mosin_clip"" 60', '""ammo dp27_mag"" 47', '""bandage"" 5', '""grenade f1"" 2', '""rg42x3 grenade"" 1']",0.00085,0.001,0.0009,0.0,0.003,0.003,0.003,0.004,3,0.003,0.001,0.001,0.001,42.265,0.4226500000000001
./resource/gamelogic/set/breed/mp\rus\elite2_40.set,rus,elite2_40,0.2,vet_4,1,0.1,0.1,0.0009,"['""svt40"" filled', '""ammo svt40_mag"" 20', '""ammo mosin_clip"" 60', '""ammo dp27_mag"" 47', '""bandage"" 5', '""grenade f1"" 2', '""rpg40 grenade"" 1']",0.00085,0.001,0.0009,0.0,0.003,0.003,0.003,0.004,3,0.003,0.001,0.001,0.001,42.265,0.4226500000000001
./resource/gamelogic/set/breed/mp\rus\elite3.set,rus,elite3,0.2,vet_4,1,0.1,0.1,0.0009,"['""dp"" filling ""ammo dp27_mag"" 47', '""ammo dp27_mag"" 235', '""bandage"" 5', '""grenade f1"" 2', '""rg42x3 grenade"" 1', '""sandbag_kit"" 1']",0.00085,0.001,0.0009,0.0,0.003,0.003,0.004,0.003,3,0.003,0.001,0.001,0.001,42.265,0.4226500000000001
./resource/gamelogic/set/breed/mp\rus\elite3_39.set,rus,elite3_39,0.2,vet_4,1,0.1,0.1,0.0009,"['""dp"" filling ""ammo dp27_mag"" 47', '""ammo dp27_mag"" 141', '""bandage"" 5', '""grenade f1"" 2', '""sandbag_kit"" 1']",0.00085,0.001,0.0009,0.0,0.003,0.003,0.004,0.003,3,0.003,0.001,0.001,0.001,42.265,0.4226500000000001
./resource/gamelogic/set/breed/mp\rus\elite3_40.set,rus,elite3_40,0.2,vet_4,1,0.1,0.1,0.0009,"['""dp"" filling ""ammo dp27_mag"" 47', '""ammo dp27_mag"" 141', '""bandage"" 5', '""grenade f1"" 2', '""rpg40 grenade"" 1', '""sandbag_kit"" 1']",0.00085,0.001,0.0009,0.0,0.003,0.003,0.004,0.003,3,0.003,0.001,0.001,0.001,42.265,0.4226500000000001
./resource/gamelogic/set/breed/mp\rus\elite4.set,rus,elite4,0.3,vet_2,1,0.1,0.175,0.0009,"['""ppsh"" filled', '""ammo ppsh_mag"" 142', '""bandage"" 5', '""grenade f1"" 2', '""grenade rpg43"" 1', '""smoke grenade"" 2']",0.00085,0.001,0.0009,0.0,0.004,0.005,0.004,0.004,3,0.004,0.0005,0.0005,0.0005,60.114999999999995,0.6011499999999999
./resource/gamelogic/set/breed/mp\rus\elite4_41.set,rus,elite4_41,0.3,vet_5,1,0.1,0.175,0.0009,"['""ppsh"" filled', '""ammo ppsh_mag"" 142', '""bandage"" 5', '""grenade f1"" 2', '""grenade rpg40"" 1', '""smoke grenade"" 2']",0.00085,0.001,0.0009,0.0,0.004,0.005,0.004,0.004,3,0.004,0.00125,0.00125,0.00125,60.34,0.6033999999999999
./resource/gamelogic/set/breed/mp\rus\elite5.set,rus,elite5,0.3,vet_2,1,0.1,0.175,0.0009,"['""mosin"" filled', '""ptrd"" filled', '""ammo mosin_clip"" 60', '""bandage"" 5', '""grenade f1"" 2', '""ammo ptr"" 25']",0.00085,0.001,0.0009,0.0,0.004,0.004,0.004,0.005,3,0.004,0.0005,0.0005,0.0005,60.114999999999995,0.6011499999999999
./resource/gamelogic/set/breed/mp\rus\elite5b.set,rus,elite5b,0.3,vet_5,1,0.1,0.175,0.0009,"['""mosin"" filled', '""ammo mosin_clip"" 60', '""ammo dp27_mag"" 47', '""bandage"" 5', '""grenade f1"" 2']",0.00085,0.001,0.0009,0.0,0.004,0.004,0.004,0.005,3,0.004,0.00125,0.00125,0.00125,60.34,0.6033999999999999
./resource/gamelogic/set/breed/mp\rus\elite6.set,rus,elite6,0.3,vet_2,1,0.1,0.1,0.0009,"['""dp"" filling ""ammo dp27_mag"" 47', '""ammo dp27_mag"" 235', '""bandage"" 5', '""smoke_paradrop_ammo grenade"" 1', '""sandbag_kit"" 1']",0.00085,0.001,0.0009,0.0,0.004,0.004,0.005,0.004,3,0.004,0.0005,0.0005,0.0005,52.614999999999995,0.5261499999999999
./resource/gamelogic/set/breed/mp\rus\elite_39.set,rus,elite_39,0.2,vet_4,1,0.1,0.1,0.0009,"['""mosin"" filled', '""ammo mosin_clip"" 60', '""ammo dp27_mag"" 47', '""bandage"" 5', '""grenade f1"" 2']",0.00085,0.001,0.0009,0.0,0.003,0.003,0.003,0.004,3,0.003,0.001,0.001,0.001,42.265,0.4226500000000001
./resource/gamelogic/set/breed/mp\rus\elite_40.set,rus,elite_40,0.2,vet_4,1,0.1,0.1,0.0009,"['""mosin"" filled', '""ammo mosin_clip"" 60', '""ammo dp27_mag"" 47', '""bandage"" 5', '""grenade f1"" 2', '""rpg40 grenade""']",0.00085,0.001,0.0009,0.0,0.003,0.003,0.003,0.004,3,0.003,0.001,0.001,0.001,42.265,0.4226500000000001
./resource/gamelogic/set/breed/mp\rus\elite_at.set,rus,elite_at,0.2,vet_4,1,0.1,0.1,0.0009,"['""weapon bazooka"" filled', '""ppsh"" filled', '""ammo ppsh_mag"" 142', '""bandage"" 3', '""grenade rpg40"" 1', '""ammo bazooka"" 7']",0.00085,0.001,0.0009,0.0,0.003,0.004,0.003,0.003,4,0.003,0.001,0.001,0.001,42.265,0.4226500000000001
./resource/gamelogic/set/breed/mp\rus\elite_mg_asst.set,rus,elite_mg_asst,0.2,vet_4,1,0.1,0.1,0.0009,"['""mosin"" filled', '""ammo mosin_clip"" 60', '""ammo dp27_mag"" 141', '""bandage"" 5', '""grenade f1"" 2']",0.00085,0.001,0.0009,0.0,0.003,0.003,0.004,0.004,3,0.003,0.001,0.001,0.001,42.365,0.4236500000000001
./resource/gamelogic/set/breed/mp\rus\elite_tankman.set,rus,elite_tankman,0.1,tankman,,0.1,0.1,0.0008,"['""nagan"" filled', '""ammo nagant_clip"" 28', '""bandage"" 3']",0.00115,0.00115,0.0010500000000000002,0.008,0.004,0.004,0.005,0.001,1,0.003,0.00025,0.0012,0.00025,33.08499999999999,0.33085
./resource/gamelogic/set/breed/mp\rus\elite_tankman2.set,rus,elite_tankman2,0.15,tankman2,,0.1,0.1,0.0008,"['""ppsh41"" filled', '""ammo ppsh41_mag"" 105', '""bandage"" 3']",0.0012,0.0012,0.0011,0.01,0.004,0.004,0.006999999999999999,0.001,1,0.003,0.0005,0.0022,0.0005,38.649999999999984,0.38649999999999995
./resource/gamelogic/set/breed/mp\rus\flamer.set,rus,flamer,0.15,flamer,,0.1,0.1,0.0009,"['""flame_thrower""', '""balloon"" filled', '""bandage"" 3']",0.00075,0.001,0.0008,0.0,0.002,0.002,0.001,0.002,1,0.002,0.001,0.001,0.001,36.54500000000002,0.36545
./resource/gamelogic/set/breed/mp\rus\flamer2.set,rus,flamer2,0.15,flamer,1,0.1,0.1,0.0009,"['""ppsh"" filled', '""ammo ppsh_mag"" 213', '""bandage"" 3', '""grenade f1"" 2', '""grenade rpg40"" 1', '""smoke grenade"" 1']",0.00075,0.001,0.0008,0.0,0.002,0.002,0.001,0.002,1,0.002,0.001,0.001,0.001,36.54500000000002,0.36545
./resource/gamelogic/set/breed/mp\rus\flamer3.set,rus,flamer3,0.15,flamer,,0.1,0.1,0.0009,"['""flame_thrower""', '""balloon"" filling ""fuel"" 80', '""bandage"" 3']",0.00075,0.001,0.0008,0.0,0.002,0.003,0.001,0.003,1,0.003,0.001,0.001,0.001,36.845000000000006,0.36845
./resource/gamelogic/set/breed/mp\rus\guards_shock_flame.set,rus,guards_shock_flame,0.2,vet_6,1_lvl3,0.1,0.1,0.0009,"['""flame_thrower""', '""balloon"" filled']",0.00075,0.001,0.0008,0.0,0.003,0.004,0.002,0.002,2,0.003,0.0015,0.0015,0.0015,42.195,0.42195000000000005
./resource/gamelogic/set/breed/mp\rus\guards_shock_mg.set,rus,guards_shock_mg,0.2,vet_6,1_lvl3,0.1,0.1,0.0009,"['""dp"" filling ""ammo dp27_mag"" 47', '""ammo dp27_mag"" 235', '""bandage"" 3', '""grenade f1"" 2', '""ru_backpack_meshok""']",0.00075,0.001,0.0008,0.0,0.003,0.002,0.004,0.002,2,0.003,0.0015,0.0015,0.0015,42.195,0.42195000000000005
./resource/gamelogic/set/breed/mp\rus\guards_shock_mg_asst.set,rus,guards_shock_mg_asst,0.2,vet_6,1_lvl3,0.1,0.1,0.0009,"['""mosin_vet"" filled', '""ammo mosin_clip"" 60', '""ammo dp27_mag"" 141', '""bandage"" 3', '""grenade f1"" 2', '""ru_backpack_meshok""']",0.00075,0.001,0.0008,0.0,0.003,0.002,0.004,0.004,2,0.003,0.0015,0.0015,0.0015,42.394999999999996,0.42395000000000005
./resource/gamelogic/set/breed/mp\rus\guards_shock_rifle.set,rus,guards_shock_rifle,0.2,vet_6,1_lvl3,0.1,0.1,0.0009,"['""mosin_vet"" filled', '""ammo mosin_clip"" 60', '""ammo dp27_mag"" 47', '""bandage"" 3', '""grenade f1"" 2', '""grenade rpg40"" 1', '""ru_backpack_meshok""']",0.00075,0.001,0.0008,0.0,0.003,0.002,0.002,0.004,2,0.003,0.0015,0.0015,0.0015,42.195,0.42195000000000005
./resource/gamelogic/set/breed/mp\rus\guards_shock_sa.set,rus,guards_shock_sa,0.2,vet_6,1_lvl3,0.1,0.1,0.0009,"['""svt40"" filled', '""ammo svt40_mag"" 20', '""ammo mosin_clip"" 60', '""ammo dp27_mag"" 47', '""bandage"" 3', '""grenade f1"" 2', '""grenade rpg40"" 1', '""ru_backpack_meshok""']",0.00075,0.001,0.0008,0.0,0.003,0.002,0.002,0.004,2,0.003,0.0015,0.0015,0.0015,42.195,0.42195000000000005
./resource/gamelogic/set/breed/mp\rus\guards_shock_sl.set,rus,guards_shock_sl,0.2,vet_6,1_lvl3,0.1,0.1,0.0009,"['""svt40"" filled', '""ammo svt40_mag"" 20', '""ammo mosin_clip"" 60', '""bandage"" 3', '""grenade f1"" 2', '""grenade smoke"" 2', '""ru_backpack_meshok""']",0.00075,0.001,0.0008,0.0,0.004,0.003,0.003,0.004,3,0.004,0.0015,0.0015,0.0015,42.59499999999999,0.42595000000000005
./resource/gamelogic/set/breed/mp\rus\guards_shock_sl_smg.set,rus,guards_shock_sl_smg,0.2,vet_6,1_lvl3,0.1,0.1,0.0009,"['""pps43"" filled', '""ammo pps43_mag"" 210', '""bandage"" 3', '""grenade f1"" 2', '""grenade smoke"" 2', '""ru_backpack_meshok""']",0.00075,0.001,0.0008,0.0,0.003,0.004,0.002,0.002,2,0.003,0.0015,0.0015,0.0015,42.195,0.42195000000000005
./resource/gamelogic/set/breed/mp\rus\guards_shock_smg.set,rus,guards_shock_smg,0.2,vet_6,1_lvl3,0.1,0.1,0.0009,"['""ppsh41"" filled', '""ammo ppsh41_mag"" 210', '""bandage"" 3', '""grenade f1"" 2', '""grenade rpg40"" 1', '""ru_backpack_meshok""']",0.00075,0.001,0.0008,0.0,0.003,0.004,0.002,0.002,2,0.003,0.0015,0.0015,0.0015,42.195,0.42195000000000005
./resource/gamelogic/set/breed/mp\rus\guards_shock_smg2.set,rus,guards_shock_smg2,0.2,vet_6,1_lvl3,0.1,0.1,0.0009,"['""ppsh"" filled', '""ammo ppsh_mag"" 142', '""bandage"" 3', '""grenade f1"" 2', '""grenade rpg40"" 1', '""ru_backpack_meshok""']",0.00075,0.001,0.0008,0.0,0.003,0.004,0.002,0.002,2,0.003,0.0015,0.0015,0.0015,42.195,0.42195000000000005
./resource/gamelogic/set/breed/mp\rus\guards_shock_smg3.set,rus,guards_shock_smg3,0.2,vet_6,1_lvl3,0.1,0.1,0.0009,"['""pps43"" filled', '""ammo pps43_mag"" 210', '""bandage"" 3', '""grenade f1"" 2', '""grenade rpg40"" 1', '""ru_backpack_meshok""']",0.00075,0.001,0.0008,0.0,0.003,0.004,0.002,0.002,2,0.003,0.0015,0.0015,0.0015,42.195,0.42195000000000005
./resource/gamelogic/set/breed/mp\rus\guard_at_rifle.set,rus,guard_at_rifle,0.15,vet_5,1_lvl3,0.1,0.1,0.0009,"['""ptrs"" filled', '""bandage"" 5', '""grenade f1"" 2', '""ammo ptr"" 35']",0.00085,0.001,0.0009,0.0,0.002,0.001,0.001,0.003,1,0.003,0.00125,0.00125,0.00125,36.74000000000001,0.36739999999999995
./resource/gamelogic/set/breed/mp\rus\guard_at_rifle2.set,rus,guard_at_rifle2,0.15,vet_5,1_lvl3,0.1,0.1,0.0009,"['""mosin"" filled', '""ammo mosin_clip"" 60', '""bandage"" 5', '""grenade f1"" 2', '""grenade rpg43"" 1', '""ammo ptr"" 15']",0.00085,0.001,0.0009,0.0,0.002,0.001,0.001,0.003,1,0.003,0.00125,0.00125,0.00125,36.74000000000001,0.36739999999999995
./resource/gamelogic/set/breed/mp\rus\guard_mg.set,rus,guard_mg,0.15,vet_5,1_lvl3,0.1,0.1,0.0009,"['""dp"" filling ""ammo dp27_mag"" 47', '""ammo dp27_mag"" 235', '""bandage"" 5', '""sandbag_kit"" 1']",0.00085,0.001,0.0009,0.0,0.002,0.001,0.003,0.003,1,0.003,0.00125,0.00125,0.00125,36.940000000000005,0.36939999999999995
./resource/gamelogic/set/breed/mp\rus\guard_mg_asst.set,rus,guard_mg_asst,0.15,vet_5,1_lvl3,0.1,0.1,0.0009,"['""mosin"" filled', '""ammo mosin_clip"" 60', '""ammo dp27_mag"" 141', '""bandage"" 5', '""grenade f1"" 2']",0.00085,0.001,0.0009,0.0,0.002,0.001,0.003,0.003,1,0.003,0.00125,0.00125,0.00125,36.940000000000005,0.36939999999999995
./resource/gamelogic/set/breed/mp\rus\guard_rifle.set,rus,guard_rifle,0.15,vet_5,1_lvl3,0.1,0.1,0.0009,"['""mosin"" filled', '""ammo mosin_clip"" 60', '""ammo dp27_mag"" 47', '""bandage"" 5', '""grenade f1"" 2']",0.00085,0.001,0.0009,0.0,0.002,0.001,0.001,0.003,1,0.003,0.00125,0.00125,0.00125,36.74000000000001,0.36739999999999995
./resource/gamelogic/set/breed/mp\rus\guard_sa.set,rus,guard_sa,0.15,vet_5,1_lvl3,0.1,0.1,0.0009,"['""svt40"" filled', '""ammo svt40_mag"" 20', '""ammo mosin_clip"" 60', '""ammo dp27_mag"" 47', '""bandage"" 5', '""grenade f1"" 2']",0.00085,0.001,0.0009,0.0,0.002,0.001,0.001,0.003,1,0.003,0.00125,0.00125,0.00125,36.74000000000001,0.36739999999999995
./resource/gamelogic/set/breed/mp\rus\guard_sl.set,rus,guard_sl,0.2,vet_5,1_lvl3,0.1,0.1,0.0009,"['""ppsh"" filled', '""ammo ppsh_mag"" 142', '""bandage"" 5', '""grenade f1"" 2', '""grenade smoke"" 2']",0.00085,0.001,0.0009,0.0,0.002,0.003,0.002,0.003,2,0.003,0.00125,0.00125,0.00125,42.040000000000006,0.4204
./resource/gamelogic/set/breed/mp\rus\guard_smg.set,rus,guard_smg,0.15,vet_5,1_lvl3,0.1,0.1,0.0009,"['""ppsh"" filled', '""ammo ppsh_mag"" 142', '""bandage"" 5', '""grenade f1"" 2', '""grenade rpg43"" 1']",0.00085,0.001,0.0009,0.0,0.002,0.003,0.001,0.001,1,0.003,0.00125,0.00125,0.00125,36.74000000000001,0.36739999999999995
./resource/gamelogic/set/breed/mp\rus\guard_smg2.set,rus,guard_smg2,0.15,vet_5,1_lvl3,0.1,0.1,0.0009,"['""pps43"" filled', '""ammo pps43_mag"" 210', '""bandage"" 5', '""grenade f1"" 2', '""grenade rpg43"" 1']",0.00085,0.001,0.0009,0.0,0.002,0.003,0.001,0.001,1,0.003,0.00125,0.00125,0.00125,36.74000000000001,0.36739999999999995
./resource/gamelogic/set/breed/mp\rus\guard_smg_41.set,rus,guard_smg_41,0.15,vet_5,1_lvl3,0.1,0.1,0.0009,"['""ppsh"" filled', '""ammo ppsh_mag"" 142', '""bandage"" 5', '""grenade f1"" 2', '""grenade rpg40"" 1']",0.00085,0.001,0.0009,0.0,0.002,0.003,0.001,0.001,1,0.003,0.00125,0.00125,0.00125,36.74000000000001,0.36739999999999995
./resource/gamelogic/set/breed/mp\rus\guard_vehicle_supporter.set,rus,guard_vehicle_supporter,0.15,vehicle_supporter,tankcrew_lvl3,0.1,0.1,0.0009,"['""ppsh41"" filled', '""ammo ppsh41_mag"" 105', '""bandage"" 5', '""grenade f1"" 1']",0.00085,0.001,0.001,0.005,0.002,0.003,0.003,0.002,2,0.003,0.0005,0.002,0.00025,37.45,0.3745
./resource/gamelogic/set/breed/mp\rus\home_guard.set,rus,home_guard,0.1,vet_1,1,0.1,0.1,0.0009,"['""mosin"" filled', '""ammo mosin_clip"" 30', '""bandage"" 3', '""grenade molotov_coctail"" 0 1']",0.00075,0.0008,0.0008,0.0,0.001,0.001,0.001,0.001,1,0.002,0.00025,0.00025,0.00025,30.999999999999996,0.31
./resource/gamelogic/set/breed/mp\rus\home_guard2.set,rus,home_guard2,0.1,vet_1,1,0.1,0.1,0.0009,"['""ppsh"" filled', '""ammo ppsh_mag"" 71', '""bandage"" 3', '""grenade molotov_coctail"" 0 1']",0.00075,0.0008,0.0008,0.0,0.001,0.001,0.001,0.001,1,0.002,0.00025,0.00025,0.00025,30.999999999999996,0.31
./resource/gamelogic/set/breed/mp\rus\home_guard2_39.set,rus,home_guard2_39,0.1,,1,0.1,0.1,0.0009,"['""ppd40"" filled', '""ammo ppd40_mag"" 71', '""bandage"" 3']",0.00075,0.0008,0.0008,0.0,0.001,0.001,0.001,0.001,1,0.002,0.0,0.0,0.0,30.925,0.3092500000000001
./resource/gamelogic/set/breed/mp\rus\home_guard3.set,rus,home_guard3,0.1,vet_1,1,0.1,0.1,0.0009,"['""mp38"" filled', '""ammo mp40_mag"" 96', '""bandage"" 3', '""grenade molotov_coctail"" 0 1']",0.00075,0.0008,0.0008,0.0,0.001,0.001,0.001,0.001,1,0.002,0.00025,0.00025,0.00025,30.999999999999996,0.31
./resource/gamelogic/set/breed/mp\rus\home_guard_at.set,rus,home_guard_at,0.1,vet_1,1,0.1,0.1,0.0009,"['""mauzer"" filled', '""ammo mauser_clip"" 30', '""bandage"" 3', '""panzerfaust_30 weapon"" filled', '""grenade molotov_coctail"" 0 1']",0.00075,0.0008,0.0008,0.0,0.001,0.001,0.001,0.001,1,0.002,0.00025,0.00025,0.00025,30.999999999999996,0.31
./resource/gamelogic/set/breed/mp\rus\home_guard_mg.set,rus,home_guard_mg,0.1,vet_1,1,0.1,0.1,0.0009,"['""mg34"" filled', '""ammo mg_mauser drum"" 150', '""bandage"" 3', '""grenade molotov_coctail"" 0 1']",0.00075,0.0008,0.0008,0.0,0.001,0.001,0.001,0.001,1,0.002,0.00025,0.00025,0.00025,30.999999999999996,0.31
./resource/gamelogic/set/breed/mp\rus\medic.set,rus,medic,0.15,,1,0.1,0.1,0.0009,"['""mosin"" filled', '""ammo mosin_clip"" 60', '""bandage"" 25', '""morphine"" 1']",0.00075,0.001,0.0008,0.0,0.002,0.001,0.001,0.002,1,0.002,0.0,0.0,0.0,36.14500000000002,0.36145
./resource/gamelogic/set/breed/mp\rus\mgun.set,rus,mgun,0.15,vet_3,1,0.1,0.1,0.0009,"['""dp"" filling ""ammo dp27_mag"" 47', '""ammo dp27_mag"" 235', '""bandage"" 3', '""sandbag_kit"" 1']",0.00075,0.001,0.0008,0.0,0.002,0.002,0.003,0.002,1,0.003,0.00075,0.00075,0.00075,36.77000000000002,0.3676999999999999
./resource/gamelogic/set/breed/mp\rus\mgun_41.set,rus,mgun_41,0.15,vet_2,1,0.1,0.1,0.0009,"['""dp"" filling ""ammo dp27_mag"" 47', '""ammo dp27_mag"" 235', '""bandage"" 3', '""sandbag_kit"" 1']",0.00075,0.001,0.0008,0.0,0.001,0.001,0.002,0.001,1,0.002,0.0005,0.0005,0.0005,36.19500000000001,0.36195
./resource/gamelogic/set/breed/mp\rus\mgun_asst.set,rus,mgun_asst,0.15,vet_3,1,0.1,0.1,0.0009,"['""mosin"" filled', '""ammo mosin_clip"" 60', '""ammo dp27_mag"" 141', '""bandage"" 3', '""grenade f1"" 1', '""sandbag_kit"" 1']",0.00075,0.001,0.0008,0.0,0.002,0.001,0.003,0.003,1,0.003,0.00075,0.00075,0.00075,36.77000000000001,0.3676999999999999
./resource/gamelogic/set/breed/mp\rus\mgun_asst_41.set,rus,mgun_asst_41,0.15,vet_2,1,0.1,0.1,0.0009,"['""mosin"" filled', '""ammo mosin_clip"" 60', '""ammo dp27_mag"" 141', '""bandage"" 3', '""grenade f1"" 1', '""sandbag_kit"" 1']",0.00075,0.001,0.0008,0.0,0.002,0.001,0.002,0.002,1,0.002,0.0005,0.0005,0.0005,36.39500000000001,0.36395
./resource/gamelogic/set/breed/mp\rus\oficer.set,rus,oficer,0.25,oficer,,0.1,0.1,0.001,"['""tt"" filled', '""ammo tt_mag"" 32', '""knife_rus""', '""binocular""', '""bandage"" 5']",0.00085,0.001,0.0009,0.0,0.003,0.003,0.003,0.003,3,0.003,-0.01,0.02,0.01,48.87499999999999,0.48875
./resource/gamelogic/set/breed/mp\rus\para_mg.set,rus,para_mg,0.4,vet_7,elite,0.1,0.1,0.0009,"['""dt"" filling ""ammo dt29_mag"" 60', '""ammo dt29_mag"" 240', '""bandage"" 5', '""grenade f1"" 2', '""ru_roll""']",0.00075,0.001,0.0008,0.0,0.006999999999999999,0.006999999999999999,0.006999999999999999,0.006999999999999999,7,0.006999999999999999,0.0017499999999999998,0.0017499999999999998,0.0017499999999999998,64.37000000000002,0.6437000000000002
./resource/gamelogic/set/breed/mp\rus\para_mg_asst.set,rus,para_mg_asst,0.4,vet_7,elite,0.1,0.1,0.0009,"['""mosin_vet"" filled', '""ammo mosin_clip"" 60', '""ammo dt29_mag"" 180', '""bandage"" 5', '""grenade f1"" 2', '""ru_roll""']",0.00075,0.001,0.0008,0.0,0.006999999999999999,0.006999999999999999,0.006999999999999999,0.006999999999999999,7,0.006999999999999999,0.0017499999999999998,0.0017499999999999998,0.0017499999999999998,64.37000000000002,0.6437000000000002
./resource/gamelogic/set/breed/mp\rus\para_rifle.set,rus,para_rifle,0.4,vet_7,elite,0.1,0.1,0.0009,"['""mosin_vet"" filled', '""ammo mosin_clip"" 60', '""ammo dt29_mag"" 60', '""bandage"" 5', '""grenade f1"" 2', '""rpg43 grenade"" 1', '""ru_roll""', '""smoke grenade"" 1']",0.00075,0.001,0.0008,0.0,0.006999999999999999,0.006999999999999999,0.006999999999999999,0.006999999999999999,7,0.006999999999999999,0.0017499999999999998,0.0017499999999999998,0.0017499999999999998,64.37000000000002,0.6437000000000002
./resource/gamelogic/set/breed/mp\rus\para_sa.set,rus,para_sa,0.4,vet_7,elite,0.1,0.1,0.0009,"['""svt40"" filled', '""ammo svt40_mag"" 20', '""ammo mosin_clip"" 60', '""ammo dt29_mag"" 60', '""bandage"" 5', '""grenade f1"" 2', '""rpg43 grenade"" 1', '""ru_roll""', '""smoke grenade"" 1']",0.00075,0.001,0.0008,0.0,0.006999999999999999,0.006999999999999999,0.006999999999999999,0.006999999999999999,7,0.006999999999999999,0.0017499999999999998,0.0017499999999999998,0.0017499999999999998,64.37000000000002,0.6437000000000002
./resource/gamelogic/set/breed/mp\rus\para_sl.set,rus,para_sl,0.4,vet_7,elite,0.1,0.1,0.0009,"['""pps43"" filled', '""ammo pps43_mag"" 105', '""bandage"" 5', '""grenade f1"" 2', '""grenade smoke"" 2', '""ru_roll""']",0.00075,0.001,0.0008,0.0,0.006999999999999999,0.006999999999999999,0.006999999999999999,0.006999999999999999,7,0.006999999999999999,0.0017499999999999998,0.0017499999999999998,0.0017499999999999998,64.37000000000002,0.6437000000000002
./resource/gamelogic/set/breed/mp\rus\para_smg.set,rus,para_smg,0.4,vet_7,elite,0.1,0.1,0.0009,"['""ppsh41"" filled', '""ammo ppsh41_mag"" 105', '""bandage"" 5', '""grenade f1"" 2', '""rpg43 grenade"" 1', '""ru_roll""', '""smoke grenade"" 1']",0.00075,0.001,0.0008,0.0,0.006999999999999999,0.006999999999999999,0.006999999999999999,0.006999999999999999,7,0.006999999999999999,0.0017499999999999998,0.0017499999999999998,0.0017499999999999998,64.37000000000002,0.6437000000000002
./resource/gamelogic/set/breed/mp\rus\para_smg2.set,rus,para_smg2,0.4,vet_7,elite,0.1,0.1,0.0009,"['""ppsh"" filled', '""ammo ppsh_mag"" 142', '""bandage"" 5', '""grenade f1"" 2', '""rpg43 grenade"" 1', '""ru_roll""', '""smoke grenade"" 1']",0.00075,0.001,0.0008,0.0,0.006999999999999999,0.006999999999999999,0.006999999999999999,0.006999999999999999,7,0.006999999999999999,0.0017499999999999998,0.0017499999999999998,0.0017499999999999998,64.37000000000002,0.6437000000000002
./resource/gamelogic/set/breed/mp\rus\para_smg3.set,rus,para_smg3,0.4,vet_7,elite,0.1,0.1,0.0009,"['""pps43"" filled', '""ammo pps43_mag"" 105', '""bandage"" 5', '""grenade f1"" 2', '""rpg43 grenade"" 1', '""ru_roll""', '""smoke grenade"" 1']",0.00075,0.001,0.0008,0.0,0.006999999999999999,0.006999999999999999,0.006999999999999999,0.006999999999999999,7,0.006999999999999999,0.0017499999999999998,0.0017499999999999998,0.0017499999999999998,64.37000000000002,0.6437000000000002
./resource/gamelogic/set/breed/mp\rus\radioman.set,rus,radioman,0.15,radioman,,0.1,0.1,0.0009,"['""ppsh"" filled', '""flaergun"" filled', '""ammo ppsh_mag"" 142', '""ammo flaer"" 50', '""bandage"" 3']",0.00075,0.001,0.0008,0.0,0.006,0.002,0.001,0.001,1,0.002,0.005,0.02,0.001,39.14500000000002,0.39145
./resource/gamelogic/set/breed/mp\rus\radioman_mortar.set,rus,radioman_mortar,0.15,radioman,1,0.1,0.1,0.0009,"['""ppsh"" filled', '""mortar_flaergun"" filled', '""ammo ppsh_mag"" 142', '""ammo mortar_flaer"" 5', '""bandage"" 3']",0.00075,0.001,0.0008,0.0,0.002,0.002,0.001,0.001,1,0.002,0.005,0.02,0.001,38.74500000000002,0.38745
./resource/gamelogic/set/breed/mp\rus\rifle.set,rus,rifle,0.15,vet_3,1,0.1,0.1,0.0009,"['""mosin"" filled', '""ammo mosin_clip"" 60', '""ammo dp27_mag"" 47', '""bandage"" 3', '""grenade f1"" 1', '""grenade molotov_coctail"" 0 1', '""sandbag_kit"" 1']",0.00075,0.001,0.0008,0.0,0.002,0.001,0.001,0.003,1,0.003,0.00075,0.00075,0.00075,36.570000000000014,0.3656999999999999
./resource/gamelogic/set/breed/mp\rus\rifle2.set,rus,rifle2,0.15,vet_2,1,0.1,0.1,0.0009,"['""mosin"" filled', '""ammo mosin_clip"" 60', '""bandage"" 3', '""grenade f1"" 1', '""grenade molotov_coctail"" 0 1', '""sandbag_kit"" 1']",0.00075,0.001,0.0008,0.0,0.002,0.001,0.001,0.003,1,0.003,0.0005,0.0005,0.0005,36.495,0.36495
./resource/gamelogic/set/breed/mp\rus\rifle2_41.set,rus,rifle2_41,0.15,vet_2,1,0.1,0.1,0.0009,"['""mosin"" filled', '""ammo mosin_clip"" 60', '""bandage"" 3', '""grenade f1"" 1', '""grenade molotov_coctail"" 0 1', '""sandbag_kit"" 1']",0.00075,0.001,0.0008,0.0,0.002,0.001,0.001,0.002,1,0.002,0.0005,0.0005,0.0005,36.29500000000001,0.36295
./resource/gamelogic/set/breed/mp\rus\rifle3.set,rus,rifle3,0.15,vet_2,1,0.1,0.1,0.0009,"['""mosin"" filled', '""ammo mosin_clip"" 60', '""ammo dp27_mag"" 47', '""bandage"" 3', '""grenade f1"" 1', '""grenade molotov_coctail"" 0 1', '""sandbag_kit"" 1']",0.00075,0.001,0.0008,0.0,0.002,0.001,0.001,0.002,1,0.002,0.0005,0.0005,0.0005,36.29500000000001,0.36295
./resource/gamelogic/set/breed/mp\rus\rifle_41.set,rus,rifle_41,0.15,vet_2,1,0.1,0.1,0.0009,"['""mosin"" filled', '""ammo mosin_clip"" 60', '""ammo dp27_mag"" 47', '""bandage"" 3', '""grenade f1"" 1', '""grenade molotov_coctail"" 0 1', '""sandbag_kit"" 1']",0.00075,0.001,0.0008,0.0,0.002,0.001,0.001,0.002,1,0.002,0.0005,0.0005,0.0005,36.29500000000001,0.36295
./resource/gamelogic/set/breed/mp\rus\rifle_sa.set,rus,rifle_sa,0.15,vet_3,1,0.1,0.1,0.0009,"['""svt40"" filled', '""ammo svt40_mag"" 20', '""ammo mosin_clip"" 60', '""ammo dp27_mag"" 47', '""bandage"" 3', '""grenade f1"" 1', '""grenade molotov_coctail"" 0 1', '""sandbag_kit"" 1']",0.00075,0.001,0.0008,0.0,0.002,0.001,0.001,0.003,1,0.002,0.00075,0.00075,0.00075,36.47000000000002,0.3646999999999999
./resource/gamelogic/set/breed/mp\rus\saper.set,rus,saper,0.15,saper,1,0.1,0.1,0.0009,"['""ppsh41"" filled', '""ammo ppsh41_mag"" 105', '""mine_detector""', '""dynamite"" 2', '""trench_spade""']",0.00085,0.001,0.0009,0.0,0.002,0.002,0.001,0.001,1,0.002,0.001,0.001,0.001,36.465000000000025,0.36465000000000003
./resource/gamelogic/set/breed/mp\rus\sapper_rifle1.set,rus,sapper_rifle1,0.15,vet_3,1,0.1,0.1,0.0009,"['""mosin"" filled', '""ammo mosin_clip"" 60', '""bandage"" 3', '""grenade f1"" 2', '""mine antitank"" 6', '""sandbag_kit"" 1']",0.00085,0.001,0.0009,0.0,0.002,0.001,0.001,0.003,2,0.002,0.00075,0.00075,0.00075,36.49000000000002,0.36489999999999995
./resource/gamelogic/set/breed/mp\rus\sapper_rifle2.set,rus,sapper_rifle2,0.15,vet_3,1,0.1,0.1,0.0009,"['""mosin"" filled', '""ammo mosin_clip"" 60', '""bandage"" 3', '""grenade f1"" 2', '""mine antipersonnel"" 18', '""trench_spade"" 1', '""mine antipersonnel"" 4', '""sandbag_kit"" 1']",0.00085,0.001,0.0009,0.0,0.002,0.001,0.001,0.003,2,0.002,0.00075,0.00075,0.00075,36.49000000000002,0.36489999999999995
./resource/gamelogic/set/breed/mp\rus\sapper_rifle3.set,rus,sapper_rifle3,0.15,vet_3,1,0.1,0.1,0.0009,"['""mosin"" filled', '""ammo mosin_clip"" 60', '""bandage"" 3', '""grenade f1"" 2', '""mine_detector""', '""hedgehog_kit""', '""trench_spade"" 1', '""sandbag_kit"" 1']",0.00085,0.001,0.0009,0.0,0.002,0.001,0.001,0.003,2,0.002,0.00075,0.00075,0.00075,36.49000000000002,0.36489999999999995
./resource/gamelogic/set/breed/mp\rus\sapper_rifle4.set,rus,sapper_rifle4,0.15,vet_3,1,0.1,0.1,0.0009,"['""mosin"" filled', '""ammo mosin_clip"" 60', '""bandage"" 3', '""grenade f1"" 2', '""trench_spade"" 2', '""sandbag_kit"" 3']",0.00085,0.001,0.0009,0.0,0.002,0.001,0.001,0.003,2,0.002,0.00075,0.00075,0.00075,36.49000000000002,0.36489999999999995
./resource/gamelogic/set/breed/mp\rus\sapper_sl.set,rus,sapper_sl,0.15,vet_3,1,0.1,0.1,0.0009,"['""pps43"" filled', '""ammo pps43_mag"" 210', '""bandage"" 3', '""grenade f1"" 2', '""grenade smoke"" 2', '""sandbag_kit"" 2']",0.00085,0.001,0.0009,0.0,0.002,0.004,0.002,0.002,2,0.003,0.00075,0.00075,0.00075,36.89000000000002,0.36889999999999995
./resource/gamelogic/set/breed/mp\rus\sapper_smg.set,rus,sapper_smg,0.15,vet_3,1,0.1,0.1,0.0009,"['""pps43"" filled', '""ammo pps43_mag"" 210', '""bandage"" 3', '""grenade f1"" 2', '""mine antipersonnel"" 16', '""grenade satchel"" 1', '""mine antipersonnel"" 4', '""grenade satchel"" 1']",0.00085,0.001,0.0009,0.0,0.002,0.003,0.001,0.001,2,0.002,0.00075,0.00075,0.00075,36.49000000000002,0.36489999999999995
./resource/gamelogic/set/breed/mp\rus\sapper_smg2.set,rus,sapper_smg2,0.15,vet_3,1,0.1,0.1,0.0009,"['""ppsh"" filled', '""ammo ppsh_mag"" 142', '""grenade satchel"" 3', '""mine antitank"" 4', '""bandage"" 3', '""grenade f1"" 2', '""mine antitank"" 1']",0.00085,0.001,0.0009,0.0,0.002,0.003,0.001,0.001,2,0.002,0.00075,0.00075,0.00075,36.49000000000002,0.36489999999999995
./resource/gamelogic/set/breed/mp\rus\scout.set,rus,scout,0.35,scout,1,0.1,0.3,0.0009,"['""nagan_pb"" filled', '""ppsh"" filled', '""ammo ppsh_mag"" 142', '""ammo nagant_clip"" 21', '""bandage"" 5', '""grenade f1"" 4', '""smoke grenade"" 2', '""smoke_paradrop_ammo_heavy grenade"" 1', '""rg42x3 grenade"" 4', '""grenade molotov_coctail"" 2', '""dynamite"" 2', '""knife_rus"" 1', '""matchbox"" 1']",0.00095,0.001,0.001,0.0,0.004,0.004,0.004,0.004,4,0.004,0.003,0.008,0.002,78.68500000000002,0.78685
./resource/gamelogic/set/breed/mp\rus\shock_flame.set,rus,shock_flame,0.2,vet_4,1,0.1,0.1,0.0009,"['""flame_thrower""', '""balloon"" filled']",0.00075,0.001,0.0008,0.0,0.003,0.004,0.002,0.002,2,0.003,0.001,0.001,0.001,42.04500000000001,0.42045000000000005
./resource/gamelogic/set/breed/mp\rus\shock_mg.set,rus,shock_mg,0.2,vet_4,1,0.1,0.1,0.0009,"['""dp"" filling ""ammo dp27_mag"" 47', '""ammo dp27_mag"" 235', '""bandage"" 3', '""grenade f1"" 2', '""ru_backpack_meshok2""']",0.00075,0.001,0.0008,0.0,0.003,0.002,0.004,0.002,2,0.003,0.001,0.001,0.001,42.04500000000001,0.42045000000000005
./resource/gamelogic/set/breed/mp\rus\shock_mg_asst.set,rus,shock_mg_asst,0.2,vet_4,1,0.1,0.1,0.0009,"['""mosin"" filled', '""ammo mosin_clip"" 60', '""ammo dp27_mag"" 141', '""bandage"" 3', '""grenade f1"" 2', '""ru_backpack_meshok2""']",0.00075,0.001,0.0008,0.0,0.003,0.002,0.004,0.004,2,0.003,0.001,0.001,0.001,42.245000000000005,0.42245000000000005
./resource/gamelogic/set/breed/mp\rus\shock_rifle.set,rus,shock_rifle,0.2,vet_4,1,0.1,0.1,0.0009,"['""mosin"" filled', '""ammo mosin_clip"" 60', '""ammo dp27_mag"" 47', '""bandage"" 3', '""grenade f1"" 2', '""grenade molotov_coctail"" 0 1', '""grenade rpg40"" 1', '""smoke grenade"" 1', '""ru_backpack_meshok2""']",0.00075,0.001,0.0008,0.0,0.003,0.002,0.002,0.004,2,0.003,0.001,0.001,0.001,42.04500000000001,0.42045000000000005
./resource/gamelogic/set/breed/mp\rus\shock_sa.set,rus,shock_sa,0.2,vet_4,1,0.1,0.1,0.0009,"['""svt40"" filled', '""ammo svt40_mag"" 20', '""ammo mosin_clip"" 60', '""ammo dp27_mag"" 47', '""bandage"" 3', '""grenade f1"" 2', '""grenade molotov_coctail"" 0 1', '""grenade rpg40"" 1', '""smoke grenade"" 1', '""ru_backpack_meshok2""']",0.00075,0.001,0.0008,0.0,0.003,0.002,0.002,0.004,2,0.003,0.001,0.001,0.001,42.04500000000001,0.42045000000000005
./resource/gamelogic/set/breed/mp\rus\shock_sl.set,rus,shock_sl,0.2,vet_4,1,0.1,0.1,0.0009,"['""mosin"" filled', '""ammo mosin_clip"" 60', '""ammo dp27_mag"" 47', '""bandage"" 3', '""grenade f1"" 2', '""grenade molotov_coctail"" 0 1', '""grenade smoke"" 2', '""ru_backpack_meshok2""']",0.00075,0.001,0.0008,0.0,0.004,0.003,0.003,0.004,3,0.004,0.001,0.001,0.001,42.445,0.42445000000000005
./resource/gamelogic/set/breed/mp\rus\shock_sl_smg.set,rus,shock_sl_smg,0.2,vet_4,1,0.1,0.1,0.0009,"['""ppsh"" filled', '""ammo ppsh_mag"" 142', '""bandage"" 3', '""grenade f1"" 2', '""grenade molotov_coctail"" 0 1', '""grenade smoke"" 2', '""ru_backpack_meshok2""']",0.00075,0.001,0.0008,0.0,0.003,0.004,0.002,0.002,2,0.003,0.001,0.001,0.001,42.04500000000001,0.42045000000000005
./resource/gamelogic/set/breed/mp\rus\shock_smg.set,rus,shock_smg,0.2,vet_4,1,0.1,0.1,0.0009,"['""ppsh41"" filled', '""ammo ppsh41_mag"" 210', '""bandage"" 3', '""grenade f1"" 2', '""grenade molotov_coctail"" 0 1', '""grenade rpg40"" 1', '""smoke grenade"" 1', '""ru_backpack_meshok2""']",0.00075,0.001,0.0008,0.0,0.003,0.004,0.002,0.002,2,0.003,0.001,0.001,0.001,42.04500000000001,0.42045000000000005
./resource/gamelogic/set/breed/mp\rus\shock_smg2.set,rus,shock_smg2,0.2,vet_4,1,0.1,0.1,0.0009,"['""ppsh"" filled', '""ammo ppsh_mag"" 142', '""bandage"" 3', '""grenade f1"" 2', '""grenade molotov_coctail"" 0 1', '""grenade rpg40"" 1', '""smoke grenade"" 1', '""ru_backpack_meshok2""']",0.00075,0.001,0.0008,0.0,0.003,0.004,0.002,0.002,2,0.003,0.001,0.001,0.001,42.04500000000001,0.42045000000000005
./resource/gamelogic/set/breed/mp\rus\shock_smg3.set,rus,shock_smg3,0.2,vet_4,1,0.1,0.1,0.0009,"['""pps43"" filled', '""ammo pps43_mag"" 210', '""bandage"" 3', '""grenade f1"" 2', '""grenade molotov_coctail"" 0 1', '""grenade rpg40"" 1', '""smoke grenade"" 1', '""ru_backpack_meshok2""']",0.00075,0.001,0.0008,0.0,0.003,0.004,0.002,0.002,2,0.003,0.001,0.001,0.001,42.04500000000001,0.42045000000000005
./resource/gamelogic/set/breed/mp\rus\shock_smg_pzfst.set,rus,shock_smg_pzfst,0.2,vet_4,1,0.1,0.1,0.0009,"['""ppsh41"" filled', '""ammo ppsh41_mag"" 210', '""bandage"" 3', '""grenade f1"" 2', '""grenade molotov_coctail"" 0 1', '""grenade rpg40"" 1', '""smoke grenade"" 1', '""ru_backpack_meshok2""', '""panzerfaust_60 weapon"" filled']",0.00075,0.001,0.0008,0.0,0.003,0.004,0.002,0.002,2,0.003,0.001,0.001,0.001,42.04500000000001,0.42045000000000005
./resource/gamelogic/set/breed/mp\rus\smg.set,rus,smg,0.15,vet_3,1,0.1,0.1,0.0009,"['""ppsh"" filled', '""ammo ppsh_mag"" 142', '""bandage"" 3', '""grenade f1"" 1.5 0.5', '""grenade molotov_coctail"" 0 1', '""grenade rpg40"" 0 1', '""smoke grenade"" 1']",0.00075,0.001,0.0008,0.0,0.002,0.003,0.001,0.001,1,0.003,0.00075,0.00075,0.00075,36.570000000000014,0.3656999999999999
./resource/gamelogic/set/breed/mp\rus\smg2.set,rus,smg2,0.15,vet_2,1,0.1,0.1,0.0009,"['""ppsh"" filled', '""ammo ppsh_mag"" 142', '""bandage"" 3', '""grenade f1"" 1.5 0.5', '""grenade molotov_coctail"" 0 1', '""grenade rpg40"" 0 1', '""smoke grenade"" 1']",0.00075,0.001,0.0008,0.0,0.002,0.003,0.001,0.001,1,0.003,0.0005,0.0005,0.0005,36.495,0.36495
./resource/gamelogic/set/breed/mp\rus\smg2_39.set,rus,smg2_39,0.15,vet_2,1,0.1,0.1,0.0009,"['""ppd40"" filled', '""ammo ppd40_mag"" 142', '""bandage"" 3', '""grenade f1"" 1.5 0.5', '""grenade molotov_coctail"" 0 1', '""smoke grenade"" 1']",0.00075,0.001,0.0008,0.0,0.002,0.002,0.001,0.001,1,0.002,0.0005,0.0005,0.0005,36.29500000000001,0.36295
./resource/gamelogic/set/breed/mp\rus\smg2_40.set,rus,smg2_40,0.15,vet_2,1,0.1,0.1,0.0009,"['""ppd40"" filled', '""ammo ppd40_mag"" 142', '""bandage"" 3', '""grenade f1"" 1.5 0.5', '""grenade molotov_coctail"" 0 1', '""grenade rpg40"" 0 1', '""smoke grenade"" 1']",0.00075,0.001,0.0008,0.0,0.002,0.002,0.001,0.001,1,0.002,0.0005,0.0005,0.0005,36.29500000000001,0.36295
./resource/gamelogic/set/breed/mp\rus\smg2_41.set,rus,smg2_41,0.15,vet_2,1,0.1,0.1,0.0009,"['""ppsh"" filled', '""ammo ppsh_mag"" 142', '""bandage"" 3', '""grenade f1"" 1.5 0.5', '""grenade molotov_coctail"" 0 1', '""grenade rpg40"" 0 1', '""smoke grenade"" 1']",0.00075,0.001,0.0008,0.0,0.002,0.002,0.001,0.001,1,0.002,0.0005,0.0005,0.0005,36.29500000000001,0.36295
./resource/gamelogic/set/breed/mp\rus\smg2_43.set,rus,smg2_43,0.15,vet_3,1,0.1,0.1,0.0009,"['""pps43"" filled', '""ammo pps43_mag"" 210', '""bandage"" 3', '""grenade f1"" 1.5 0.5', '""grenade molotov_coctail"" 0 1', '""grenade rpg40"" 0 1', '""smoke grenade"" 1']",0.00075,0.001,0.0008,0.0,0.002,0.003,0.001,0.001,1,0.003,0.00075,0.00075,0.00075,36.570000000000014,0.3656999999999999
./resource/gamelogic/set/breed/mp\rus\smg3.set,rus,smg3,0.25,vet_2,1,0.1,0.1,0.0009,"['""ppsh41"" filled', '""ammo ppsh41_mag"" 210', '""bandage"" 3', '""grenade f1"" 1.5 0.5', '""grenade molotov_coctail"" 0 1', '""grenade rpg40"" 0 1', '""smoke grenade"" 1']",0.00075,0.001,0.0008,0.0,0.003,0.004,0.002,0.002,2,0.003,0.0005,0.0005,0.0005,46.894999999999996,0.46895
./resource/gamelogic/set/breed/mp\rus\smg4.set,rus,smg4,0.25,vet_4,1,0.1,0.1,0.0009,"['""ppsh41"" filled', '""ammo ppsh41_mag"" 210', '""bandage"" 3', '""grenade f1"" 1.5 0.5', '""grenade molotov_coctail"" 0 1', '""grenade rpg40"" 0 1', '""smoke grenade"" 1']",0.00075,0.001,0.0008,0.0,0.003,0.004,0.002,0.002,2,0.003,0.001,0.001,0.001,47.04500000000001,0.47045
./resource/gamelogic/set/breed/mp\rus\smg_39.set,rus,smg_39,0.15,vet_2,1,0.1,0.1,0.0009,"['""ppd40"" filled', '""ammo ppd40_mag"" 142', '""bandage"" 3', '""grenade f1"" 1.5 0.5', '""grenade molotov_coctail"" 0 1', '""smoke grenade"" 1']",0.00075,0.001,0.0008,0.0,0.002,0.002,0.001,0.001,1,0.002,0.0005,0.0005,0.0005,36.29500000000001,0.36295
./resource/gamelogic/set/breed/mp\rus\smg_40.set,rus,smg_40,0.15,vet_2,1,0.1,0.1,0.0009,"['""ppd40"" filled', '""ammo ppd40_mag"" 142', '""bandage"" 3', '""grenade f1"" 1.5 0.5', '""grenade molotov_coctail"" 0 1', '""grenade rpg40"" 0 1', '""smoke grenade"" 1']",0.00075,0.001,0.0008,0.0,0.002,0.002,0.001,0.001,1,0.002,0.0005,0.0005,0.0005,36.29500000000001,0.36295
./resource/gamelogic/set/breed/mp\rus\smg_41.set,rus,smg_41,0.15,vet_2,1,0.1,0.1,0.0009,"['""ppsh"" filled', '""ammo ppsh_mag"" 142', '""bandage"" 3', '""grenade f1"" 1.5 0.5', '""grenade molotov_coctail"" 0 1', '""grenade rpg40"" 0 1', '""smoke grenade"" 1']",0.00075,0.001,0.0008,0.0,0.002,0.002,0.001,0.001,1,0.002,0.0005,0.0005,0.0005,36.29500000000001,0.36295
./resource/gamelogic/set/breed/mp\rus\sniper.set,rus,sniper,0.35,sniper,1,0.1,0.1,0.001,"['""mosin_s"" filled', '""ammo mosin_clip"" 120', '""bandage"" 5', '""smoke_paradrop_ammo grenade"" 1', '""plant"" 3', '""knife_rus""']",0.00075,0.001,0.0008,0.0,0.002,0.002,0.001,0.005,1,0.002,0.005,0.008,0.002,58.055000000000014,0.58055
./resource/gamelogic/set/breed/mp\rus\sniper2.set,rus,sniper2,0.35,sniper,1,0.1,0.1,0.001,"['""mosin_s"" filled', '""ammo mosin_clip"" 100', '""ammo mosin_clip fg"" 20', '""bandage"" 5', '""smoke_paradrop_ammo grenade"" 1', '""plant"" 3', '""knife_rus""']",0.00085,0.001,0.0009,0.0,0.004,0.004,0.004,0.006,4,0.004,0.005,0.008,0.002,59.075,0.59075
./resource/gamelogic/set/breed/mp\rus\sniper3.set,rus,sniper3,0.35,sniper,1,0.1,0.1,0.001,"['""svt40_s"" filled', '""ammo svt40_mag"" 20', '""ammo mosin_clip"" 100', '""bandage"" 5', '""smoke_paradrop_ammo grenade"" 1', '""plant"" 3', '""knife_rus""']",0.00075,0.001,0.0008,0.0,0.002,0.002,0.001,0.005,1,0.002,0.005,0.008,0.002,58.055000000000014,0.58055
./resource/gamelogic/set/breed/mp\rus\squadleader.set,rus,squadleader,0.2,vet_4,1,0.1,0.1,0.0009,"['""mosin"" filled', '""ammo mosin_clip"" 60', '""bandage"" 3', '""grenade f1"" 2', '""grenade rpg40"" 1', '""smoke grenade"" 1']",0.00085,0.001,0.0009,0.0,0.004,0.004,0.003,0.004,2,0.003,0.001,0.001,0.001,42.465,0.4246500000000001
./resource/gamelogic/set/breed/mp\rus\squadleader2.set,rus,squadleader2,0.2,vet_3,1,0.1,0.1,0.0009,"['""ppsh"" filled', '""ammo ppsh_mag"" 142', '""bandage"" 3', '""grenade f1"" 2', '""grenade rpg40"" 1', '""smoke grenade"" 2']",0.00085,0.001,0.0009,0.0,0.004,0.004,0.003,0.004,2,0.003,0.00075,0.00075,0.00075,42.39000000000001,0.4239
./resource/gamelogic/set/breed/mp\rus\squadleader2_39.set,rus,squadleader2_39,0.2,vet_3,1,0.1,0.1,0.0009,"['""ppd40"" filled', '""ammo ppd40_mag"" 142', '""bandage"" 3', '""grenade f1"" 2', '""smoke grenade"" 2']",0.00085,0.001,0.0009,0.0,0.003,0.003,0.002,0.003,1,0.002,0.00075,0.00075,0.00075,41.890000000000015,0.4189
./resource/gamelogic/set/breed/mp\rus\squadleader2_40.set,rus,squadleader2_40,0.2,vet_3,1,0.1,0.1,0.0009,"['""ppd40"" filled', '""ammo ppd40_mag"" 142', '""bandage"" 3', '""grenade f1"" 2', '""grenade rpg40"" 1', '""smoke grenade"" 2']",0.00085,0.001,0.0009,0.0,0.003,0.003,0.002,0.003,1,0.002,0.00075,0.00075,0.00075,41.890000000000015,0.4189
./resource/gamelogic/set/breed/mp\rus\squadleader2_41.set,rus,squadleader2_41,0.2,vet_3,1,0.1,0.1,0.0009,"['""ppsh"" filled', '""ammo ppsh_mag"" 142', '""bandage"" 3', '""grenade f1"" 2', '""grenade rpg40"" 1', '""smoke grenade"" 2']",0.00085,0.001,0.0009,0.0,0.003,0.003,0.002,0.003,1,0.002,0.00075,0.00075,0.00075,41.890000000000015,0.4189
./resource/gamelogic/set/breed/mp\rus\squadleader2_43.set,rus,squadleader2_43,0.2,vet_4,1,0.1,0.1,0.0009,"['""pps43"" filled', '""ammo pps43_mag"" 210', '""bandage"" 3', '""grenade f1"" 2', '""grenade rpg40"" 1', '""smoke grenade"" 2']",0.00085,0.001,0.0009,0.0,0.004,0.004,0.003,0.004,2,0.003,0.001,0.001,0.001,42.465,0.4246500000000001
./resource/gamelogic/set/breed/mp\rus\squadleader_39.set,rus,squadleader_39,0.2,vet_3,1,0.1,0.1,0.0009,"['""mosin"" filled', '""ammo mosin_clip"" 60', '""bandage"" 3', '""grenade f1"" 2', '""smoke grenade"" 1']",0.00085,0.001,0.0009,0.0,0.003,0.003,0.002,0.003,1,0.002,0.00075,0.00075,0.00075,41.890000000000015,0.4189
./resource/gamelogic/set/breed/mp\rus\squadleader_40.set,rus,squadleader_40,0.2,vet_3,1,0.1,0.1,0.0009,"['""mosin"" filled', '""ammo mosin_clip"" 60', '""bandage"" 3', '""grenade f1"" 2', '""grenade rpg40"" 1', '""smoke grenade"" 1']",0.00085,0.001,0.0009,0.0,0.003,0.003,0.002,0.003,1,0.002,0.00075,0.00075,0.00075,41.890000000000015,0.4189
./resource/gamelogic/set/breed/mp\rus\squadleader_41.set,rus,squadleader_41,0.2,vet_3,1,0.1,0.1,0.0009,"['""mosin"" filled', '""ammo mosin_clip"" 60', '""bandage"" 3', '""grenade f1"" 2', '""grenade rpg40"" 1', '""smoke grenade"" 1']",0.00085,0.001,0.0009,0.0,0.003,0.003,0.002,0.003,1,0.002,0.00075,0.00075,0.00075,41.890000000000015,0.4189
./resource/gamelogic/set/breed/mp\rus\squadleader_smg.set,rus,squadleader_smg,0.2,vet_4,1,0.1,0.1,0.0009,"['""pps43"" filled', '""ammo pps43_mag"" 210', '""bandage"" 3', '""grenade f1"" 2', '""grenade rpg40"" 1', '""smoke grenade"" 1']",0.00085,0.001,0.0009,0.0,0.004,0.004,0.003,0.004,2,0.003,0.001,0.001,0.001,42.465,0.4246500000000001
./resource/gamelogic/set/breed/mp\rus\sturmovik.set,rus,sturmovik,0.35,vet_5,elite,0.1,0.1,0.0009,"['""pps43"" filled', '""ammo pps43_mag"" 210', '""bandage"" 5', '""grenade f1"" 2', '""rpg43 grenade""', '""smoke grenade""', '""jelet_mac_gop_dark""']",0.00095,0.001,0.001,0.0,0.005,0.006,0.005,0.005,4,0.005,0.00125,0.00125,0.00125,58.36000000000001,0.5835999999999999
./resource/gamelogic/set/breed/mp\rus\sturmovik2.set,rus,sturmovik2,0.35,vet_5,elite,0.1,0.1,0.0009,"['""dt"" filling ""ammo dt29_mag"" 60', '""ammo dt29_mag"" 240', '""bandage"" 5', '""grenade f1"" 2', '""rpg43 grenade"" 1', '""dynamite"" 1', '""jelet_mac_gop_dark""']",0.00095,0.001,0.001,0.0,0.005,0.005,0.006,0.005,4,0.005,0.00125,0.00125,0.00125,58.36000000000001,0.5835999999999999
./resource/gamelogic/set/breed/mp\rus\sturmovik2_39.set,rus,sturmovik2_39,0.35,vet_5,elite,0.1,0.1,0.0009,"['""dt"" filling ""ammo dt29_mag"" 60', '""ammo dt29_mag"" 240', '""bandage"" 5', '""grenade f1"" 2', '""molotov_coctail grenade"" 1', '""dynamite"" 1', '""jelet_mac_gop_dark""']",0.00095,0.001,0.001,0.0,0.005,0.005,0.006,0.005,4,0.005,0.00125,0.00125,0.00125,58.36000000000001,0.5835999999999999
./resource/gamelogic/set/breed/mp\rus\sturmovik2_40.set,rus,sturmovik2_40,0.35,vet_6,elite,0.1,0.1,0.0009,"['""dt"" filling ""ammo dt29_mag"" 60', '""ammo dt29_mag"" 240', '""bandage"" 5', '""grenade f1"" 2', '""rpg40 grenade"" 1', '""dynamite"" 1', '""jelet_mac_gop_dark""']",0.00095,0.001,0.001,0.0,0.005,0.005,0.006,0.005,4,0.005,0.0015,0.0015,0.0015,58.435,0.5843499999999998
./resource/gamelogic/set/breed/mp\rus\sturmovik3.set,rus,sturmovik3,0.35,vet_5,elite,0.1,0.1,0.0009,"['""sks"" filled', '""ammo sks_clip"" 80', '""bandage"" 5', '""grenade f1"" 2', '""smoke grenade""', '""dynamite"" 1', '""weapon bazooka"" filled', '""ammo bazooka"" 5', '""jelet_mac_gop_dark""']",0.00095,0.001,0.001,0.0,0.005,0.005,0.005,0.006,6,0.005,0.00125,0.00125,0.00125,58.36000000000001,0.5835999999999999
./resource/gamelogic/set/breed/mp\rus\sturmovik3_39.set,rus,sturmovik3_39,0.35,vet_6,elite,0.1,0.1,0.0009,"['""mosin"" filled', '""ammo mosin_clip"" 60', '""bandage"" 5', '""grenade f1"" 2', '""smoke grenade""', '""grenade molotov_coctail""', '""dynamite"" 1', '""jelet_mac_gop_dark""']",0.00095,0.001,0.001,0.0,0.005,0.005,0.005,0.006,4,0.005,0.0015,0.0015,0.0015,58.435,0.5843499999999998
./resource/gamelogic/set/breed/mp\rus\sturmovik3_40.set,rus,sturmovik3_40,0.35,vet_6,elite,0.1,0.1,0.0009,"['""svt40"" filled', '""ammo svt40_mag"" 20', '""ammo mosin_clip"" 60', '""bandage"" 5', '""grenade f1"" 2', '""smoke grenade""', '""dynamite"" 1', '""rpg40 grenade"" 1', '""jelet_mac_gop_dark""']",0.00095,0.001,0.001,0.0,0.005,0.005,0.005,0.006,4,0.005,0.0015,0.0015,0.0015,58.435,0.5843499999999998
./resource/gamelogic/set/breed/mp\rus\sturmovik3_42.set,rus,sturmovik3_42,0.35,vet_6,elite,0.1,0.1,0.0009,"['""svt40"" filled', '""ammo svt40_mag"" 20', '""ammo mosin_clip"" 60', '""bandage"" 5', '""grenade f1"" 2', '""smoke grenade""', '""dynamite""', '""weapon bazooka"" filled', '""ammo bazooka"" 5', '""jelet_mac_gop_dark""']",0.00095,0.001,0.001,0.0,0.005,0.005,0.005,0.006,6,0.005,0.0015,0.0015,0.0015,58.435,0.5843499999999998
./resource/gamelogic/set/breed/mp\rus\sturmovik4.set,rus,sturmovik4,0.35,vet_5,elite,0.1,0.1,0.0009,"['""mosin"" filled', '""ammo mosin_clip"" 60', '""bandage"" 5', '""grenade f1"" 4', '""rpg43 grenade"" 2', '""smoke grenade"" 2', '""jelet_mac_gop_dark""']",0.00095,0.001,0.001,0.0,0.005,0.005,0.005,0.006,4,0.005,0.00125,0.00125,0.00125,58.36000000000001,0.5835999999999999
./resource/gamelogic/set/breed/mp\rus\sturmovik4b.set,rus,sturmovik4b,0.35,vet_5,elite,0.1,0.1,0.0009,"['""svt40"" filled', '""ammo svt40_mag"" 20', '""ammo mosin_clip"" 60', '""bandage"" 5', '""grenade f1"" 4', '""rpg43 grenade"" 1', '""dynamite"" 1', '""jelet_mac_gop_dark""']",0.00095,0.001,0.001,0.0,0.005,0.005,0.005,0.006,4,0.005,0.00125,0.00125,0.00125,58.36000000000001,0.5835999999999999
./resource/gamelogic/set/breed/mp\rus\sturmovik4b_40.set,rus,sturmovik4b_40,0.35,vet_6,elite,0.1,0.1,0.0009,"['""svt40"" filled', '""ammo svt40_mag"" 20', '""ammo mosin_clip"" 60', '""bandage"" 5', '""grenade f1"" 4', '""rpg40 grenade"" 1', '""dynamite"" 1', '""jelet_mac_gop_dark""']",0.00095,0.001,0.001,0.0,0.005,0.005,0.005,0.006,4,0.005,0.0015,0.0015,0.0015,58.435,0.5843499999999998
./resource/gamelogic/set/breed/mp\rus\sturmovik4_39.set,rus,sturmovik4_39,0.35,vet_6,elite,0.1,0.1,0.0009,"['""mosin"" filled', '""ammo mosin_clip"" 60', '""bandage"" 5', '""grenade f1"" 4', '""molotov_coctail grenade"" 2', '""smoke grenade"" 2', '""jelet_mac_gop_dark""']",0.00095,0.001,0.001,0.0,0.005,0.005,0.005,0.006,4,0.005,0.0015,0.0015,0.0015,58.435,0.5843499999999998
./resource/gamelogic/set/breed/mp\rus\sturmovik4_40.set,rus,sturmovik4_40,0.35,vet_6,elite,0.1,0.1,0.0009,"['""mosin"" filled', '""ammo mosin_clip"" 60', '""bandage"" 5', '""grenade f1"" 4', '""rpg40 grenade"" 2', '""smoke grenade"" 2', '""jelet_mac_gop_dark""']",0.00095,0.001,0.001,0.0,0.005,0.005,0.005,0.006,4,0.005,0.0015,0.0015,0.0015,58.435,0.5843499999999998
./resource/gamelogic/set/breed/mp\rus\sturmovik5.set,rus,sturmovik5,0.35,vet_5,elite,0.1,0.1,0.0009,"['""weapon bazooka"" filled', '""ppsh"" filled', '""ammo ppsh_mag"" 142', '""bandage"" 5', '""rpg43 grenade"" 1', '""ammo bazooka"" 7', '""jelet_mac_gop_dark""']",0.00095,0.001,0.001,0.0,0.005,0.006,0.005,0.005,6,0.005,0.00125,0.00125,0.00125,58.36000000000001,0.5835999999999999
./resource/gamelogic/set/breed/mp\rus\sturmovik5b.set,rus,sturmovik5b,0.35,vet_5,elite,0.1,0.1,0.0009,"['""ppsh"" filled', '""ammo ppsh_mag"" 142', '""bandage"" 5', '""grenade f1"" 2', '""rpg43 grenade"" 1', '""smoke grenade"" 1', '""ammo bazooka"" 3', '""jelet_mac_gop_dark""']",0.00095,0.001,0.001,0.0,0.005,0.006,0.005,0.005,6,0.005,0.00125,0.00125,0.00125,58.36000000000001,0.5835999999999999
./resource/gamelogic/set/breed/mp\rus\sturmovik5b_42.set,rus,sturmovik5b_42,0.35,vet_6,elite,0.1,0.1,0.0009,"['""ppsh"" filled', '""ammo ppsh_mag"" 142', '""bandage"" 5', '""grenade f1"" 2', '""rpg40 grenade"" 1', '""smoke grenade"" 1', '""ammo bazooka"" 3', '""jelet_mac_gop_dark""']",0.00095,0.001,0.001,0.0,0.005,0.006,0.005,0.005,6,0.005,0.0015,0.0015,0.0015,58.435,0.5843499999999998
./resource/gamelogic/set/breed/mp\rus\sturmovik5_42.set,rus,sturmovik5_42,0.35,vet_6,elite,0.1,0.1,0.0009,"['""weapon bazooka"" filled', '""ppsh"" filled', '""ammo ppsh_mag"" 142', '""bandage"" 5', '""rpg40 grenade"" 1', '""ammo bazooka"" 7', '""jelet_mac_gop_dark""']",0.00095,0.001,0.001,0.0,0.005,0.006,0.005,0.005,6,0.005,0.0015,0.0015,0.0015,58.435,0.5843499999999998
./resource/gamelogic/set/breed/mp\rus\sturmovik6.set,rus,sturmovik6,0.35,vet_5,elite,0.1,0.1,0.0009,"['""dp"" filling ""ammo dp27_mag"" 47', '""ammo dp27_mag"" 235', '""bandage"" 5', '""grenade f1"" 2', '""smoke grenade""', '""dynamite""', '""sandbag_kit"" 1', '""jelet_mac_gop_dark""']",0.00095,0.001,0.001,0.0,0.005,0.005,0.006,0.005,4,0.005,0.00125,0.00125,0.00125,58.36000000000001,0.5835999999999999
./resource/gamelogic/set/breed/mp\rus\sturmovik6b.set,rus,sturmovik6b,0.35,vet_5,elite,0.1,0.1,0.0009,"['""mosin"" filled', '""ammo mosin_clip"" 60', '""ammo dp27_mag"" 141', '""bandage"" 5', '""grenade f1"" 2', '""rpg43 grenade""', '""smoke grenade""', '""jelet_mac_gop_dark""']",0.00095,0.001,0.001,0.0,0.005,0.005,0.005,0.006,4,0.005,0.00125,0.00125,0.00125,58.36000000000001,0.5835999999999999
./resource/gamelogic/set/breed/mp\rus\sturmovik6b_39.set,rus,sturmovik6b_39,0.35,vet_6,elite,0.1,0.1,0.0009,"['""mosin"" filled', '""ammo mosin_clip"" 60', '""ammo dp27_mag"" 141', '""bandage"" 5', '""grenade f1"" 2', '""molotov_coctail grenade""', '""smoke grenade""', '""jelet_mac_gop_dark""']",0.00095,0.001,0.001,0.0,0.005,0.005,0.005,0.006,4,0.005,0.0015,0.0015,0.0015,58.435,0.5843499999999998
./resource/gamelogic/set/breed/mp\rus\sturmovik6b_40.set,rus,sturmovik6b_40,0.35,vet_6,elite,0.1,0.1,0.0009,"['""mosin"" filled', '""ammo mosin_clip"" 60', '""ammo dp27_mag"" 141', '""bandage"" 5', '""grenade f1"" 2', '""rpg40 grenade""', '""smoke grenade""', '""jelet_mac_gop_dark""']",0.00095,0.001,0.001,0.0,0.005,0.005,0.005,0.006,4,0.005,0.0015,0.0015,0.0015,58.435,0.5843499999999998
./resource/gamelogic/set/breed/mp\rus\sturmovik6c.set,rus,sturmovik6c,0.35,vet_6,elite,0.1,0.1,0.0009,"['""mosin"" filled', '""ammo mosin_clip"" 60', '""ammo dt29_mag"" 180', '""bandage"" 5', '""grenade f1"" 2', '""rpg43 grenade"" 1', '""smoke grenade"" 1', '""jelet_mac_gop_dark""']",0.00095,0.001,0.001,0.0,0.005,0.005,0.005,0.006,4,0.005,0.0015,0.0015,0.0015,58.435,0.5843499999999998
./resource/gamelogic/set/breed/mp\rus\sturmovik6c_40.set,rus,sturmovik6c_40,0.35,vet_6,elite,0.1,0.1,0.0009,"['""mosin"" filled', '""ammo mosin_clip"" 60', '""ammo dt29_mag"" 180', '""bandage"" 5', '""grenade f1"" 2', '""rpg40 grenade"" 1', '""smoke grenade"" 1', '""jelet_mac_gop_dark""']",0.00095,0.001,0.001,0.0,0.005,0.005,0.005,0.006,4,0.005,0.0015,0.0015,0.0015,58.435,0.5843499999999998
./resource/gamelogic/set/breed/mp\rus\sturmovik_39.set,rus,sturmovik_39,0.35,vet_5,elite,0.1,0.1,0.0009,"['""ppd40"" filled', '""ammo ppd40_mag"" 142', '""bandage"" 5', '""grenade f1"" 2', '""grenade molotov_coctail""', '""smoke grenade""', '""jelet_mac_gop_dark""']",0.00095,0.001,0.001,0.0,0.005,0.006,0.005,0.005,4,0.005,0.00125,0.00125,0.00125,58.36000000000001,0.5835999999999999
./resource/gamelogic/set/breed/mp\rus\sturmovik_40.set,rus,sturmovik_40,0.35,vet_5,elite,0.1,0.1,0.0009,"['""ppd40"" filled', '""ammo ppd40_mag"" 142', '""bandage"" 5', '""grenade f1"" 2', '""rpg40 grenade""', '""smoke grenade""', '""jelet_mac_gop_dark""']",0.00095,0.001,0.001,0.0,0.005,0.006,0.005,0.005,4,0.005,0.00125,0.00125,0.00125,58.36000000000001,0.5835999999999999
./resource/gamelogic/set/breed/mp\rus\sturmovik_41.set,rus,sturmovik_41,0.35,vet_6,elite,0.1,0.1,0.0009,"['""ppsh41"" filled', '""ammo ppsh41_mag"" 210', '""bandage"" 5', '""grenade f1"" 2', '""rpg40 grenade""', '""smoke grenade""', '""jelet_mac_gop_dark""']",0.00095,0.001,0.001,0.0,0.005,0.006,0.005,0.005,4,0.005,0.0015,0.0015,0.0015,58.435,0.5843499999999998
./resource/gamelogic/set/breed/mp\rus\tankman.set,rus,tankman,0.1,tankman,,0.1,0.1,0.0008,"['""nagan"" filled', '""ammo nagant_clip"" 28', '""bandage"" 3']",0.0011,0.0011,0.0009,0.002,0.003,0.003,0.002,0.001,1,0.002,0.00025,0.0012,0.00025,31.859999999999996,0.3186
./resource/gamelogic/set/breed/mp\rus\tankman2.set,rus,tankman2,0.15,tankman2,,0.1,0.1,0.0008,"['""ppsh41"" filled', '""ammo ppsh41_mag"" 105', '""bandage"" 3']",0.0012,0.0011,0.00095,0.004,0.003,0.003,0.003,0.001,1,0.002,0.0005,0.0022,0.0005,37.32499999999998,0.37324999999999997
./resource/gamelogic/set/breed/mp\rus\tankman2_41.set,rus,tankman2_41,0.15,tankman2,,0.1,0.1,0.0008,"['""ppsh41"" filled', '""ammo ppsh41_mag"" 105', '""bandage"" 3']",0.0011,0.001,0.00095,0.003,0.002,0.002,0.002,0.001,1,0.002,0.0005,0.0022,0.0005,36.905,0.36905
./resource/gamelogic/set/breed/mp\rus\tankman_41.set,rus,tankman_41,0.1,tankman,,0.1,0.1,0.0008,"['""nagan"" filled', '""ammo nagant_clip"" 28', '""bandage"" 3']",0.001,0.001,0.0009,0.002,0.002,0.002,0.002,0.001,1,0.002,0.00025,0.0012,0.00025,31.639999999999997,0.3164
./resource/gamelogic/set/breed/mp\rus\vehicle_supporter.set,rus,vehicle_supporter,0.15,vehicle_supporter,tankcrew,0.1,0.1,0.0009,"['""ppsh41"" filled', '""ammo ppsh41_mag"" 105', '""bandage"" 3', '""grenade f1"" 1']",0.00085,0.001,0.001,0.004,0.002,0.002,0.003,0.002,2,0.003,0.0005,0.002,0.00025,37.25000000000001,0.3725
./resource/gamelogic/set/breed/mp\rus\vehicle_supporter_41.set,rus,vehicle_supporter_41,0.15,vehicle_supporter,tankcrew,0.1,0.1,0.0009,"['""ppsh41"" filled', '""ammo ppsh41_mag"" 105', '""bandage"" 3', '""grenade f1"" 1']",0.00085,0.001,0.001,0.003,0.002,0.002,0.002,0.001,1,0.002,0.0005,0.002,0.00025,36.850000000000016,0.3685
./resource/gamelogic/set/breed/mp\rus\vet_tankman.set,rus,vet_tankman,0.1,tankman,tankcrew,0.1,0.1,0.0008,"['""nagan"" filled', '""ammo nagant_clip"" 28']",0.001,0.001,0.0009,0.005,0.004,0.004,0.003,0.001,1,0.002,0.00025,0.0012,0.00025,32.44,0.3244
./resource/gamelogic/set/breed/mp\rus\vet_tankman2.set,rus,vet_tankman2,0.15,tankman2,tankcrew,0.1,0.1,0.0008,"['""ppsh41"" filled', '""ammo ppsh41_mag"" 105']",0.0011,0.001,0.00095,0.006999999999999999,0.004,0.004,0.005,0.001,1,0.002,0.0005,0.0022,0.0005,38.004999999999995,0.38005
./resource/gamelogic/set/breed/mp\rus_guard\ap_miner.set,rus_guard,ap_miner,0.15,ap_miner,,0.1,0.1,0.0009,"['""ppsh41"" filled', '""ammo ppsh41_mag"" 105', '""mine antipersonnel"" 25', '""barbwire_kit""', '""bandage"" 5']",0.00075,0.001,0.0008,0.0,0.002,0.002,0.001,0.001,1,0.002,0.001,0.001,0.001,36.44500000000002,0.36445
./resource/gamelogic/set/breed/mp\rus_guard\at_miner.set,rus_guard,at_miner,0.15,at_miner,,0.1,0.1,0.0009,"['""ppsh41"" filled', '""ammo ppsh41_mag"" 105', '""mine antitank"" 8', '""hedgehog_kit""', '""bandage"" 5']",0.00075,0.001,0.0008,0.0,0.002,0.002,0.001,0.001,1,0.002,0.001,0.001,0.001,36.44500000000002,0.36445
./resource/gamelogic/set/breed/mp\rus_guard\at_rifle.set,rus_guard,at_rifle,0.15,at_rifle,1_lvl3,0.1,0.1,0.0009,"['""ptrs"" filled', '""bandage"" 3', '""grenade rpg43"" 1', '""ammo ptr"" 35']",0.00075,0.001,0.0008,0.0,0.002,0.002,0.001,0.003,1,0.002,0.001,0.0015,0.001,36.695000000000014,0.36695
./resource/gamelogic/set/breed/mp\rus_guard\at_rifle2.set,rus_guard,at_rifle2,0.15,at_rifle,1_lvl3,0.1,0.1,0.0009,"['""ppsh"" filled', '""ammo ppsh_mag"" 142', '""bandage"" 3', '""grenade f1"" 2', '""grenade rpg43"" 1', '""smoke grenade"" 1', '""ammo ptr"" 10']",0.00075,0.001,0.0008,0.0,0.002,0.002,0.001,0.003,1,0.002,0.001,0.0015,0.001,36.695000000000014,0.36695
./resource/gamelogic/set/breed/mp\rus_guard\bazooker.set,rus_guard,bazooker,0.15,bazooker,1_lvl3,0.1,0.1,0.0009,"['""weapon bazooka"" filled', '""bandage"" 3', '""grenade rpg43"" 1', '""ammo bazooka"" 7']",0.00075,0.001,0.0008,0.0,0.002,0.002,0.001,0.001,3,0.002,0.001,0.0015,0.001,36.49500000000002,0.36495
./resource/gamelogic/set/breed/mp\rus_guard\bazooker2.set,rus_guard,bazooker2,0.15,bazooker,1_lvl3,0.1,0.1,0.0009,"['""ppsh"" filled', '""ammo ppsh_mag"" 142', '""bandage"" 3', '""grenade f1"" 2', '""grenade rpg43"" 1', '""smoke grenade"" 1', '""ammo bazooka"" 3']",0.00075,0.001,0.0008,0.0,0.002,0.002,0.001,0.001,3,0.002,0.001,0.0015,0.001,36.49500000000002,0.36495
./resource/gamelogic/set/breed/mp\rus_guard\bazooker2_piat.set,rus_guard,bazooker2_piat,0.15,bazooker,1_lvl3,0.1,0.1,0.0009,"['""ppsh"" filled', '""ammo ppsh_mag"" 142', '""bandage"" 3', '""grenade f1"" 2', '""grenade rpg43"" 1', '""smoke grenade"" 1', '""ammo piatrocket"" 3']",0.00075,0.001,0.0008,0.0,0.002,0.002,0.001,0.001,3,0.002,0.001,0.0015,0.001,36.49500000000002,0.36495
./resource/gamelogic/set/breed/mp\rus_guard\bazooker_piat.set,rus_guard,bazooker_piat,0.15,bazooker,1_lvl3,0.1,0.1,0.0009,"['""weapon piatrocket"" filled', '""bandage"" 3', '""ammo piatrocket"" 7', '""grenade rpg43"" 1']",0.00075,0.001,0.0008,0.0,0.002,0.002,0.001,0.001,3,0.002,0.001,0.0015,0.001,36.49500000000002,0.36495
./resource/gamelogic/set/breed/mp\rus_guard\elite_guards_shock_flame.set,rus_guard,elite_guards_shock_flame,0.25,vet_7,lvl5,0.1,0.1,0.0009,"['""flame_thrower""', '""balloon"" filled']",0.00075,0.001,0.0008,0.0,0.003,0.004,0.002,0.002,2,0.003,0.0017499999999999998,0.0017499999999999998,0.0017499999999999998,47.269999999999996,0.4726999999999999
./resource/gamelogic/set/breed/mp\rus_guard\elite_guards_shock_mg.set,rus_guard,elite_guards_shock_mg,0.25,vet_7,lvl5,0.1,0.1,0.0009,"['""dt"" filling ""ammo dt29_mag"" 60', '""ammo dt29_mag"" 240', '""bandage"" 3', '""grenade f1"" 2', '""ru_backpack_meshok""']",0.00075,0.001,0.0008,0.0,0.003,0.002,0.004,0.002,2,0.003,0.0017499999999999998,0.0017499999999999998,0.0017499999999999998,47.269999999999996,0.4726999999999999
./resource/gamelogic/set/breed/mp\rus_guard\elite_guards_shock_mg2.set,rus_guard,elite_guards_shock_mg2,0.25,vet_7,lvl5,0.1,0.1,0.0009,"['""mg34"" filled', '""ammo mg_mauser drum"" 300', '""bandage"" 3', '""grenade f1"" 2', '""ru_backpack_meshok""']",0.00075,0.001,0.0008,0.0,0.003,0.002,0.004,0.002,2,0.003,0.0017499999999999998,0.0017499999999999998,0.0017499999999999998,47.269999999999996,0.4726999999999999
./resource/gamelogic/set/breed/mp\rus_guard\elite_guards_shock_mg2_asst.set,rus_guard,elite_guards_shock_mg2_asst,0.25,,lvl5,0.1,0.1,0.0009,"['""mosin_vet"" filled', '""ammo mosin_clip"" 60', '""ammo mg_mauser drum"" 300', '""bandage"" 3', '""grenade f1"" 2', '""ru_backpack_meshok""']",0.00075,0.001,0.0008,0.0,0.003,0.002,0.004,0.004,2,0.003,0.0,0.0,0.0,46.945,0.46945
./resource/gamelogic/set/breed/mp\rus_guard\elite_guards_shock_mg_asst.set,rus_guard,elite_guards_shock_mg_asst,0.25,vet_7,lvl5,0.1,0.1,0.0009,"['""mosin_vet"" filled', '""ammo mosin_clip"" 60', '""ammo dt29_mag"" 240', '""bandage"" 3', '""grenade f1"" 2', '""ru_backpack_meshok""']",0.00075,0.001,0.0008,0.0,0.003,0.002,0.004,0.004,2,0.003,0.0017499999999999998,0.0017499999999999998,0.0017499999999999998,47.46999999999999,0.4746999999999999
./resource/gamelogic/set/breed/mp\rus_guard\elite_guards_shock_rifle.set,rus_guard,elite_guards_shock_rifle,0.25,vet_7,lvl5,0.1,0.1,0.0009,"['""mosin_vet"" filled', '""ammo mosin_clip"" 60', '""ammo dt29_mag"" 60', '""bandage"" 3', '""grenade f1"" 2', '""grenade molotov_coctail"" 0 1', '""grenade rpg43"" 1', '""smoke grenade"" 1', '""ru_backpack_meshok""']",0.00075,0.001,0.0008,0.0,0.003,0.002,0.002,0.004,2,0.003,0.0017499999999999998,0.0017499999999999998,0.0017499999999999998,47.269999999999996,0.4726999999999999
./resource/gamelogic/set/breed/mp\rus_guard\elite_guards_shock_sa.set,rus_guard,elite_guards_shock_sa,0.25,vet_7,lvl5,0.1,0.1,0.0009,"['""svt40"" filled', '""ammo svt40_mag"" 20', '""ammo mosin_clip"" 60', '""ammo dt29_mag"" 60', '""bandage"" 3', '""grenade f1"" 2', '""grenade molotov_coctail"" 0 1', '""grenade rpg43"" 1', '""smoke grenade"" 1', '""ru_backpack_meshok""']",0.00075,0.001,0.0008,0.0,0.003,0.002,0.002,0.004,2,0.003,0.0017499999999999998,0.0017499999999999998,0.0017499999999999998,47.269999999999996,0.4726999999999999
./resource/gamelogic/set/breed/mp\rus_guard\elite_guards_shock_sl.set,rus_guard,elite_guards_shock_sl,0.25,vet_7,lvl5,0.1,0.1,0.0009,"['""svt40"" filled', '""ammo svt40_mag"" 20', '""ammo mosin_clip"" 60', '""bandage"" 3', '""grenade f1"" 2', '""grenade molotov_coctail"" 0 1', '""grenade smoke"" 2', '""ru_backpack_meshok""']",0.00075,0.001,0.0008,0.0,0.004,0.003,0.003,0.004,3,0.004,0.0017499999999999998,0.0017499999999999998,0.0017499999999999998,47.66999999999999,0.4766999999999999
./resource/gamelogic/set/breed/mp\rus_guard\elite_guards_shock_sl_smg.set,rus_guard,elite_guards_shock_sl_smg,0.25,vet_7,lvl5,0.1,0.1,0.0009,"['""pps43"" filled', '""ammo pps43_mag"" 210', '""bandage"" 3', '""grenade f1"" 2', '""grenade molotov_coctail"" 0 1', '""grenade smoke"" 2', '""ru_backpack_meshok""']",0.00075,0.001,0.0008,0.0,0.003,0.004,0.002,0.002,2,0.003,0.0017499999999999998,0.0017499999999999998,0.0017499999999999998,47.269999999999996,0.4726999999999999
./resource/gamelogic/set/breed/mp\rus_guard\elite_guards_shock_smg.set,rus_guard,elite_guards_shock_smg,0.25,vet_7,lvl5,0.1,0.1,0.0009,"['""ppsh41"" filled', '""ammo ppsh41_mag"" 210', '""bandage"" 3', '""grenade f1"" 2', '""grenade molotov_coctail"" 0 1', '""grenade rpg43"" 1', '""smoke grenade"" 1', '""ru_backpack_meshok""']",0.00075,0.001,0.0008,0.0,0.003,0.004,0.002,0.002,2,0.003,0.0017499999999999998,0.0017499999999999998,0.0017499999999999998,47.269999999999996,0.4726999999999999
./resource/gamelogic/set/breed/mp\rus_guard\elite_guards_shock_smg2.set,rus_guard,elite_guards_shock_smg2,0.25,vet_7,lvl5,0.1,0.1,0.0009,"['""ppsh"" filled', '""ammo ppsh_mag"" 213', '""bandage"" 3', '""grenade f1"" 2', '""grenade molotov_coctail"" 0 1', '""grenade rpg43"" 1', '""smoke grenade"" 1', '""ru_backpack_meshok""']",0.00075,0.001,0.0008,0.0,0.003,0.004,0.002,0.002,2,0.003,0.0017499999999999998,0.0017499999999999998,0.0017499999999999998,47.269999999999996,0.4726999999999999
./resource/gamelogic/set/breed/mp\rus_guard\elite_guards_shock_smg3.set,rus_guard,elite_guards_shock_smg3,0.25,vet_7,lvl5,0.1,0.1,0.0009,"['""pps43"" filled', '""ammo pps43_mag"" 210', '""bandage"" 3', '""grenade f1"" 2', '""grenade molotov_coctail"" 0 1', '""grenade rpg43"" 1', '""smoke grenade"" 1', '""ru_backpack_meshok""']",0.00075,0.001,0.0008,0.0,0.003,0.004,0.002,0.002,2,0.003,0.0017499999999999998,0.0017499999999999998,0.0017499999999999998,47.269999999999996,0.4726999999999999
./resource/gamelogic/set/breed/mp\rus_guard\elite_guard_mg.set,rus_guard,elite_guard_mg,0.2,vet_6,lvl5,0.1,0.1,0.0009,"['""dt"" filling ""ammo dt29_mag"" 60', '""ammo dt29_mag"" 240', '""bandage"" 5', '""sandbag_kit"" 1']",0.00085,0.001,0.0009,0.0,0.002,0.001,0.003,0.003,1,0.003,0.0015,0.0015,0.0015,42.015,0.4201500000000001
./resource/gamelogic/set/breed/mp\rus_guard\elite_guard_mg_asst.set,rus_guard,elite_guard_mg_asst,0.2,vet_6,lvl5,0.1,0.1,0.0009,"['""mosin_vet"" filled', '""ammo mosin_clip"" 60', '""ammo dt29_mag"" 240', '""bandage"" 5', '""grenade f1"" 2']",0.00085,0.001,0.0009,0.0,0.002,0.001,0.003,0.003,1,0.003,0.0015,0.0015,0.0015,42.015,0.4201500000000001
./resource/gamelogic/set/breed/mp\rus_guard\elite_guard_rifle.set,rus_guard,elite_guard_rifle,0.2,vet_6,lvl5,0.1,0.1,0.0009,"['""mosin_vet"" filled', '""ammo mosin_clip"" 60', '""ammo dt29_mag"" 60', '""bandage"" 5', '""grenade f1"" 2', '""grenade molotov_coctail"" 0 1', '""grenade rpg43"" 0.25 1']",0.00085,0.001,0.0009,0.0,0.002,0.001,0.001,0.003,1,0.003,0.0015,0.0015,0.0015,41.815000000000005,0.4181500000000001
./resource/gamelogic/set/breed/mp\rus_guard\elite_guard_sa.set,rus_guard,elite_guard_sa,0.2,vet_6,lvl5,0.1,0.1,0.0009,"['""svt40"" filled', '""ammo svt40_mag"" 20', '""ammo mosin_clip"" 60', '""ammo dt29_mag"" 60', '""bandage"" 5', '""grenade f1"" 2', '""grenade molotov_coctail"" 0 1', '""grenade rpg43"" 0.25 1']",0.00085,0.001,0.0009,0.0,0.002,0.001,0.001,0.003,1,0.003,0.0015,0.0015,0.0015,41.815000000000005,0.4181500000000001
./resource/gamelogic/set/breed/mp\rus_guard\elite_guard_sl.set,rus_guard,elite_guard_sl,0.25,vet_6,lvl5,0.1,0.1,0.0009,"['""ppsh41"" filled', '""ammo ppsh41_mag"" 210', '""bandage"" 5', '""grenade f1"" 2', '""grenade molotov_coctail"" 0 1', '""grenade smoke"" 2', '""grenade rpg43"" 0.25 1']",0.00085,0.001,0.0009,0.0,0.002,0.003,0.002,0.003,2,0.003,0.0015,0.0015,0.0015,47.115,0.47115
./resource/gamelogic/set/breed/mp\rus_guard\elite_guard_smg.set,rus_guard,elite_guard_smg,0.2,vet_6,lvl5,0.1,0.1,0.0009,"['""ppsh41"" filled', '""ammo ppsh41_mag"" 210', '""bandage"" 5', '""grenade f1"" 2', '""grenade molotov_coctail"" 0 1', '""grenade rpg43"" 1', '""smoke grenade"" 1']",0.00085,0.001,0.0009,0.0,0.002,0.003,0.001,0.001,1,0.003,0.0015,0.0015,0.0015,41.815000000000005,0.4181500000000001
./resource/gamelogic/set/breed/mp\rus_guard\elite_guard_smg2.set,rus_guard,elite_guard_smg2,0.2,vet_6,lvl5,0.1,0.1,0.0009,"['""pps43"" filled', '""ammo pps43_mag"" 210', '""bandage"" 5', '""grenade f1"" 2', '""grenade molotov_coctail"" 0 1', '""grenade rpg43"" 1', '""smoke grenade"" 1']",0.00085,0.001,0.0009,0.0,0.002,0.003,0.001,0.001,1,0.003,0.0015,0.0015,0.0015,41.815000000000005,0.4181500000000001
./resource/gamelogic/set/breed/mp\rus_guard\elite_tankman.set,rus_guard,elite_tankman,0.4,tankman,tankcrew,0.1,0.1,0.001,"['""ppsh41"" filling ""ammo ppsh41_mag"" 35', '""ammo ppsh41_mag"" 210', '""bandage"" 5', '""grenade f1"" 2', '""grenade rpg43"" 1']",0.00115,0.00115,0.0010500000000000002,0.008,0.003,0.003,0.005,0.003,3,0.003,0.00025,0.0012,0.00025,63.10499999999998,0.6310499999999999
./resource/gamelogic/set/breed/mp\rus_guard\elite_tankman2.set,rus_guard,elite_tankman2,0.4,tankman2,tankcrew,0.1,0.1,0.001,"['""pps43"" filling ""ammo pps43_mag"" 35', '""ammo pps43_mag"" 210', '""bandage"" 5', '""grenade f1"" 2', '""grenade rpg43"" 1']",0.0012,0.0012,0.0011,0.01,0.004,0.005,0.006999999999999999,0.003,3,0.004,0.0005,0.0022,0.0005,64.07,0.6406999999999998
./resource/gamelogic/set/breed/mp\rus_guard\guards_shock_flame.set,rus_guard,guards_shock_flame,0.25,vet_6,1_lvl3,0.1,0.1,0.0009,"['""flame_thrower""', '""balloon"" filled']",0.00075,0.001,0.0008,0.0,0.003,0.004,0.002,0.002,2,0.003,0.0015,0.0015,0.0015,47.195,0.47195
./resource/gamelogic/set/breed/mp\rus_guard\guards_shock_mg.set,rus_guard,guards_shock_mg,0.25,vet_6,1_lvl3,0.1,0.1,0.0009,"['""dp"" filling ""ammo dp27_mag"" 47', '""ammo dp27_mag"" 235', '""bandage"" 3', '""grenade f1"" 2', '""ru_backpack_meshok""']",0.00075,0.001,0.0008,0.0,0.003,0.002,0.004,0.002,2,0.003,0.0015,0.0015,0.0015,47.195,0.47195
./resource/gamelogic/set/breed/mp\rus_guard\guards_shock_mg_asst.set,rus_guard,guards_shock_mg_asst,0.25,vet_6,1_lvl3,0.1,0.1,0.0009,"['""mosin_vet"" filled', '""ammo mosin_clip"" 60', '""ammo dp27_mag"" 141', '""bandage"" 3', '""grenade f1"" 2', '""ru_backpack_meshok""']",0.00075,0.001,0.0008,0.0,0.003,0.002,0.004,0.004,2,0.003,0.0015,0.0015,0.0015,47.394999999999996,0.47395
./resource/gamelogic/set/breed/mp\rus_guard\guards_shock_rifle.set,rus_guard,guards_shock_rifle,0.25,vet_6,1_lvl3,0.1,0.1,0.0009,"['""mosin_vet"" filled', '""ammo mosin_clip"" 60', '""ammo dp27_mag"" 47', '""bandage"" 3', '""grenade f1"" 2', '""grenade molotov_coctail"" 0 1', '""grenade rpg40"" 1', '""smoke grenade"" 1', '""ru_backpack_meshok""']",0.00075,0.001,0.0008,0.0,0.003,0.002,0.002,0.004,2,0.003,0.0015,0.0015,0.0015,47.195,0.47195
./resource/gamelogic/set/breed/mp\rus_guard\guards_shock_sa.set,rus_guard,guards_shock_sa,0.25,vet_6,1_lvl3,0.1,0.1,0.0009,"['""svt40"" filled', '""ammo svt40_mag"" 20', '""ammo mosin_clip"" 60', '""ammo dp27_mag"" 47', '""bandage"" 3', '""grenade f1"" 2', '""grenade molotov_coctail"" 0 1', '""grenade rpg40"" 1', '""smoke grenade"" 1', '""ru_backpack_meshok""']",0.00075,0.001,0.0008,0.0,0.003,0.002,0.002,0.004,2,0.003,0.0015,0.0015,0.0015,47.195,0.47195
./resource/gamelogic/set/breed/mp\rus_guard\guards_shock_sl.set,rus_guard,guards_shock_sl,0.25,vet_6,1_lvl3,0.1,0.1,0.0009,"['""svt40"" filled', '""ammo svt40_mag"" 20', '""ammo mosin_clip"" 60', '""bandage"" 3', '""grenade f1"" 2', '""grenade molotov_coctail"" 0 1', '""grenade smoke"" 2', '""ru_backpack_meshok""']",0.00075,0.001,0.0008,0.0,0.004,0.003,0.003,0.004,3,0.004,0.0015,0.0015,0.0015,47.59499999999999,0.47595
./resource/gamelogic/set/breed/mp\rus_guard\guards_shock_sl_smg.set,rus_guard,guards_shock_sl_smg,0.25,vet_6,1_lvl3,0.1,0.1,0.0009,"['""pps43"" filled', '""ammo pps43_mag"" 210', '""bandage"" 3', '""grenade f1"" 2', '""grenade molotov_coctail"" 0 1', '""grenade smoke"" 2', '""ru_backpack_meshok""']",0.00075,0.001,0.0008,0.0,0.003,0.004,0.002,0.002,2,0.003,0.0015,0.0015,0.0015,47.195,0.47195
./resource/gamelogic/set/breed/mp\rus_guard\guards_shock_smg.set,rus_guard,guards_shock_smg,0.25,vet_6,1_lvl3,0.1,0.1,0.0009,"['""ppsh41"" filled', '""ammo ppsh41_mag"" 210', '""bandage"" 3', '""grenade f1"" 2', '""grenade molotov_coctail"" 0 1', '""grenade rpg40"" 1', '""smoke grenade"" 1', '""ru_backpack_meshok""']",0.00075,0.001,0.0008,0.0,0.003,0.004,0.002,0.002,2,0.003,0.0015,0.0015,0.0015,47.195,0.47195
./resource/gamelogic/set/breed/mp\rus_guard\guards_shock_smg2.set,rus_guard,guards_shock_smg2,0.25,vet_6,1_lvl3,0.1,0.1,0.0009,"['""ppsh"" filled', '""ammo ppsh_mag"" 213', '""bandage"" 3', '""grenade f1"" 2', '""grenade molotov_coctail"" 0 1', '""grenade rpg40"" 1', '""smoke grenade"" 1', '""ru_backpack_meshok""']",0.00075,0.001,0.0008,0.0,0.003,0.004,0.002,0.002,2,0.003,0.0015,0.0015,0.0015,47.195,0.47195
./resource/gamelogic/set/breed/mp\rus_guard\guards_shock_smg3.set,rus_guard,guards_shock_smg3,0.25,vet_6,1_lvl3,0.1,0.1,0.0009,"['""pps43"" filled', '""ammo pps43_mag"" 210', '""bandage"" 3', '""grenade f1"" 2', '""grenade molotov_coctail"" 0 1', '""grenade rpg40"" 1', '""smoke grenade"" 1', '""ru_backpack_meshok""']",0.00075,0.001,0.0008,0.0,0.003,0.004,0.002,0.002,2,0.003,0.0015,0.0015,0.0015,47.195,0.47195
./resource/gamelogic/set/breed/mp\rus_guard\guard_mg.set,rus_guard,guard_mg,0.2,vet_5,1_lvl3,0.1,0.1,0.0009,"['""dp"" filling ""ammo dp27_mag"" 47', '""ammo dp27_mag"" 235', '""bandage"" 5', '""sandbag_kit"" 1']",0.00085,0.001,0.0009,0.0,0.002,0.001,0.003,0.003,1,0.003,0.00125,0.00125,0.00125,41.940000000000005,0.4194
./resource/gamelogic/set/breed/mp\rus_guard\guard_mg_asst.set,rus_guard,guard_mg_asst,0.2,vet_5,1_lvl3,0.1,0.1,0.0009,"['""mosin_vet"" filled', '""ammo mosin_clip"" 60', '""ammo dp27_mag"" 141', '""bandage"" 5', '""grenade f1"" 2']",0.00085,0.001,0.0009,0.0,0.002,0.001,0.003,0.003,1,0.003,0.00125,0.00125,0.00125,41.940000000000005,0.4194
./resource/gamelogic/set/breed/mp\rus_guard\guard_rifle.set,rus_guard,guard_rifle,0.2,vet_5,1_lvl3,0.1,0.1,0.0009,"['""mosin_vet"" filled', '""ammo mosin_clip"" 60', '""ammo dp27_mag"" 47', '""bandage"" 5', '""grenade f1"" 2', '""grenade molotov_coctail"" 0 1', '""grenade rpg43"" 0 1', '""grenade rpg40"" 0 1']",0.00085,0.001,0.0009,0.0,0.002,0.001,0.001,0.003,1,0.003,0.00125,0.00125,0.00125,41.74000000000001,0.4174
./resource/gamelogic/set/breed/mp\rus_guard\guard_sa.set,rus_guard,guard_sa,0.2,vet_5,1_lvl3,0.1,0.1,0.0009,"['""svt40"" filled', '""ammo svt40_mag"" 20', '""ammo mosin_clip"" 60', '""ammo dp27_mag"" 47', '""bandage"" 5', '""grenade f1"" 2', '""grenade molotov_coctail"" 0 1', '""grenade rpg43"" 0 1', '""grenade rpg40"" 0 1']",0.00085,0.001,0.0009,0.0,0.002,0.001,0.001,0.003,1,0.003,0.00125,0.00125,0.00125,41.74000000000001,0.4174
./resource/gamelogic/set/breed/mp\rus_guard\guard_sl.set,rus_guard,guard_sl,0.25,vet_5,1_lvl3,0.1,0.1,0.0009,"['""ppsh41"" filled', '""ammo ppsh41_mag"" 210', '""bandage"" 5', '""grenade f1"" 2', '""grenade molotov_coctail"" 0 1', '""grenade smoke"" 2', '""grenade rpg43"" 0 1', '""grenade rpg40"" 0 1']",0.00085,0.001,0.0009,0.0,0.002,0.003,0.002,0.003,2,0.003,0.00125,0.00125,0.00125,47.040000000000006,0.47039999999999993
./resource/gamelogic/set/breed/mp\rus_guard\guard_smg.set,rus_guard,guard_smg,0.2,vet_5,1_lvl3,0.1,0.1,0.0009,"['""ppsh41"" filled', '""ammo ppsh41_mag"" 210', '""bandage"" 5', '""grenade f1"" 2', '""grenade molotov_coctail"" 0 1', '""grenade rpg43"" 0 1', '""grenade rpg40"" 0 1', '""smoke grenade"" 1']",0.00085,0.001,0.0009,0.0,0.002,0.003,0.001,0.001,1,0.003,0.00125,0.00125,0.00125,41.74000000000001,0.4174
./resource/gamelogic/set/breed/mp\rus_guard\guard_smg2.set,rus_guard,guard_smg2,0.2,vet_5,1_lvl3,0.1,0.1,0.0009,"['""pps43"" filled', '""ammo pps43_mag"" 210', '""bandage"" 5', '""grenade f1"" 2', '""grenade molotov_coctail"" 0 1', '""grenade rpg43"" 0 1', '""grenade rpg40"" 0 1', '""smoke grenade"" 1']",0.00085,0.001,0.0009,0.0,0.002,0.003,0.001,0.001,1,0.003,0.00125,0.00125,0.00125,41.74000000000001,0.4174
./resource/gamelogic/set/breed/mp\rus_guard\oficer.set,rus_guard,oficer,0.25,oficer,1_lvl3,0.1,0.1,0.001,"['""tt"" filled', '""ammo tt_mag"" 32', '""knife_rus""', '""binocular""']",0.00085,0.001,0.0009,0.0,0.003,0.003,0.003,0.003,3,0.003,-0.01,0.02,0.01,48.87499999999999,0.48875
./resource/gamelogic/set/breed/mp\rus_guard\recon_rifle.set,rus_guard,recon_rifle,0.15,vet_3,1,0.1,0.1,0.0009,"['""mosin"" filled', '""ammo mosin_clip"" 60', '""bandage"" 5', '""grenade f1"" 1', '""grenade molotov_coctail"" 0 1']",0.00085,0.001,0.0009,0.0,0.002,0.001,0.001,0.003,1,0.003,0.00075,0.00075,0.00075,36.59000000000002,0.36589999999999995
./resource/gamelogic/set/breed/mp\rus_guard\recon_sl.set,rus_guard,recon_sl,0.15,vet_3,1,0.1,0.1,0.0009,"['""pps43"" filled', '""ammo pps43_mag"" 105', '""bandage"" 5', '""grenade f1"" 1', '""grenade molotov_coctail"" 0 1']",0.00085,0.001,0.0009,0.0,0.003,0.004,0.002,0.002,2,0.004,0.00075,0.00075,0.00075,37.09000000000002,0.37089999999999995
./resource/gamelogic/set/breed/mp\rus_guard\recon_smg.set,rus_guard,recon_smg,0.15,vet_3,1,0.1,0.1,0.0009,"['""ppsh"" filled', '""ammo ppsh_mag"" 142', '""bandage"" 5', '""grenade f1"" 1', '""grenade molotov_coctail"" 0 1']",0.00085,0.001,0.0009,0.0,0.002,0.003,0.001,0.001,1,0.003,0.00075,0.00075,0.00075,36.59000000000002,0.36589999999999995
./resource/gamelogic/set/breed/mp\rus_guard\recon_smg2.set,rus_guard,recon_smg2,0.15,vet_3,1,0.1,0.1,0.0009,"['""pps43"" filled', '""ammo pps43_mag"" 105', '""bandage"" 5', '""grenade f1"" 1', '""grenade molotov_coctail"" 0 1']",0.00085,0.001,0.0009,0.0,0.002,0.003,0.001,0.001,1,0.003,0.00075,0.00075,0.00075,36.59000000000002,0.36589999999999995
./resource/gamelogic/set/breed/mp\rus_guard\sapper_rifle1.set,rus_guard,sapper_rifle1,0.15,vet_3,1_lvl3,0.1,0.1,0.0009,"['""mosin"" filled', '""ammo mosin_clip"" 60', '""bandage"" 3', '""grenade f1"" 2', '""mine antitank"" 6', '""sandbag_kit"" 1']",0.00085,0.001,0.0009,0.0,0.002,0.001,0.001,0.003,2,0.002,0.00075,0.00075,0.00075,36.49000000000002,0.36489999999999995
./resource/gamelogic/set/breed/mp\rus_guard\sapper_rifle2.set,rus_guard,sapper_rifle2,0.15,vet_3,1_lvl3,0.1,0.1,0.0009,"['""mosin"" filled', '""ammo mosin_clip"" 60', '""bandage"" 3', '""grenade f1"" 2', '""mine antipersonnel"" 18', '""trench_spade"" 1', '""mine antipersonnel"" 4', '""sandbag_kit"" 1']",0.00085,0.001,0.0009,0.0,0.002,0.001,0.001,0.003,2,0.002,0.00075,0.00075,0.00075,36.49000000000002,0.36489999999999995
./resource/gamelogic/set/breed/mp\rus_guard\sapper_rifle3.set,rus_guard,sapper_rifle3,0.15,vet_3,1_lvl3,0.1,0.1,0.0009,"['""mosin"" filled', '""ammo mosin_clip"" 60', '""bandage"" 3', '""grenade f1"" 2', '""mine_detector""', '""hedgehog_kit""', '""trench_spade"" 1', '""sandbag_kit"" 1']",0.00085,0.001,0.0009,0.0,0.002,0.001,0.001,0.003,2,0.002,0.00075,0.00075,0.00075,36.49000000000002,0.36489999999999995
./resource/gamelogic/set/breed/mp\rus_guard\sapper_rifle4.set,rus_guard,sapper_rifle4,0.15,vet_3,1_lvl3,0.1,0.1,0.0009,"['""mosin"" filled', '""ammo mosin_clip"" 60', '""bandage"" 3', '""grenade f1"" 2', '""trench_spade"" 2', '""sandbag_kit"" 3']",0.00085,0.001,0.0009,0.0,0.002,0.001,0.001,0.003,2,0.002,0.00075,0.00075,0.00075,36.49000000000002,0.36489999999999995
./resource/gamelogic/set/breed/mp\rus_guard\sapper_rifle5.set,rus_guard,sapper_rifle5,0.15,vet_5,1_lvl3,0.1,0.1,0.0009,"['""mosin"" filled', '""ammo mosin_clip"" 60', '""grenade satchel"" 3', '""mine antitank"" 4', '""bandage"" 3', '""grenade f1"" 2', '""mine antitank"" 1']",0.00085,0.001,0.0009,0.0,0.002,0.001,0.001,0.003,2,0.002,0.00125,0.00125,0.00125,36.640000000000015,0.36639999999999995
./resource/gamelogic/set/breed/mp\rus_guard\sapper_sl.set,rus_guard,sapper_sl,0.15,vet_3,1_lvl3,0.1,0.1,0.0009,"['""pps43"" filled', '""ammo pps43_mag"" 210', '""bandage"" 3', '""grenade f1"" 2', '""grenade smoke"" 2', '""sandbag_kit"" 2']",0.00085,0.001,0.0009,0.0,0.002,0.004,0.002,0.002,2,0.003,0.00075,0.00075,0.00075,36.89000000000002,0.36889999999999995
./resource/gamelogic/set/breed/mp\rus_guard\sapper_smg.set,rus_guard,sapper_smg,0.15,vet_3,1_lvl3,0.1,0.1,0.0009,"['""pps43"" filled', '""ammo pps43_mag"" 210', '""bandage"" 3', '""grenade f1"" 2', '""mine antipersonnel"" 16', '""grenade satchel"" 1', '""mine antipersonnel"" 4', '""grenade satchel"" 1']",0.00085,0.001,0.0009,0.0,0.002,0.003,0.001,0.001,2,0.002,0.00075,0.00075,0.00075,36.49000000000002,0.36489999999999995
./resource/gamelogic/set/breed/mp\rus_guard\sapper_smg2.set,rus_guard,sapper_smg2,0.15,vet_3,1_lvl3,0.1,0.1,0.0009,"['""ppsh"" filled', '""ammo ppsh_mag"" 142', '""grenade satchel"" 3', '""mine antitank"" 4', '""bandage"" 3', '""grenade f1"" 2', '""mine antitank"" 1']",0.00085,0.001,0.0009,0.0,0.002,0.003,0.001,0.001,2,0.002,0.00075,0.00075,0.00075,36.49000000000002,0.36489999999999995
./resource/gamelogic/set/breed/mp\rus_guard\sniper.set,rus_guard,sniper,0.35,sniper,1_lvl3,0.1,0.1,0.001,"['""mosin_s_vet"" filled', '""ammo mosin_clip"" 120', '""bandage"" 5', '""smoke_paradrop_ammo grenade"" 1', '""plant"" 3', '""knife_rus""']",0.00075,0.001,0.0008,0.0,0.002,0.002,0.001,0.004,1,0.002,0.005,0.008,0.002,57.95500000000001,0.57955
./resource/gamelogic/set/breed/mp\rus_guard\sniper2.set,rus_guard,sniper2,0.35,sniper,lvl5,0.1,0.1,0.001,"['""mosin_s_elite"" filling ""ammo mosin_clip fg"" 5', '""ammo mosin_clip fg"" 120', '""bandage"" 5', '""smoke_paradrop_ammo grenade"" 1', '""plant"" 3', '""knife_rus""', '""jelet_mac_gop_dark""']",0.00085,0.001,0.0009,0.0,0.002,0.002,0.002,0.004,2,0.004,0.005,0.008,0.002,58.27500000000001,0.58275
./resource/gamelogic/set/breed/mp\rus_guard\sniper3.set,rus_guard,sniper3,0.35,sniper,1_lvl3,0.1,0.1,0.001,"['""svt40_s_vet"" filled', '""ammo svt40_mag"" 20', '""ammo mosin_clip"" 100', '""bandage"" 5', '""smoke_paradrop_ammo grenade"" 1', '""plant"" 3', '""knife_rus""']",0.00075,0.001,0.0008,0.0,0.002,0.002,0.001,0.004,1,0.002,0.005,0.008,0.002,57.95500000000001,0.57955
./resource/gamelogic/set/breed/mp\rus_guard\tankman.set,rus_guard,tankman,0.15,tankman,1,0.1,0.1,0.0009,"['""nagan"" filled', '""ammo nagant_clip"" 28', '""bandage"" 3']",0.001,0.001,0.001,0.003,0.005,0.005,0.003,0.002,2,0.005,0.00025,0.0012,0.00025,37.86,0.37859999999999994
./resource/gamelogic/set/breed/mp\rus_guard\tankman2.set,rus_guard,tankman2,0.15,tankman2,1,0.1,0.1,0.0009,"['""pps43"" filling ""ammo pps43_mag"" 35', '""ammo pps43_mag"" 210', '""bandage"" 3', '""grenade f1"" 1']",0.0011,0.001,0.001,0.005,0.005,0.005,0.005,0.005,4,0.005,0.0005,0.0022,0.0005,38.72,0.3872
./resource/gamelogic/set/breed/mp\rus_guard\vehicle_supporter.set,rus_guard,vehicle_supporter,0.15,vehicle_supporter,tankcrew_lvl3,0.1,0.1,0.0009,"['""mosin"" filled', '""ammo mosin_clip"" 60', '""bandage"" 3', '""grenade f1"" 1']",0.00085,0.001,0.001,0.004,0.002,0.002,0.003,0.002,2,0.003,0.0005,0.002,0.00025,37.25000000000001,0.3725
./resource/gamelogic/set/breed/mp\rus_guard\vet_tankman.set,rus_guard,vet_tankman,0.2,tankman,tankcrew,0.1,0.1,0.0009,"['""ppsh41"" filling ""ammo ppsh41_mag"" 35', '""ammo ppsh41_mag"" 210', '""bandage"" 5', '""grenade f1"" 2']",0.001,0.001,0.0009,0.005,0.005,0.005,0.005,0.005,5,0.005,0.00025,0.0012,0.00025,43.550000000000004,0.4355
./resource/gamelogic/set/breed/mp\rus_guard\vet_tankman2.set,rus_guard,vet_tankman2,0.2,tankman2,tankcrew,0.1,0.1,0.0009,"['""pps43"" filling ""ammo pps43_mag"" 35', '""ammo pps43_mag"" 210', '""bandage"" 5', '""grenade f1"" 2']",0.0011,0.001,0.00095,0.006999999999999999,0.006,0.006,0.006,0.006,6,0.006,0.0005,0.0022,0.0005,44.415000000000006,0.44415000000000004
./resource/gamelogic/set/breed/mp\usa\ammo_bearer_57mm.set,usa,ammo_bearer_57mm,0.15,,1,0.1,0.1,0.0009,"['""garand"" filled', '""ammo garand_clip"" 80', '""bandage"" 3', '""ammo_box_small_us_57mm"" 1']",0.00075,0.001,0.0008,0.0,0.002,0.002,0.002,0.003,1,0.003,0.0,0.0,0.0,36.54500000000001,0.36545
./resource/gamelogic/set/breed/mp\usa\ammo_bearer_76mm.set,usa,ammo_bearer_76mm,0.15,,1,0.1,0.1,0.0009,"['""garand"" filled', '""ammo garand_clip"" 80', '""ammo_box_small_us_76mm"" 1', '""bandage"" 3']",0.00075,0.001,0.0008,0.0,0.002,0.002,0.002,0.003,1,0.003,0.0,0.0,0.0,36.54500000000001,0.36545
./resource/gamelogic/set/breed/mp\usa\ap_miner.set,usa,ap_miner,0.15,ap_miner,,0.1,0.1,0.0009,"['""m3a"" filled', '""ammo m3a_mag"" 192', '""mine antipersonnel"" 32', '""barbwire_kit""', '""bandage"" 5']",0.00075,0.001,0.0008,0.0,0.002,0.003,0.002,0.002,1,0.003,0.001,0.001,0.001,36.84500000000001,0.36845
./resource/gamelogic/set/breed/mp\usa\armor_bazooker.set,usa,armor_bazooker,0.15,bazooker,1,0.1,0.1,0.0009,"['""weapon bazooka"" filled', '""garand"" filled', '""ammo garand_clip"" 80', '""bandage"" 3', '""ammo bazooka"" 7', '""ammo bazooka wp"" 1 1']",0.00075,0.001,0.0008,0.0,0.002,0.002,0.002,0.003,4,0.003,0.001,0.0015,0.001,36.89500000000001,0.36895
./resource/gamelogic/set/breed/mp\usa\armor_mgun.set,usa,armor_mgun,0.15,vet_3,1,0.1,0.1,0.0009,"['""bar_rifle"" filled', '""ammo bar_mag"" 240', '""bandage"" 3', '""sandbag_kit"" 1']",0.00075,0.001,0.0008,0.0,0.002,0.002,0.003,0.003,1,0.003,0.00075,0.00075,0.00075,36.87000000000001,0.3686999999999999
./resource/gamelogic/set/breed/mp\usa\armor_rifle.set,usa,armor_rifle,0.15,vet_3,1,0.1,0.1,0.0009,"['""garand"" filled', '""ammo garand_clip"" 80', '""bandage"" 3', '""grenade m61"" 1', '""m15_smoke grenade"" 0.5 0.5', '""sandbag_kit"" 1']",0.00075,0.001,0.0008,0.0,0.002,0.002,0.002,0.003,1,0.003,0.00075,0.00075,0.00075,36.77000000000002,0.3676999999999999
./resource/gamelogic/set/breed/mp\usa\armor_rifle_grenadier.set,usa,armor_rifle_grenadier,0.15,vet_3,1,0.1,0.1,0.0009,"['""garand"" filled', '""ammo garand_clip"" 80', '""bandage"" 3', '""sandbag_kit"" 1', '""garand_grenade"" filling ""ammo m1garand_grenade fg"" 1', '""m1garand_grenade fg"" 5 1', '""m1garand_grenade ap"" 1 1', '""m1garand_grenade wp"" 0.2 1']",0.00075,0.001,0.0008,0.0,0.002,0.002,0.002,0.003,1,0.003,0.00075,0.00075,0.00075,36.77000000000002,0.3676999999999999
./resource/gamelogic/set/breed/mp\usa\armor_squadleader.set,usa,armor_squadleader,0.2,vet_4,1,0.1,0.1,0.0009,"['""garand"" filled', '""ammo garand_clip"" 80', '""bandage"" 3', '""grenade m61"" 2', '""smoke grenade"" 1.5 0.5', '""m15_smoke grenade"" 0.5 0.5']",0.00085,0.001,0.0009,0.0,0.003,0.003,0.003,0.004,2,0.004,0.001,0.001,0.001,42.365,0.4236500000000001
./resource/gamelogic/set/breed/mp\usa\at_miner.set,usa,at_miner,0.15,at_miner,,0.1,0.1,0.0009,"['""m3a"" filled', '""ammo m3a_mag"" 192', '""mine antitank"" 8', '""hedgehog_kit""', '""bandage"" 5']",0.00075,0.001,0.0008,0.0,0.002,0.003,0.002,0.002,1,0.003,0.001,0.001,0.001,36.84500000000001,0.36845
./resource/gamelogic/set/breed/mp\usa\a_ar.set,usa,a_ar,0.15,vet_3,1,0.1,0.1,0.0009,"['""bar_rifle"" filled', '""ammo bar_mag"" 240', '""bandage"" 3', '""sandbag_kit"" 1']",0.00075,0.001,0.0008,0.0,0.002,0.002,0.003,0.003,1,0.003,0.00075,0.00075,0.00075,36.87000000000001,0.3686999999999999
./resource/gamelogic/set/breed/mp\usa\a_at.set,usa,a_at,0.15,bazooker,1,0.1,0.1,0.0009,"['""weapon bazooka"" filled', '""garand"" filled', '""ammo garand_clip"" 80', '""bandage"" 3', '""ammo bazooka"" 7', '""ammo bazooka wp"" 1 1']",0.00075,0.001,0.0008,0.0,0.002,0.002,0.002,0.003,4,0.003,0.001,0.0015,0.001,36.89500000000001,0.36895
./resource/gamelogic/set/breed/mp\usa\a_r.set,usa,a_r,0.15,vet_3,1,0.1,0.1,0.0009,"['""garand"" filled', '""ammo garand_clip"" 80', '""bandage"" 3', '""grenade m61"" 1', '""m15_smoke grenade"" 0.5 0.5', '""sandbag_kit"" 1']",0.00075,0.001,0.0008,0.0,0.002,0.002,0.002,0.003,1,0.003,0.00075,0.00075,0.00075,36.77000000000002,0.3676999999999999
./resource/gamelogic/set/breed/mp\usa\a_r_g.set,usa,a_r_g,0.15,vet_3,1,0.1,0.1,0.0009,"['""garand"" filled', '""ammo garand_clip"" 80', '""bandage"" 3', '""sandbag_kit"" 1', '""garand_grenade"" filling ""ammo m1garand_grenade fg"" 1', '""m1garand_grenade fg"" 5 1', '""m1garand_grenade ap"" 1 1', '""m1garand_grenade wp"" 0.2 1']",0.00075,0.001,0.0008,0.0,0.002,0.002,0.002,0.003,1,0.003,0.00075,0.00075,0.00075,36.77000000000002,0.3676999999999999
./resource/gamelogic/set/breed/mp\usa\a_sl.set,usa,a_sl,0.2,vet_4,1,0.1,0.1,0.0009,"['""garand"" filled', '""ammo garand_clip"" 80', '""bandage"" 3', '""grenade m61"" 2', '""smoke grenade"" 1.5 0.5', '""m15_smoke grenade"" 0.5 0.5']",0.00085,0.001,0.0009,0.0,0.003,0.003,0.003,0.004,2,0.004,0.001,0.001,0.001,42.365,0.4236500000000001
./resource/gamelogic/set/breed/mp\usa\bazooker.set,usa,bazooker,0.15,bazooker,1,0.1,0.1,0.0009,"['""weapon bazooka"" filled', '""garand"" filled', '""ammo garand_clip"" 80', '""bandage"" 3', '""ammo bazooka"" 7', '""ammo bazooka wp"" 1 1']",0.00075,0.001,0.0008,0.0,0.002,0.002,0.002,0.003,4,0.003,0.001,0.0015,0.001,36.89500000000001,0.36895
./resource/gamelogic/set/breed/mp\usa\bazooker2.set,usa,bazooker2,0.15,bazooker,1,0.1,0.1,0.0009,"['""garand"" filled', '""ammo garand_clip"" 80', '""bandage"" 3', '""grenade m61"" 2', '""smoke grenade"" 1', '""ammo bazooka"" 3', '""ammo bazooka wp"" 1 1']",0.00075,0.001,0.0008,0.0,0.002,0.002,0.002,0.003,4,0.003,0.001,0.0015,0.001,36.89500000000001,0.36895
./resource/gamelogic/set/breed/mp\usa\devil_brigade_demo.set,usa,devil_brigade_demo,0.35,vet_6,elite,0.1,0.1,0.0009,"['""garand"" filled', '""ammo garand_clip"" 80', '""colt"" filled', '""ammo colt_mag"" 14', '""bandage"" 5', '""grenade m61"" 2', '""smoke grenade""', '""grenade satchel"" 3']",0.00095,0.001,0.001,0.0,0.006,0.006,0.006,0.006,6,0.006,0.0015,0.0015,0.0015,58.83500000000001,0.5883499999999998
./resource/gamelogic/set/breed/mp\usa\devil_brigade_grenadier.set,usa,devil_brigade_grenadier,0.35,vet_6,elite,0.1,0.1,0.0009,"['""garand"" filled', '""ammo garand_clip"" 80', '""colt"" filled', '""ammo colt_mag"" 14', '""bandage"" 5', '""garand_grenade"" filling ""ammo m1garand_grenade fg"" 1', '""m1garand_grenade fg"" 5 1', '""m1garand_grenade ap"" 1 1', '""m1garand_grenade wp"" 0.2 1']",0.00095,0.001,0.001,0.0,0.006,0.006,0.006,0.006,6,0.006,0.0015,0.0015,0.0015,58.83500000000001,0.5883499999999998
./resource/gamelogic/set/breed/mp\usa\devil_brigade_mg.set,usa,devil_brigade_mg,0.35,vet_6,elite,0.1,0.1,0.0009,"['""johnson_m1941_rifle"" filled', '""ammo m1941lmg_mag"" 240', '""colt"" filled', '""ammo colt_mag"" 14', '""bandage"" 5', '""grenade m61"" 2', '""dynamite"" 1']",0.00095,0.001,0.001,0.0,0.006,0.006,0.006,0.006,6,0.006,0.0015,0.0015,0.0015,58.83500000000001,0.5883499999999998
./resource/gamelogic/set/breed/mp\usa\devil_brigade_radio.set,usa,devil_brigade_radio,0.35,vet_6,elite,0.1,0.1,0.0009,"['""garand"" filled', '""ammo garand_clip"" 80', '""colt"" filled', '""ammo colt_mag"" 14', '""bandage"" 5', '""grenade m61"" 2', '""smoke grenade""', '""mortar_60_flaregun"" filled', '""ammo mortar_60_flare"" 5']",0.00095,0.001,0.001,0.0,0.006,0.006,0.006,0.006,6,0.006,0.0015,0.0015,0.0015,58.83500000000001,0.5883499999999998
./resource/gamelogic/set/breed/mp\usa\devil_brigade_rifle.set,usa,devil_brigade_rifle,0.35,vet_6,elite,0.1,0.1,0.0009,"['""garand"" filled', '""ammo garand_clip"" 80', '""colt"" filled', '""ammo colt_mag"" 14', '""bandage"" 5', '""grenade m61"" 2', '""smoke grenade""', '""m15_smoke grenade"" 0.5 0.5']",0.00095,0.001,0.001,0.0,0.006,0.006,0.006,0.006,6,0.006,0.0015,0.0015,0.0015,58.83500000000001,0.5883499999999998
./resource/gamelogic/set/breed/mp\usa\devil_brigade_sl.set,usa,devil_brigade_sl,0.35,vet_6,elite,0.1,0.1,0.0009,"['""thompson"" filled', '""ammo thompson_m1a1_mag"" 150', '""colt"" filled', '""ammo colt_mag"" 14', '""bandage"" 5', '""grenade m61"" 2', '""smoke grenade"" 1.5 0.5', '""m15_smoke grenade"" 0.5 0.5']",0.00095,0.001,0.001,0.0,0.006,0.006,0.006,0.006,6,0.006,0.0015,0.0015,0.0015,58.83500000000001,0.5883499999999998
./resource/gamelogic/set/breed/mp\usa\elite.set,usa,elite,0.25,vet_4,1,0.1,0.1,0.0009,"['""m1a1_carbine"" filled', '""ammo m1carbine_mag"" 90', '""bandage"" 5', '""grenade m61"" 2', '""grenade n73at"" 1', '""grenade satchel"" 1', '""smoke grenade"" 1.5 0.5', '""m15_smoke grenade"" 0.5 0.5']",0.00085,0.001,0.0009,0.004,0.004,0.004,0.004,0.005,4,0.004,0.001,0.001,0.001,48.165000000000006,0.48165
./resource/gamelogic/set/breed/mp\usa\elite2.set,usa,elite2,0.25,vet_4,1,0.1,0.1,0.0009,"['""thompson"" filled', '""ammo thompson_m1a1_mag"" 150', '""bandage"" 5', '""grenade m61"" 2', '""grenade n73at"" 1', '""smoke grenade"" 1.5 0.5', '""m15_smoke grenade"" 0.5 0.5', '""grenade satchel"" 1']",0.00085,0.001,0.0009,0.0,0.004,0.005,0.004,0.004,4,0.004,0.001,0.001,0.001,47.76500000000001,0.47765
./resource/gamelogic/set/breed/mp\usa\elite3.set,usa,elite3,0.25,vet_4,1,0.1,0.1,0.0009,"['""bar_rifle"" filled', '""ammo bar_mag"" 240', '""bandage"" 5', '""grenade m61"" 2', '""grenade n73at"" 1', '""sandbag_kit"" 1']",0.00085,0.001,0.0009,0.0,0.004,0.004,0.005,0.005,4,0.004,0.001,0.001,0.001,47.86500000000001,0.47865
./resource/gamelogic/set/breed/mp\usa\elite3b.set,usa,elite3b,0.25,vet_5,1,0.1,0.1,0.0009,"['""browning_m19a6"" filled', '""ammo springfield_belt"" 250', '""m1a1_carbine"" filled', '""ammo m1carbine_mag"" 90', '""bandage"" 5', '""grenade m61"" 2', '""grenade n73at"" 1', '""sandbag_kit"" 1']",0.00085,0.001,0.0009,0.0,0.004,0.004,0.005,0.005,4,0.004,0.00125,0.00125,0.00125,47.940000000000005,0.47939999999999994
./resource/gamelogic/set/breed/mp\usa\elite3b_asst.set,usa,elite3b_asst,0.25,vet_5,1,0.1,0.1,0.0009,"['""m1a1_carbine"" filled', '""ammo m1carbine_mag"" 90', '""ammo springfield_belt"" 600', '""bandage"" 5', '""grenade m61"" 2', '""sandbag_kit"" 1']",0.00085,0.001,0.0009,0.0,0.004,0.004,0.005,0.005,4,0.004,0.00125,0.00125,0.00125,47.940000000000005,0.47939999999999994
./resource/gamelogic/set/breed/mp\usa\elite3_asst.set,usa,elite3_asst,0.25,vet_5,1,0.1,0.1,0.0009,"['""garand"" filled', '""ammo garand_clip"" 80', '""ammo bar_mag"" 240', '""bandage"" 5', '""grenade m61"" 2', '""sandbag_kit"" 1']",0.00085,0.001,0.0009,0.0,0.004,0.004,0.005,0.005,4,0.004,0.00125,0.00125,0.00125,47.940000000000005,0.47939999999999994
./resource/gamelogic/set/breed/mp\usa\elite4.set,usa,elite4,0.2,vet_2,1,0.1,0.1,0.0009,"['""thompson"" filled', '""ammo thompson_m1a1_mag"" 150', '""bandage"" 5', '""grenade m61"" 2', '""grenade n73at"" 1', '""smoke grenade"" 2']",0.00085,0.001,0.0009,0.0,0.003,0.004,0.003,0.003,3,0.003,0.0005,0.0005,0.0005,42.11499999999999,0.4211500000000001
./resource/gamelogic/set/breed/mp\usa\elite4_sgt.set,usa,elite4_sgt,0.25,vet_5,1,0.1,0.1,0.0009,"['""thompson"" filled', '""ammo thompson_m1a1_mag"" 150', '""bandage"" 5', '""grenade m61"" 2', '""grenade n73at"" 1', '""smoke grenade"" 1.5 0.5', '""m15_smoke grenade"" 0.5 0.5']",0.00085,0.001,0.0009,0.0,0.003,0.005,0.003,0.003,3,0.003,0.00125,0.00125,0.00125,47.44,0.47439999999999993
./resource/gamelogic/set/breed/mp\usa\elite5.set,usa,elite5,0.2,vet_2,1,0.1,0.1,0.0009,"['""garand"" filled', '""ammo garand_clip"" 80', '""bandage"" 5', '""grenade m61"" 2', '""grenade n73at"" 1', '""smoke grenade"" 2', '""dynamite""', '""sandbag_kit"" 1']",0.00085,0.001,0.0009,0.0,0.003,0.003,0.003,0.004,3,0.003,0.0005,0.0005,0.0005,42.11499999999999,0.4211500000000001
./resource/gamelogic/set/breed/mp\usa\elite5_grenadier.set,usa,elite5_grenadier,0.2,vet_4,1,0.1,0.1,0.0009,"['""garand"" filled', '""ammo garand_clip"" 80', '""bandage"" 5', '""garand_grenade"" filling ""ammo m1garand_grenade fg"" 1', '""m1garand_grenade fg"" 5 1', '""m1garand_grenade ap"" 1 1', '""m1garand_grenade wp"" 0.2 1', '""sandbag_kit"" 1']",0.00085,0.001,0.0009,0.0,0.003,0.003,0.003,0.004,3,0.003,0.001,0.001,0.001,42.265,0.4226500000000001
./resource/gamelogic/set/breed/mp\usa\elite6.set,usa,elite6,0.2,vet_2,1,0.1,0.1,0.0009,"['""bar_rifle"" filled', '""ammo bar_mag"" 240', '""bandage"" 5', '""grenade m61"" 2', '""sandbag_kit"" 1']",0.00085,0.001,0.0009,0.0,0.003,0.003,0.004,0.004,3,0.003,0.0005,0.0005,0.0005,42.21499999999999,0.4221500000000001
./resource/gamelogic/set/breed/mp\usa\elite6_asst.set,usa,elite6_asst,0.2,vet_4,1,0.1,0.1,0.0009,"['""garand"" filled', '""ammo garand_clip"" 80', '""ammo bar_mag"" 240', '""bandage"" 5', '""grenade m61"" 2', '""sandbag_kit"" 1']",0.00085,0.001,0.0009,0.0,0.003,0.003,0.004,0.004,3,0.003,0.001,0.001,0.001,42.365,0.4236500000000001
./resource/gamelogic/set/breed/mp\usa\eliteb.set,usa,eliteb,0.25,vet_5,1,0.1,0.1,0.0009,"['""garand"" filled', '""ammo garand_clip"" 80', '""bandage"" 5', '""grenade m61"" 2', '""grenade n73at"" 1', '""grenade satchel"" 1', '""smoke grenade"" 1.5 0.5', '""m15_smoke grenade"" 0.5 0.5']",0.00085,0.001,0.0009,0.0,0.004,0.004,0.004,0.005,4,0.004,0.00125,0.00125,0.00125,47.84,0.47839999999999994
./resource/gamelogic/set/breed/mp\usa\elitec.set,usa,elitec,0.25,vet_5,1,0.1,0.1,0.0009,"['""m1903a4"" filled', '""ammo springfield_clip"" 100', '""bandage"" 5', '""grenade m61"" 2', '""grenade n73at"" 1', '""smoke grenade"" 1.5 0.5', '""m15_smoke grenade"" 0.5 0.5']",0.00085,0.001,0.0009,0.0,0.004,0.004,0.004,0.005,4,0.004,0.00125,0.00125,0.00125,47.84,0.47839999999999994
./resource/gamelogic/set/breed/mp\usa\elite_101st_para.set,usa,elite_101st_para,0.4,vet_7,elite,0.1,0.1,0.0009,"['""m1a1_carbine"" filled', '""ammo m1carbine_mag"" 90', '""bandage"" 5', '""grenade m61"" 2', '""grenade satchel"" 1', '""smoke grenade"" 2', '""m15_smoke grenade"" 0.5 0.5', '""knife_union""']",0.00095,0.001,0.001,0.004,0.006,0.006,0.006,0.006999999999999999,6,0.006,0.0017499999999999998,0.0017499999999999998,0.0017499999999999998,64.41000000000001,0.6441000000000001
./resource/gamelogic/set/breed/mp\usa\elite_101st_para2.set,usa,elite_101st_para2,0.4,vet_7,elite,0.1,0.1,0.0009,"['""thompson"" filled', '""ammo thompson_m1a1_mag"" 150', '""bandage"" 5', '""grenade m61"" 2', '""grenade n73at"" 1', '""smoke grenade"" 2', '""m15_smoke grenade"" 0.5 0.5', '""knife_union""', '""grenade satchel"" 1']",0.00095,0.001,0.001,0.0,0.006,0.006999999999999999,0.006,0.006,6,0.006,0.0017499999999999998,0.0017499999999999998,0.0017499999999999998,64.01,0.6401000000000001
./resource/gamelogic/set/breed/mp\usa\elite_101st_para3.set,usa,elite_101st_para3,0.4,vet_7,elite,0.1,0.1,0.0009,"['""bar_rifle"" filled', '""ammo bar_mag"" 240', '""bandage"" 5', '""grenade m61"" 2', '""sandbag_kit"" 1']",0.00095,0.001,0.001,0.0,0.006,0.006,0.006999999999999999,0.006999999999999999,6,0.006,0.0017499999999999998,0.0017499999999999998,0.0017499999999999998,64.11000000000001,0.6411000000000001
./resource/gamelogic/set/breed/mp\usa\elite_101st_para3b.set,usa,elite_101st_para3b,0.4,vet_7,elite,0.1,0.1,0.0009,"['""browning_m19a6"" filled', '""ammo springfield_belt"" 250', '""m1a1_carbine"" filled', '""ammo m1carbine_mag"" 90', '""bandage"" 5', '""grenade m61"" 2', '""sandbag_kit"" 1']",0.00095,0.001,0.001,0.0,0.006,0.006,0.006999999999999999,0.006,6,0.006,0.0017499999999999998,0.0017499999999999998,0.0017499999999999998,64.01,0.6401000000000001
./resource/gamelogic/set/breed/mp\usa\elite_101st_para3b_asst.set,usa,elite_101st_para3b_asst,0.4,vet_7,elite,0.1,0.1,0.0009,"['""m1a1_carbine"" filled', '""ammo m1carbine_mag"" 90', '""ammo springfield_belt"" 600', '""bandage"" 5', '""grenade m61"" 2', '""sandbag_kit"" 1']",0.00095,0.001,0.001,0.0,0.006,0.006,0.006999999999999999,0.006999999999999999,6,0.006,0.0017499999999999998,0.0017499999999999998,0.0017499999999999998,64.11000000000001,0.6411000000000001
./resource/gamelogic/set/breed/mp\usa\elite_101st_para3_asst.set,usa,elite_101st_para3_asst,0.4,vet_7,elite,0.1,0.1,0.0009,"['""garand"" filled', '""ammo garand_clip"" 80', '""ammo bar_mag"" 240', '""bandage"" 5', '""grenade m61"" 2', '""sandbag_kit"" 1']",0.00095,0.001,0.001,0.0,0.006,0.006,0.006999999999999999,0.006999999999999999,6,0.006,0.0017499999999999998,0.0017499999999999998,0.0017499999999999998,64.11000000000001,0.6411000000000001
./resource/gamelogic/set/breed/mp\usa\elite_101st_para4.set,usa,elite_101st_para4,0.4,vet_7,elite,0.1,0.1,0.0009,"['""garand"" filled', '""ammo garand_clip"" 80', '""bandage"" 5', '""grenade m61"" 2', '""smoke grenade"" 1', '""weapon m18recoilless"" filled', '""ammo m18recoilless"" 8', '""ammo m18recoilless fg"" 3', '""ammo m18recoilless wp"" 1 1']",0.00095,0.001,0.001,0.0,0.006,0.006,0.006,0.006999999999999999,7,0.006,0.0017499999999999998,0.0017499999999999998,0.0017499999999999998,64.01,0.6401000000000001
./resource/gamelogic/set/breed/mp\usa\elite_101st_parab.set,usa,elite_101st_parab,0.4,vet_7,elite,0.1,0.1,0.0009,"['""garand"" filled', '""ammo garand_clip"" 80', '""bandage"" 5', '""grenade m61"" 2', '""smoke grenade"" 2', '""m15_smoke grenade"" 0.5 0.5', '""grenade satchel"" 1', '""knife_union""']",0.00095,0.001,0.001,0.0,0.006,0.006,0.006,0.006999999999999999,6,0.006,0.0017499999999999998,0.0017499999999999998,0.0017499999999999998,64.01,0.6401000000000001
./resource/gamelogic/set/breed/mp\usa\elite_101st_para_grenadier.set,usa,elite_101st_para_grenadier,0.4,vet_7,elite,0.1,0.1,0.0009,"['""garand"" filled', '""ammo garand_clip"" 80', '""bandage"" 5', '""garand_grenade"" filling ""ammo m1garand_grenade fg"" 1', '""m1garand_grenade fg"" 5 1', '""m1garand_grenade ap"" 1 1', '""m1garand_grenade wp"" 0.2 1']",0.00095,0.001,0.001,0.0,0.006,0.006,0.006,0.006999999999999999,6,0.006,0.0017499999999999998,0.0017499999999999998,0.0017499999999999998,64.01,0.6401000000000001
./resource/gamelogic/set/breed/mp\usa\elite_101st_para_sgt.set,usa,elite_101st_para_sgt,0.4,vet_7,elite,0.1,0.1,0.0009,"['""thompson"" filled', '""ammo thompson_m1a1_mag"" 150', '""bandage"" 5', '""grenade m61"" 2', '""grenade n73at"" 1', '""smoke grenade"" 1.5 0.5', '""m15_smoke grenade"" 0.5 0.5', '""knife_union""', '""grenade satchel"" 1']",0.00095,0.001,0.001,0.0,0.006,0.006999999999999999,0.006,0.006,6,0.006,0.0017499999999999998,0.0017499999999999998,0.0017499999999999998,64.01,0.6401000000000001
./resource/gamelogic/set/breed/mp\usa\elite_at.set,usa,elite_at,0.25,vet_4,1,0.1,0.1,0.0009,"['""weapon bazooka_m9"" filled', '""thompson"" filled', '""ammo thompson_m1a1_mag"" 150', '""bandage"" 3', '""grenade n73at"" 1', '""ammo bazooka"" 7', '""ammo bazooka wp"" 1 1']",0.00085,0.001,0.0009,0.0,0.004,0.005,0.004,0.004,5,0.004,0.001,0.001,0.001,47.76500000000001,0.47765
./resource/gamelogic/set/breed/mp\usa\elite_grenadier.set,usa,elite_grenadier,0.25,vet_5,1,0.1,0.1,0.0009,"['""garand"" filled', '""ammo garand_clip"" 80', '""bandage"" 5', '""garand_grenade"" filling ""ammo m1garand_grenade fg"" 1', '""m1garand_grenade fg"" 5 1', '""m1garand_grenade ap"" 1 1', '""m1garand_grenade wp"" 0.2 1']",0.00085,0.001,0.0009,0.0,0.004,0.004,0.004,0.005,4,0.004,0.00125,0.00125,0.00125,47.84,0.47839999999999994
./resource/gamelogic/set/breed/mp\usa\elite_para.set,usa,elite_para,0.25,,1,0.1,0.1,0.0009,"['""m1a1_carbine"" filled', '""ammo m1carbine_mag"" 90', '""bandage"" 5', '""grenade m61"" 2', '""grenade n73at"" 1', '""smoke grenade"" 2', '""knife_union""']",0.00085,0.001,0.0009,0.0,0.004,0.004,0.004,0.005,4,0.004,0.0,0.0,0.0,47.465,0.47465
./resource/gamelogic/set/breed/mp\usa\elite_sgt.set,usa,elite_sgt,0.3,vet_6,1,0.1,0.1,0.0009,"['""thompson"" filled', '""ammo thompson_m1a1_mag"" 150', '""bandage"" 5', '""grenade m61"" 2', '""grenade n73at"" 1', '""smoke grenade"" 1.5 0.5', '""m15_smoke grenade"" 0.5 0.5', '""grenade satchel"" 1']",0.00085,0.001,0.0009,0.0,0.004,0.006,0.004,0.004,4,0.004,0.0015,0.0015,0.0015,53.015,0.5301499999999999
./resource/gamelogic/set/breed/mp\usa\elite_tankman.set,usa,elite_tankman,0.1,tankman,tankcrew,0.1,0.1,0.0008,"['""colt"" filled', '""ammo colt_mag"" 21']",0.00115,0.00115,0.0010500000000000002,0.008,0.004,0.004,0.005,0.003,3,0.003,0.00025,0.0012,0.00025,33.28499999999998,0.33285
./resource/gamelogic/set/breed/mp\usa\elite_tankman2.set,usa,elite_tankman2,0.15,tankman2,tankcrew,0.1,0.1,0.0008,"['""m3a"" filled', '""ammo m3a_mag"" 96']",0.0012,0.0012,0.0011,0.01,0.004,0.004,0.006999999999999999,0.003,3,0.003,0.0005,0.0022,0.0005,38.84999999999998,0.38849999999999996
./resource/gamelogic/set/breed/mp\usa\engineer.set,usa,engineer,0.15,vet_3,1,0.1,0.1,0.0009,"['""garand"" filled', '""ammo garand_clip"" 80', '""grenade m61"" 2', '""grenade satchel"" 2', '""mine antitank""', '""mine antipersonnel"" 4', '""trench_spade"" 2']",0.00085,0.001,0.0009,0.0,0.002,0.002,0.002,0.003,1,0.003,0.00075,0.00075,0.00075,36.79000000000002,0.36789999999999995
./resource/gamelogic/set/breed/mp\usa\engineer2.set,usa,engineer2,0.15,vet_3,1,0.1,0.1,0.0009,"['""garand"" filled', '""ammo garand_clip"" 80', '""grenade m61"" 2', '""mine antipersonnel"" 20', '""sandbag_kit"" 2']",0.00085,0.001,0.0009,0.0,0.002,0.002,0.002,0.003,1,0.003,0.00075,0.00075,0.00075,36.79000000000002,0.36789999999999995
./resource/gamelogic/set/breed/mp\usa\engineer3.set,usa,engineer3,0.15,vet_3,1,0.1,0.1,0.0009,"['""garand"" filled', '""ammo garand_clip"" 80', '""grenade m61"" 2', '""mine antitank"" 5', '""sandbag_kit"" 2']",0.00085,0.001,0.0009,0.0,0.002,0.002,0.002,0.003,1,0.003,0.00075,0.00075,0.00075,36.79000000000002,0.36789999999999995
./resource/gamelogic/set/breed/mp\usa\engineer4.set,usa,engineer4,0.15,vet_3,1,0.1,0.1,0.0009,"['""garand"" filled', '""ammo garand_clip"" 80', '""mine_detector""', '""grenade satchel"" 2', '""hedgehog_kit"" 1', '""barbwire_kit"" 1', '""grenade m61"" 2', '""trench_spade""']",0.00085,0.001,0.0009,0.0,0.002,0.002,0.002,0.003,1,0.003,0.00075,0.00075,0.00075,36.79000000000002,0.36789999999999995
./resource/gamelogic/set/breed/mp\usa\engineer_at.set,usa,engineer_at,0.15,vet_3,1,0.1,0.1,0.0009,"['""garand"" filled', '""ammo garand_clip"" 80', '""bandage"" 3', '""weapon bazooka"" filled', '""ammo bazooka"" 4', '""ammo bazooka wp"" 1 1']",0.00075,0.001,0.0008,0.0,0.002,0.002,0.002,0.003,4,0.003,0.00075,0.00075,0.00075,36.77000000000002,0.3676999999999999
./resource/gamelogic/set/breed/mp\usa\engineer_flamer.set,usa,engineer_flamer,0.15,vet_3,,0.1,0.1,0.0009,"['""flame_thrower""', '""balloon"" filled', '""bandage"" 5']",0.00075,0.001,0.0008,0.0,0.003,0.003,0.002,0.002,1,0.003,0.00075,0.00075,0.00075,36.87000000000001,0.3686999999999999
./resource/gamelogic/set/breed/mp\usa\engineer_grenadier.set,usa,engineer_grenadier,0.15,vet_3,1,0.1,0.1,0.0009,"['""garand"" filled', '""ammo garand_clip"" 80', '""bandage"" 3', '""sandbag_kit"" 2', '""garand_grenade"" filling ""ammo m1garand_grenade fg"" 1', '""m1garand_grenade fg"" 5 1', '""m1garand_grenade ap"" 1.5 1.5', '""m1garand_grenade wp"" 0.2 1']",0.00075,0.001,0.0008,0.0,0.002,0.002,0.002,0.003,1,0.003,0.00075,0.00075,0.00075,36.77000000000002,0.3676999999999999
./resource/gamelogic/set/breed/mp\usa\engineer_squadleader.set,usa,engineer_squadleader,0.2,vet_4,1,0.1,0.1,0.0009,"['""garand"" filled', '""ammo garand_clip"" 80', '""bandage"" 3', '""grenade m61"" 2', '""grenade n73at"" 1', '""smoke grenade"" 1.5 0.5', '""m15_smoke grenade"" 0.5 0.5', '""sandbag_kit"" 2']",0.00085,0.001,0.0009,0.0,0.003,0.003,0.003,0.004,2,0.004,0.001,0.001,0.001,42.365,0.4236500000000001
./resource/gamelogic/set/breed/mp\usa\flamer.set,usa,flamer,0.15,flamer,,0.1,0.1,0.0009,"['""flame_thrower""', '""balloon"" filling ""fuel"" 24', '""bandage"" 3']",0.00075,0.001,0.0008,0.0,0.003,0.003,0.002,0.002,1,0.003,0.001,0.001,0.001,36.94500000000001,0.36945
./resource/gamelogic/set/breed/mp\usa\flamer2.set,usa,flamer2,0.15,flamer,1,0.1,0.1,0.0009,"['""m3a"" filled', '""ammo m3a_mag"" 192', '""bandage"" 3', '""grenade m61"" 2', '""grenade n73at"" 1', '""smoke grenade"" 1']",0.00075,0.001,0.0008,0.0,0.003,0.003,0.002,0.002,1,0.003,0.001,0.001,0.001,36.94500000000001,0.36945
./resource/gamelogic/set/breed/mp\usa\home_guard.set,usa,home_guard,0.1,vet_1,1,0.1,0.1,0.0008,"['""m1903"" filled', '""ammo springfield_clip"" 80', '""bandage"" 3', '""grenade m61"" 1']",0.00075,0.0008,0.0008,0.0,0.001,0.001,0.001,0.001,1,0.002,0.00025,0.00025,0.00025,30.989999999999995,0.3099
./resource/gamelogic/set/breed/mp\usa\home_guard2.set,usa,home_guard2,0.1,vet_1,1,0.1,0.1,0.0008,"['""m3a"" filled', '""ammo m3a_mag"" 192', '""bandage"" 3', '""grenade m61"" 1']",0.00075,0.0008,0.0008,0.0,0.001,0.001,0.001,0.001,1,0.002,0.00025,0.00025,0.00025,30.989999999999995,0.3099
./resource/gamelogic/set/breed/mp\usa\marine_shotgun.set,usa,marine_shotgun,0.2,vet_4,1,0.1,0.1,0.0009,"['""m12_shotgun"" filled', '""ammo shotgun"" 90', '""bandage"" 5', '""grenade m61"" 2', '""grenade n73at"" 1', '""smoke grenade"" 2', '""sandbag_kit"" 1']",0.00085,0.001,0.0009,0.0,0.003,0.003,0.003,0.004,3,0.003,0.001,0.001,0.001,42.265,0.4226500000000001
./resource/gamelogic/set/breed/mp\usa\medic.set,usa,medic,0.15,,1,0.1,0.1,0.0009,"['""m1903"" filled', '""ammo springfield_clip"" 80', '""bandage"" 25', '""morphine"" 1']",0.00075,0.001,0.0008,0.0,0.003,0.002,0.002,0.003,1,0.003,0.0,0.0,0.0,36.645,0.36645
./resource/gamelogic/set/breed/mp\usa\mgun.set,usa,mgun,0.15,vet_3,1,0.1,0.1,0.0009,"['""bar_rifle"" filled', '""ammo bar_mag"" 240', '""bandage"" 3', '""sandbag_kit"" 1']",0.00075,0.001,0.0008,0.0,0.002,0.002,0.003,0.003,1,0.003,0.00075,0.00075,0.00075,36.87000000000001,0.3686999999999999
./resource/gamelogic/set/breed/mp\usa\mgun2.set,usa,mgun2,0.15,vet_3,1,0.1,0.1,0.0009,"['""browning_m19a6"" filled', '""ammo springfield_belt"" 250', '""bandage"" 3', '""sandbag_kit"" 1']",0.00075,0.001,0.0008,0.0,0.002,0.002,0.003,0.003,1,0.003,0.00075,0.00075,0.00075,36.87000000000001,0.3686999999999999
./resource/gamelogic/set/breed/mp\usa\mgun2_asst.set,usa,mgun2_asst,0.15,vet_3,,0.1,0.1,0.0009,"['""garand"" filled', '""ammo garand_clip"" 80', '""bandage"" 3', '""sandbag_kit""', '""springfield_belt ammo"" 500']",0.00075,0.001,0.0008,0.0,0.002,0.002,0.003,0.003,1,0.003,0.00075,0.00075,0.00075,36.87000000000001,0.3686999999999999
./resource/gamelogic/set/breed/mp\usa\mgun_asst.set,usa,mgun_asst,0.15,vet_3,1,0.1,0.1,0.0009,"['""garand"" filled', '""ammo garand_clip"" 80', '""ammo bar_mag"" 240', '""bandage"" 3', '""sandbag_kit"" 1']",0.00075,0.001,0.0008,0.0,0.002,0.002,0.003,0.003,1,0.003,0.00075,0.00075,0.00075,36.87000000000001,0.3686999999999999
./resource/gamelogic/set/breed/mp\usa\oficer.set,usa,oficer,0.25,oficer,,0.1,0.1,0.001,"['""colt"" filled', '""ammo colt_mag"" 21', '""smoke_paradrop_ammo_heavy grenade"" 2', '""knife_union""', '""binocular""', '""bandage"" 5']",0.00085,0.001,0.0009,0.0,0.005,0.005,0.004,0.004,3,0.004,-0.01,0.02,0.01,49.575,0.49575
./resource/gamelogic/set/breed/mp\usa\oficer_armor.set,usa,oficer_armor,0.25,oficer_armor,,0.1,0.1,0.001,"['""colt"" filled', '""ammo colt_mag"" 21', '""smoke_paradrop_ammo_heavy grenade"" 2', '""knife_union""', '""binocular""', '""bandage"" 5']",0.00085,0.001,0.0009,0.004,0.005,0.005,0.004,0.004,3,0.004,-0.04,0.01,0.01,45.975,0.45975000000000005
./resource/gamelogic/set/breed/mp\usa\paramarine.set,usa,paramarine,0.35,vet_6,elite,0.1,0.1,0.0009,"['""johnson"" filled', '""ammo springfield_clip"" 80', '""bandage"" 5', '""grenade m61"" 2', '""grenade n73at"" 1', '""smoke grenade"" 1.5 0.5', '""m15_smoke grenade"" 0.5 0.5', '""dynamite""', '""sandbag_kit"" 1']",0.00095,0.001,0.001,0.0,0.005,0.005,0.005,0.006,5,0.005,0.0015,0.0015,0.0015,58.435,0.5843499999999998
./resource/gamelogic/set/breed/mp\usa\paramarine2.set,usa,paramarine2,0.35,vet_6,elite,0.1,0.1,0.0009,"['""m50reising"" filled', '""ammo m50reising_mag"" 150', '""bandage"" 5', '""grenade m61"" 2', '""grenade n73at"" 1', '""smoke grenade"" 1.5 0.5', '""m15_smoke grenade"" 0.5 0.5']",0.00095,0.001,0.001,0.0,0.005,0.006,0.005,0.005,5,0.005,0.0015,0.0015,0.0015,58.435,0.5843499999999998
./resource/gamelogic/set/breed/mp\usa\paramarine3.set,usa,paramarine3,0.35,vet_6,elite,0.1,0.1,0.0009,"['""johnson_m1941_rifle"" filled', '""ammo m1941lmg_mag"" 240', '""bandage"" 5', '""grenade smoke_paradrop_ammo"" 1', '""grenade m61"" 2', '""sandbag_kit"" 1']",0.00095,0.001,0.001,0.0,0.005,0.005,0.006,0.006,5,0.005,0.0015,0.0015,0.0015,58.535000000000004,0.5853499999999998
./resource/gamelogic/set/breed/mp\usa\paramarine3_asst.set,usa,paramarine3_asst,0.35,vet_6,elite,0.1,0.1,0.0009,"['""johnson"" filled', '""ammo springfield_clip"" 80', '""ammo m1941lmg_mag"" 240', '""bandage"" 5', '""grenade smoke_paradrop_ammo"" 1', '""grenade m61"" 2', '""sandbag_kit"" 1']",0.00095,0.001,0.001,0.0,0.005,0.005,0.006,0.006,5,0.005,0.0015,0.0015,0.0015,58.535000000000004,0.5853499999999998
./resource/gamelogic/set/breed/mp\usa\paramarineb.set,usa,paramarineb,0.35,vet_6,elite,0.1,0.1,0.0009,"['""garand"" filled', '""ammo garand_clip"" 80', '""bandage"" 5', '""grenade m61"" 2', '""grenade n73at"" 1', '""smoke grenade"" 1.5 0.5', '""m15_smoke grenade"" 0.5 0.5', '""dynamite""', '""sandbag_kit"" 1']",0.00095,0.001,0.001,0.0,0.005,0.005,0.005,0.006,5,0.005,0.0015,0.0015,0.0015,58.435,0.5843499999999998
./resource/gamelogic/set/breed/mp\usa\paramarine_boys.set,usa,paramarine_boys,0.35,vet_6,elite,0.1,0.1,0.0009,"['""m1a1_carbine"" filled', '""ammo m1carbine_mag"" 90', '""bandage"" 5', '""grenade m61"" 2', '""grenade n73at"" 1', '""smoke grenade"" 1', '""ammo ptr"" 15', '""boyes"" filled']",0.00095,0.001,0.001,0.0,0.005,0.005,0.005,0.006,5,0.005,0.0015,0.0015,0.0015,58.435,0.5843499999999998
./resource/gamelogic/set/breed/mp\usa\paramarine_grenadier.set,usa,paramarine_grenadier,0.35,vet_6,elite,0.1,0.1,0.0009,"['""garand"" filled', '""ammo garand_clip"" 80', '""bandage"" 5', '""garand_grenade"" filling ""ammo m1garand_grenade fg"" 1', '""m1garand_grenade fg"" 5 1', '""m1garand_grenade ap"" 1 1', '""m1garand_grenade wp"" 0.2 1', '""sandbag_kit"" 1']",0.00095,0.001,0.001,0.0,0.005,0.005,0.005,0.006,5,0.005,0.0015,0.0015,0.0015,58.435,0.5843499999999998
./resource/gamelogic/set/breed/mp\usa\paramarine_sgt.set,usa,paramarine_sgt,0.35,vet_6,elite,0.1,0.1,0.0009,"['""m50reising"" filled', '""ammo m50reising_mag"" 150', '""bandage"" 5', '""grenade m61"" 2', '""grenade n73at"" 1', '""smoke grenade"" 1.5 0.5', '""m15_smoke grenade"" 0.5 0.5']",0.00095,0.001,0.001,0.0,0.005,0.006,0.005,0.005,5,0.005,0.0015,0.0015,0.0015,58.435,0.5843499999999998
./resource/gamelogic/set/breed/mp\usa\pathfinder.set,usa,pathfinder,0.25,vet_5,1,0.1,0.1,0.0009,"['""m1a1_carbine"" filled', '""ammo m1carbine_mag"" 90', '""bandage"" 5', '""grenade m61"" 2', '""grenade n73at"" 1']",0.00085,0.001,0.0009,0.0,0.004,0.004,0.004,0.005,4,0.004,0.00125,0.00125,0.00125,47.84,0.47839999999999994
./resource/gamelogic/set/breed/mp\usa\pathfinder2.set,usa,pathfinder2,0.25,vet_5,1,0.1,0.1,0.0009,"['""garand"" filled', '""ammo garand_clip"" 80', '""bandage"" 5', '""grenade m61"" 2', '""grenade n73at"" 1']",0.00085,0.001,0.0009,0.0,0.004,0.004,0.004,0.005,4,0.004,0.00125,0.00125,0.00125,47.84,0.47839999999999994
./resource/gamelogic/set/breed/mp\usa\pathfinder_sl.set,usa,pathfinder_sl,0.3,vet_6,1,0.1,0.1,0.0009,"['""thompson"" filled', '""ammo thompson_m1a1_mag"" 150', '""bandage"" 5', '""grenade m61"" 2', '""smoke grenade"" 2']",0.00085,0.001,0.0009,0.0,0.004,0.006,0.004,0.004,4,0.004,0.0015,0.0015,0.0015,53.015,0.5301499999999999
./resource/gamelogic/set/breed/mp\usa\radioman.set,usa,radioman,0.15,radioman,,0.1,0.1,0.0009,"['""m3a"" filled', '""flaergun"" filled', '""ammo m3a_mag"" 192', '""ammo flaer"" 20', '""bandage"" 3']",0.00075,0.001,0.0008,0.0,0.003,0.003,0.002,0.002,1,0.003,0.005,0.02,0.001,39.245000000000005,0.39245
./resource/gamelogic/set/breed/mp\usa\radioman_105.set,usa,radioman_105,0.15,,,0.1,0.1,0.0009,"['""m3a"" filled', '""artillery_105_flaregun"" filled', '""ammo m3a_mag"" 192', '""ammo artillery_105_flare"" 5', '""bandage"" 3']",0.00075,0.001,0.0008,0.0,0.006,0.003,0.002,0.002,1,0.003,0.0,0.0,0.0,36.94500000000001,0.36945
./resource/gamelogic/set/breed/mp\usa\radioman_155.set,usa,radioman_155,0.15,,,0.1,0.1,0.0009,"['""m3a"" filled', '""artillery_155_flaregun"" filled', '""ammo m3a_mag"" 192', '""ammo artillery_155_flare"" 5', '""bandage"" 3']",0.00075,0.001,0.0008,0.0,0.003,0.003,0.002,0.002,1,0.003,0.0,0.0,0.0,36.645,0.36645
./resource/gamelogic/set/breed/mp\usa\radioman_240.set,usa,radioman_240,0.15,radioman,,0.1,0.1,0.0009,"['""m3a"" filled', '""artillery_240_flaregun"" filled', '""ammo m3a_mag"" 128', '""ammo artillery_240_flare"" 5', '""bandage"" 3']",0.00075,0.001,0.0008,0.0,0.006,0.003,0.002,0.002,1,0.003,0.005,0.02,0.001,39.54500000000001,0.39545
./resource/gamelogic/set/breed/mp\usa\radioman_mortar.set,usa,radioman_mortar,0.15,radioman,1,0.1,0.1,0.0009,"['""m3a"" filled', '""mortar_flaergun"" filled', '""ammo m3a_mag"" 192', '""ammo mortar_flaer"" 5', '""bandage"" 3']",0.00075,0.001,0.0008,0.0,0.003,0.003,0.002,0.002,1,0.003,0.005,0.02,0.001,39.245000000000005,0.39245
./resource/gamelogic/set/breed/mp\usa\raider.set,usa,raider,0.25,vet_7,,0.1,0.1,0.0009,"['""bandage"" 5', '""grenade m61"" 2', '""smoke grenade"" 1.5 0.5', '""m15_smoke grenade"" 0.5 0.5', '""garand"" filling ""garand_clip ammo"" 8', '""garand_clip ammo"" 88', '""dynamite""']",0.00085,0.001,0.0009,0.004,0.004,0.004,0.004,0.005,4,0.004,0.0017499999999999998,0.0017499999999999998,0.0017499999999999998,48.38999999999999,0.48389999999999994
./resource/gamelogic/set/breed/mp\usa\raiderasst.set,usa,raiderasst,0.25,vet_7,,0.1,0.1,0.0009,"['""bandage"" 5', '""grenade m61"" 2', '""smoke grenade"" 1.5 0.5', '""m15_smoke grenade"" 0.5 0.5', '""garand"" filling ""garand_clip ammo"" 8', '""garand_clip ammo"" 88', '""bar_mag ammo"" 180']",0.00085,0.001,0.0009,0.004,0.004,0.004,0.004,0.005,4,0.004,0.0017499999999999998,0.0017499999999999998,0.0017499999999999998,48.38999999999999,0.48389999999999994
./resource/gamelogic/set/breed/mp\usa\raiderbar.set,usa,raiderbar,0.25,vet_7,,0.1,0.1,0.0009,"['""bandage"" 5', '""grenade m61"" 2', '""smoke grenade"" 1.5 0.5', '""m15_smoke grenade"" 0.5 0.5', '""bar_rifle"" filling ""bar_mag ammo"" 20', '""bar_mag ammo"" 240']",0.00085,0.001,0.0009,0.004,0.004,0.004,0.001,0.005,4,0.004,0.0017499999999999998,0.0017499999999999998,0.0017499999999999998,48.089999999999996,0.48089999999999994
./resource/gamelogic/set/breed/mp\usa\raiderchad.set,usa,raiderchad,0.25,vet_7,,0.1,0.1,0.0009,"['""bandage"" 5', '""grenade m61"" 2', '""smoke grenade"" 1.5 0.5', '""m15_smoke grenade"" 0.5 0.5', '""thompson_50"" filling ""thompson_drum"" 50', '""thompson_drum"" 150', '""dynamite""']",0.00085,0.001,0.0009,0.004,0.004,0.006,0.004,0.005,4,0.004,0.0017499999999999998,0.0017499999999999998,0.0017499999999999998,48.589999999999996,0.48589999999999994
./resource/gamelogic/set/breed/mp\usa\raiderdemo.set,usa,raiderdemo,0.25,vet_7,,0.1,0.1,0.0009,"['""bandage"" 5', '""grenade m61"" 2', '""smoke grenade"" 1.5 0.5', '""m15_smoke grenade"" 0.5 0.5', '""satchel grenade"" 0', '""dynamite"" 3', '""m3a"" filling ""m3a_mag ammo"" 32', '""m3a_mag ammo"" 180']",0.00085,0.001,0.0009,0.004,0.004,0.005,0.004,0.005,4,0.004,0.0017499999999999998,0.0017499999999999998,0.0017499999999999998,48.489999999999995,0.48489999999999994
./resource/gamelogic/set/breed/mp\usa\raidergren.set,usa,raidergren,0.2,vet_7,,0.1,0.1,0.0009,"['""garand"" filled', '""ammo garand_clip"" 80', '""bandage"" 5', '""garand_grenade"" filling ""ammo m1garand_grenade fg"" 1', '""m1garand_grenade fg"" 5 1', '""m1garand_grenade ap"" 1 1', '""m1garand_grenade wp"" 0.2 1', '""sandbag_kit""']",0.00085,0.001,0.0009,0.0,0.003,0.003,0.003,0.005,3,0.003,0.0017499999999999998,0.0017499999999999998,0.0017499999999999998,42.58999999999999,0.4259
./resource/gamelogic/set/breed/mp\usa\raiderleader.set,usa,raiderleader,0.25,vet_7,,0.1,0.1,0.0009,"['""bandage"" 5', '""grenade m61"" 2', '""smoke grenade"" 1.5 0.5', '""m15_smoke grenade"" 0.5 0.5', '""thompson_50"" filling ""thompson_drum"" 50', '""thompson_drum"" 150', '""dynamite""']",0.00085,0.001,0.0009,0.004,0.004,0.006,0.004,0.005,4,0.004,0.0017499999999999998,0.0017499999999999998,0.0017499999999999998,48.589999999999996,0.48589999999999994
./resource/gamelogic/set/breed/mp\usa\recon_mgun.set,usa,recon_mgun,0.15,vet_3,1,0.1,0.1,0.0009,"['""bar_rifle"" filled', '""ammo bar_mag"" 240', '""bandage"" 3', '""grenade m61"" 1']",0.00075,0.001,0.0008,0.0,0.002,0.002,0.002,0.003,1,0.003,0.00075,0.00075,0.00075,36.77000000000002,0.3676999999999999
./resource/gamelogic/set/breed/mp\usa\recon_rifle.set,usa,recon_rifle,0.15,vet_3,1,0.1,0.1,0.0009,"['""garand"" filled', '""ammo garand_clip"" 80', '""bandage"" 3', '""grenade m61"" 1']",0.00075,0.001,0.0008,0.0,0.002,0.002,0.002,0.003,1,0.003,0.00075,0.00075,0.00075,36.77000000000002,0.3676999999999999
./resource/gamelogic/set/breed/mp\usa\recon_squadleader.set,usa,recon_squadleader,0.2,vet_4,1,0.1,0.1,0.0009,"['""thompson"" filled', '""ammo thompson_m1a1_mag"" 150', '""bandage"" 3', '""grenade m61"" 2', '""grenade n73at"" 1', '""smoke grenade"" 1.5 0.5', '""m15_smoke grenade"" 0.5 0.5']",0.00085,0.001,0.0009,0.0,0.003,0.004,0.003,0.003,2,0.004,0.001,0.001,0.001,42.365,0.4236500000000001
./resource/gamelogic/set/breed/mp\usa\rifle.set,usa,rifle,0.15,vet_3,1,0.1,0.1,0.0009,"['""garand"" filled', '""ammo garand_clip"" 80', '""bandage"" 3', '""grenade m61"" 2', '""m15_smoke grenade"" 0.25 0.5', '""sandbag_kit"" 1']",0.00075,0.001,0.0008,0.0,0.002,0.002,0.002,0.003,1,0.003,0.00075,0.00075,0.00075,36.77000000000002,0.3676999999999999
./resource/gamelogic/set/breed/mp\usa\rifle2.set,usa,rifle2,0.15,vet_2,1,0.1,0.1,0.0009,"['""garand"" filled', '""ammo garand_clip"" 80', '""bandage"" 3', '""grenade m61"" 2', '""m15_smoke grenade"" 0.25 0.5', '""sandbag_kit"" 1']",0.00075,0.001,0.0008,0.0,0.002,0.002,0.002,0.003,1,0.003,0.0005,0.0005,0.0005,36.695,0.36695
./resource/gamelogic/set/breed/mp\usa\rifle3.set,usa,rifle3,0.15,vet_2,1,0.1,0.1,0.0009,"['""m1_carbine"" filled', '""ammo m1carbine_mag"" 90', '""bandage"" 3', '""grenade m61"" 2', '""m15_smoke grenade"" 0.25 0.5', '""sandbag_kit"" 1']",0.00075,0.001,0.0008,0.0,0.002,0.002,0.002,0.003,1,0.003,0.0005,0.0005,0.0005,36.695,0.36695
./resource/gamelogic/set/breed/mp\usa\rifle_at.set,usa,rifle_at,0.15,vet_3,1,0.1,0.1,0.0009,"['""garand"" filled', '""ammo garand_clip"" 80', '""bandage"" 3', '""weapon bazooka"" 0.25 1 filled', '""ammo bazooka"" 7', '""ammo bazooka wp"" 1 1']",0.00075,0.001,0.0008,0.0,0.002,0.002,0.002,0.003,4,0.003,0.00075,0.00075,0.00075,36.77000000000002,0.3676999999999999
./resource/gamelogic/set/breed/mp\usa\rifle_grenadier.set,usa,rifle_grenadier,0.15,vet_3,1,0.1,0.1,0.0009,"['""garand"" filled', '""ammo garand_clip"" 80', '""bandage"" 3', '""sandbag_kit"" 1', '""garand_grenade"" filling ""ammo m1garand_grenade fg"" 1', '""m1garand_grenade fg"" 5 1', '""m1garand_grenade ap"" 1 1', '""m1garand_grenade wp"" 0.2 1']",0.00075,0.001,0.0008,0.0,0.002,0.002,0.002,0.003,1,0.003,0.00075,0.00075,0.00075,36.77000000000002,0.3676999999999999
./resource/gamelogic/set/breed/mp\usa\saper.set,usa,saper,0.15,saper,1,0.1,0.1,0.0009,"['""m3a"" filled', '""ammo m3a_mag"" 192', '""mine_detector""', '""dynamite"" 2', '""trench_spade""']",0.00085,0.001,0.0009,0.0,0.002,0.003,0.002,0.002,1,0.003,0.001,0.001,0.001,36.865000000000016,0.36865000000000003
./resource/gamelogic/set/breed/mp\usa\saper2.set,usa,saper2,0.15,saper,1,0.1,0.1,0.0009,"['""m3a"" filled', '""ammo m3a_mag"" 192', '""grenade satchel"" 5', '""hedgehog_kit"" 2', '""barbwire_kit"" 1', '""repair_kit"" 1']",0.00085,0.001,0.0009,0.0,0.002,0.003,0.002,0.002,1,0.003,0.001,0.001,0.001,36.865000000000016,0.36865000000000003
./resource/gamelogic/set/breed/mp\usa\scout.set,usa,scout,0.35,scout,1,0.1,0.3,0.0009,"['""hdm"" filled', '""ammo hdm_mag"" 50', '""bandage"" 5', '""grenade m61"" 4', '""smoke grenade"" 2', '""smoke_paradrop_ammo_heavy grenade"" 1', '""grenade n73at"" 4', '""grenade molotov_coctail"" 2', '""dynamite"" 2', '""knife_union"" 1', '""matchbox"" 1']",0.00095,0.001,0.001,0.0,0.005,0.005,0.005,0.005,5,0.005,0.003,0.008,0.002,79.18499999999999,0.79185
./resource/gamelogic/set/breed/mp\usa\scout2.set,usa,scout2,0.35,scout,1,0.1,0.3,0.0009,"['""hdm"" filled', '""weapon bazooka"" filled', '""ammo hdm_mag"" 50', '""ammo bazooka"" 5', '""bandage"" 5', '""grenade m61"" 4', '""smoke grenade"" 3', '""grenade molotov_coctail"" 2', '""knife_union"" 1', '""matchbox"" 1']",0.00095,0.001,0.001,0.0,0.005,0.005,0.005,0.005,5,0.005,0.003,0.008,0.002,79.18499999999999,0.79185
./resource/gamelogic/set/breed/mp\usa\shotgun.set,usa,shotgun,0.15,shotgun,1,0.1,0.1,0.0009,"['""m12_shotgun"" filled', '""ammo shotgun"" 90', '""bandage"" 3', '""grenade m61"" 2', '""grenade n73at"" 1', '""smoke grenade"" 1']",0.00075,0.001,0.0008,0.0,0.002,0.002,0.002,0.003,1,0.003,0.0015,0.0015,0.001,36.94500000000001,0.36945
./resource/gamelogic/set/breed/mp\usa\smg.set,usa,smg,0.15,vet_3,1,0.1,0.1,0.0009,"['""thompson"" filled', '""ammo thompson_m1a1_mag"" 150', '""bandage"" 3', '""grenade m61"" 2', '""grenade n73at"" 1', '""smoke grenade"" 1']",0.00075,0.001,0.0008,0.0,0.002,0.003,0.002,0.002,1,0.003,0.00075,0.00075,0.00075,36.77000000000002,0.3676999999999999
./resource/gamelogic/set/breed/mp\usa\smg2.set,usa,smg2,0.15,vet_2,1,0.1,0.1,0.0009,"['""thompson"" filled', '""ammo thompson_m1a1_mag"" 150', '""bandage"" 3', '""grenade m61"" 2', '""grenade n73at"" 1']",0.00075,0.001,0.0008,0.0,0.002,0.003,0.002,0.002,1,0.003,0.0005,0.0005,0.0005,36.695,0.36695
./resource/gamelogic/set/breed/mp\usa\sniper.set,usa,sniper,0.35,sniper,1,0.1,0.1,0.001,"['""m1903a4"" filled', '""ammo springfield_clip"" 100', '""bandage"" 3', '""grenade m61"" 2']",0.00075,0.001,0.0008,0.0,0.003,0.003,0.003,0.004,2,0.004,0.005,0.008,0.002,58.55499999999999,0.58555
./resource/gamelogic/set/breed/mp\usa\squadleader.set,usa,squadleader,0.2,vet_4,1,0.1,0.1,0.0009,"['""thompson"" filled', '""ammo thompson_m1a1_mag"" 150', '""bandage"" 3', '""grenade m61"" 2', '""grenade n73at"" 1', '""smoke grenade"" 1.5 0.5', '""m15_smoke grenade"" 0.5 0.5']",0.00085,0.001,0.0009,0.0,0.003,0.004,0.003,0.003,2,0.004,0.001,0.001,0.001,42.365,0.4236500000000001
./resource/gamelogic/set/breed/mp\usa\squadleader2.set,usa,squadleader2,0.2,vet_3,1,0.1,0.1,0.0009,"['""thompson"" filled', '""ammo thompson_m1a1_mag"" 150', '""bandage"" 3', '""grenade m61"" 2', '""grenade n73at"" 1', '""smoke grenade"" 1.5 0.5', '""m15_smoke grenade"" 0.5 0.5']",0.00085,0.001,0.0009,0.0,0.003,0.004,0.003,0.003,2,0.004,0.00075,0.00075,0.00075,42.290000000000006,0.4229
./resource/gamelogic/set/breed/mp\usa\sturmovik.set,usa,sturmovik,0.35,vet_5,elite,0.1,0.1,0.0009,"['""m1_carbine"" filled', '""ammo m1carbine_mag"" 90', '""bandage"" 5', '""grenade m61"" 2', '""grenade n73at"" 1', '""smoke grenade"" 1.5 0.5', '""m15_smoke grenade"" 0.5 0.5']",0.00095,0.001,0.001,0.0,0.005,0.005,0.005,0.006,5,0.005,0.00125,0.00125,0.00125,58.36000000000001,0.5835999999999999
./resource/gamelogic/set/breed/mp\usa\sturmovik1.set,usa,sturmovik1,0.35,vet_6,elite,0.1,0.1,0.0009,"['""m2_carbine"" filled', '""ammo m2carbine_mag"" 180', '""bandage"" 5', '""grenade m61"" 2', '""grenade n73at"" 1', '""smoke grenade"" 1.5 0.5', '""m15_smoke grenade"" 0.5 0.5']",0.00095,0.001,0.001,0.0,0.005,0.005,0.005,0.006,5,0.005,0.0015,0.0015,0.0015,58.435,0.5843499999999998
./resource/gamelogic/set/breed/mp\usa\sturmovik2.set,usa,sturmovik2,0.35,vet_5,elite,0.1,0.1,0.0009,"['""bar_rifle"" filled', '""ammo bar_mag"" 240', '""bandage"" 5', '""grenade m61"" 2', '""grenade n73at"" 1', '""dynamite"" 1']",0.00095,0.001,0.001,0.0,0.005,0.005,0.006,0.006,5,0.005,0.00125,0.00125,0.00125,58.46000000000001,0.5845999999999999
./resource/gamelogic/set/breed/mp\usa\sturmovik2_asst.set,usa,sturmovik2_asst,0.35,vet_6,elite,0.1,0.1,0.0009,"['""garand"" filled', '""ammo garand_clip"" 80', '""ammo bar_mag"" 240', '""bandage"" 5', '""grenade m61"" 2', '""grenade n73at"" 1', '""dynamite"" 1']",0.00095,0.001,0.001,0.0,0.005,0.005,0.006,0.006,5,0.005,0.0015,0.0015,0.0015,58.535000000000004,0.5853499999999998
./resource/gamelogic/set/breed/mp\usa\sturmovik3.set,usa,sturmovik3,0.35,vet_5,,0.1,0.1,0.0009,"['""m1903"" filled', '""ammo springfield_clip"" 100', '""bandage"" 5', '""weapon m18recoilless"" filled', '""ammo m18recoilless"" 8', '""ammo m18recoilless fg"" 3', '""ammo m18recoilless wp"" 1 1']",0.00095,0.001,0.001,0.0,0.005,0.005,0.005,0.006,6,0.005,0.00125,0.00125,0.00125,58.36000000000001,0.5835999999999999
./resource/gamelogic/set/breed/mp\usa\sturmovik4.set,usa,sturmovik4,0.35,vet_5,elite,0.1,0.1,0.0009,"['""garand"" filled', '""ammo garand_clip"" 80', '""bandage"" 5', '""grenade m61"" 2', '""grenade n73at"" 1', '""smoke grenade"" 1.5 0.5', '""m15_smoke grenade"" 0.5 0.5']",0.00095,0.001,0.001,0.0,0.005,0.005,0.005,0.006,5,0.005,0.00125,0.00125,0.00125,58.36000000000001,0.5835999999999999
./resource/gamelogic/set/breed/mp\usa\sturmovik4b.set,usa,sturmovik4b,0.35,vet_5,elite,0.1,0.1,0.0009,"['""m1903"" filled', '""ammo springfield_clip"" 100', '""bandage"" 5', '""grenade m61"" 2', '""grenade n73at"" 1', '""dynamite"" 1']",0.00095,0.001,0.001,0.0,0.005,0.005,0.005,0.006,5,0.005,0.00125,0.00125,0.00125,58.36000000000001,0.5835999999999999
./resource/gamelogic/set/breed/mp\usa\sturmovik5.set,usa,sturmovik5,0.35,vet_5,elite,0.1,0.1,0.0009,"['""weapon bazooka_m9"" filled', '""m1_carbine"" filled', '""ammo m1carbine_mag"" 90', '""bandage"" 5', '""grenade n73at"" 1', '""ammo bazooka"" 7', '""ammo bazooka wp"" 1 1']",0.00095,0.001,0.001,0.0,0.005,0.005,0.005,0.006,6,0.005,0.00125,0.00125,0.00125,58.36000000000001,0.5835999999999999
./resource/gamelogic/set/breed/mp\usa\sturmovik5b.set,usa,sturmovik5b,0.35,vet_5,elite,0.1,0.1,0.0009,"['""m1_carbine"" filled', '""ammo m1carbine_mag"" 90', '""bandage"" 5', '""grenade m61"" 2', '""grenade n73at"" 1', '""smoke grenade"" 1', '""ammo bazooka"" 3', '""ammo bazooka wp"" 1 1']",0.00095,0.001,0.001,0.0,0.005,0.005,0.005,0.006,5,0.005,0.00125,0.00125,0.00125,58.36000000000001,0.5835999999999999
./resource/gamelogic/set/breed/mp\usa\sturmovik6.set,usa,sturmovik6,0.35,vet_5,elite,0.1,0.1,0.0009,"['""bar_rifle"" filled', '""ammo bar_mag"" 240', '""bandage"" 5', '""grenade m61"" 2', '""smoke grenade"" 1', '""dynamite"" 1', '""sandbag_kit"" 1']",0.00095,0.001,0.001,0.0,0.005,0.005,0.006,0.006,5,0.005,0.00125,0.00125,0.00125,58.46000000000001,0.5845999999999999
./resource/gamelogic/set/breed/mp\usa\sturmovik6b.set,usa,sturmovik6b,0.35,vet_5,elite,0.1,0.1,0.0009,"['""garand"" filled', '""ammo garand_clip"" 80', '""ammo springfield_belt"" 250', '""bandage"" 5', '""grenade m61"" 2', '""grenade n73at"" 1', '""smoke grenade"" 2']",0.00095,0.001,0.001,0.0,0.005,0.005,0.005,0.006,5,0.005,0.00125,0.00125,0.00125,58.36000000000001,0.5835999999999999
./resource/gamelogic/set/breed/mp\usa\sturmovik6_mg.set,usa,sturmovik6_mg,0.35,vet_6,elite,0.1,0.1,0.0009,"['""browning_m19a6"" filled', '""ammo springfield_belt"" 250', '""bandage"" 5', '""grenade m61"" 2', '""smoke grenade"" 2', '""dynamite"" 1', '""sandbag_kit"" 1']",0.00095,0.001,0.001,0.0,0.005,0.005,0.006,0.006,5,0.005,0.0015,0.0015,0.0015,58.535000000000004,0.5853499999999998
./resource/gamelogic/set/breed/mp\usa\sturmovikm3.set,usa,sturmovikm3,0.35,vet_6,elite,0.1,0.1,0.001,"['""m3_carbine"" filled', '""ammo m2carbine_mag"" 240', '""bandage"" 5', '""grenade m61"" 1', '""smoke grenade"" 2']",0.00095,0.001,0.001,0.0,0.005,0.005,0.005,0.006,5,0.005,0.0015,0.0015,0.0015,58.445,0.5844499999999998
./resource/gamelogic/set/breed/mp\usa\sturmovikm3_leader.set,usa,sturmovikm3_leader,0.35,vet_6,elite,0.1,0.1,0.001,"['""m3_carbine"" filled', '""ammo m2carbine_mag"" 240', '""bandage"" 5', '""grenade m61"" 1', '""smoke grenade"" 2']",0.00095,0.001,0.001,0.0,0.005,0.005,0.005,0.006999999999999999,5,0.005,0.0015,0.0015,0.0015,58.545,0.5854499999999998
./resource/gamelogic/set/breed/mp\usa\sturmovik_grenadier.set,usa,sturmovik_grenadier,0.35,vet_6,elite,0.1,0.1,0.0009,"['""garand"" filled', '""ammo garand_clip"" 80', '""bandage"" 5', '""garand_grenade"" filling ""ammo m1garand_grenade fg"" 1', '""m1garand_grenade fg"" 5 1', '""m1garand_grenade ap"" 1 1', '""m1garand_grenade wp"" 0.2 1']",0.00095,0.001,0.001,0.0,0.005,0.005,0.005,0.006,5,0.005,0.0015,0.0015,0.0015,58.435,0.5843499999999998
./resource/gamelogic/set/breed/mp\usa\sturmovik_sgt.set,usa,sturmovik_sgt,0.4,vet_6,elite,0.1,0.1,0.0009,"['""m1_carbine"" filled', '""ammo m1carbine_mag"" 90', '""bandage"" 5', '""grenade m61"" 2', '""grenade n73at"" 1', '""smoke grenade"" 1.5 0.5', '""m15_smoke grenade"" 0.5 0.5']",0.00095,0.001,0.001,0.0,0.005,0.005,0.005,0.006,5,0.005,0.0015,0.0015,0.0015,63.435,0.6343499999999999
./resource/gamelogic/set/breed/mp\usa\sturmovik_sniper.set,usa,sturmovik_sniper,0.35,vet_6,,0.1,0.1,0.0009,"['""ammo springfield_clip"" 100', '""bandage"" 5', '""grenade m61"" 2', '""dynamite""', '""m1903a4"" filling ""springfield_clip ammo"" 5']",0.00095,0.001,0.001,0.0,0.005,0.005,0.005,0.006,5,0.005,0.0015,0.0015,0.0015,58.435,0.5843499999999998
./resource/gamelogic/set/breed/mp\usa\t.set,usa,t,0.1,tankman,,0.1,0.1,0.0008,"['""colt"" filled', '""ammo colt_mag"" 21', '""bandage"" 3']",0.001,0.001,0.0009,0.002,0.003,0.003,0.002,0.002,2,0.003,0.00025,0.0012,0.00025,32.04,0.3204
./resource/gamelogic/set/breed/mp\usa\t2.set,usa,t2,0.15,tankman2,,0.1,0.1,0.0008,"['""m3a"" filled', '""ammo m3a_mag"" 96', '""bandage"" 3']",0.0011,0.001,0.00095,0.004,0.003,0.003,0.003,0.002,2,0.003,0.0005,0.0022,0.0005,37.50499999999998,0.37505
./resource/gamelogic/set/breed/mp\usa\tankman.set,usa,tankman,0.1,tankman,,0.1,0.1,0.0008,"['""colt"" filled', '""ammo colt_mag"" 21', '""bandage"" 3']",0.001,0.001,0.0009,0.002,0.003,0.003,0.002,0.002,2,0.003,0.00025,0.0012,0.00025,32.04,0.3204
./resource/gamelogic/set/breed/mp\usa\tankman2.set,usa,tankman2,0.15,tankman2,,0.1,0.1,0.0008,"['""m3a"" filled', '""ammo m3a_mag"" 96', '""bandage"" 3']",0.0011,0.001,0.00095,0.004,0.003,0.003,0.003,0.002,2,0.003,0.0005,0.0022,0.0005,37.50499999999998,0.37505
./resource/gamelogic/set/breed/mp\usa\vehicle_supporter.set,usa,vehicle_supporter,0.15,vehicle_supporter,tankcrew,0.1,0.1,0.0009,"['""m1_carbine"" filled', '""ammo m1carbine_mag"" 90', '""bandage"" 3', '""grenade m61"" 1']",0.00085,0.001,0.001,0.004,0.002,0.002,0.003,0.002,2,0.003,0.0005,0.002,0.00025,37.25000000000001,0.3725
./resource/gamelogic/set/breed/mp\usa\vet_tankman.set,usa,vet_tankman,0.1,tankman,,0.1,0.1,0.0008,"['""colt"" filled', '""ammo colt_mag"" 21', '""bandage"" 3']",0.0012,0.0012,0.0011,0.005,0.003,0.003,0.003,0.002,2,0.003,0.00025,0.0012,0.00025,32.49999999999999,0.32499999999999996
./resource/gamelogic/set/breed/mp\usa\vet_tankman2.set,usa,vet_tankman2,0.15,tankman2,,0.1,0.1,0.0008,"['""m3a"" filled', '""ammo m3a_mag"" 96', '""bandage"" 3']",0.0013,0.0012,0.00115,0.006999999999999999,0.003,0.003,0.005,0.002,2,0.003,0.0005,0.0022,0.0005,38.06499999999999,0.38065
