filePath,country,breedName,health,finalSkill,veterancy,healthRegen,staminaRegen,speed,inventory,tankSkill,vehicleSkill,cannonSkill,tankGunSkill,pistolSkill,smgSkill,mgunSkill,rifleSkill,rocketLskill,melee,commandPower,score,captureWeight
./resource/gamelogic/set/breed/mp\eng\ap_miner.set,eng,ap_miner,150,ap_miner,n/a,100,100,0.9,"['""sten_mk2"" filled', '""ammo sten_mag"" 128', '""mine antipersonnel"" 34', '""barbwire_kit""', '""bandage"" 5']",0.8,1,1,n/a,2,3,2,2,1,2,1.0,1.00,1.0
./resource/gamelogic/set/breed/mp\eng\at_miner.set,eng,at_miner,150,at_miner,n/a,100,100,0.9,"['""sten_mk2"" filled', '""ammo sten_mag"" 128', '""mine antitank"" 9', '""hedgehog_kit""', '""bandage"" 5']",0.8,1,1,n/a,2,3,2,2,1,3,1.0,1.00,1.0
./resource/gamelogic/set/breed/mp\eng\at_rifle.set,eng,at_rifle,150,at_rifle,n/a,100,100,0.9,"['""boyes"" filled', '""bandage"" 5', '""grenade n73at""', '""ammo ptr"" 50']",0.8,1,1,n/a,2,3,2,4,2,3,1.0,1.50,1.0
./resource/gamelogic/set/breed/mp\eng\at_rifle2.set,eng,at_rifle2,150,at_rifle,1,100,100,0.9,"['""sten_mk2"" filled', '""ammo sten_mag"" 128', '""bandage"" 3', '""grenade mk1"" 2', '""grenade n73at"" 1', '""smoke grenade"" 1', '""ammo ptr"" 10']",0.8,1.0,1.0,n/a,2,2,2,3,1,3,1.0,1.50,1.0
./resource/gamelogic/set/breed/mp\eng\bazooker.set,eng,bazooker,150,bazooker,1,100,100,0.9,"['""weapon piatrocket"" filled', '""sten_mk2"" filled', '""ammo sten_mag"" 128', '""bandage"" 3', '""grenade n73at"" 1', '""ammo piatrocket"" 7']",0.8,1.0,1.0,n/a,2,3,2,2,4,3,1.0,1.50,1.0
./resource/gamelogic/set/breed/mp\eng\bazooker2.set,eng,bazooker2,150,bazooker,1,100,100,0.9,"['""sten_mk2"" filled', '""ammo sten_mag"" 128', '""bandage"" 3', '""grenade mk1"" 2', '""grenade n73at"" 1', '""smoke grenade"" 1', '""ammo piatrocket"" 3']",0.8,1.0,1.0,n/a,2,3,2,2,4,3,1.0,1.50,1.0
./resource/gamelogic/set/breed/mp\eng\elite.set,eng,elite,350,vet_4,elite,100,100,0.9,"['""sten_v"" filled', '""ammo sten_mag"" 128', '""bandage"" 5', '""grenade mk1"" 2', '""grenade n73at"" 1', '""n77_smoke grenade"" 0 1', '""smoke grenade"" 1', '""mine antitank"" 1']",0.9,1.0,1.0,n/a,6,6,6,6,6,6,1.0,1.00,1.00
./resource/gamelogic/set/breed/mp\eng\elite2.set,eng,elite2,350,vet_4,elite,100,100,0.9,"['""em3_vet"" filled', '""ammo british303_clip"" 50', '""ammo bren_mag"" 56', '""bandage"" 5', '""grenade mk1"" 2', '""grenade n73at"" 1', '""n77_smoke grenade"" 0 1', '""smoke grenade"" 1', '""mine antitank"" 1']",0.9,1.0,1.0,n/a,6,6,6,6,6,6,1.0,1.00,1.00
./resource/gamelogic/set/breed/mp\eng\elite2_40.set,eng,elite2_40,350,vet_4,elite,100,100,0.9,"['""de_lisle"" filled', '""ammo rifle"" 70', '""ammo bren_mag"" 56', '""bandage"" 5', '""grenade mk1"" 2', '""grenade n73at"" 1', '""n77_smoke grenade"" 0 1', '""smoke grenade"" 1', '""mine antitank"" 1']",0.9,1.0,1.0,n/a,6,6,6,6,6,6,1.0,1.00,1.00
./resource/gamelogic/set/breed/mp\eng\elite3.set,eng,elite3,350,vet_4,elite,100,100,0.9,"['""bren"" filled', '""ammo bren_mag"" 224', '""bandage"" 5', '""grenade mk1"" 2', '""grenade n73at"" 1', '""sandbag_kit"" 1']",0.9,1.0,1.0,n/a,6,6,6,6,6,6,1.0,1.00,1.00
./resource/gamelogic/set/breed/mp\eng\elite3_asst.set,eng,elite3_asst,350,vet_5,elite,100,100,0.9,"['""em3_vet"" filled', '""ammo british303_clip"" 50', '""ammo bren_mag"" 168', '""bandage"" 5', '""grenade mk1"" 2', '""grenade n73at"" 1', '""n77_smoke grenade"" 0 1', '""smoke grenade"" 1']",0.9,1.0,1.0,n/a,6,6,6,6,6,6,1.25,1.25,1.25
./resource/gamelogic/set/breed/mp\eng\elite4.set,eng,elite4,250,vet_2,1,100,100,0.9,"['""owen_gun"" filled', '""ammo owen_mag"" 132', '""bandage"" 5', '""grenade mk1"" 2', '""grenade n73at"" 1', '""smoke grenade"" 1', '""mine antitank"" 1']",0.9,1.0,1.0,n/a,3,4,3,3,3,4,0.50,0.50,0.50
./resource/gamelogic/set/breed/mp\eng\elite5.set,eng,elite5,250,vet_2,1,100,100,0.9,"['""em3"" filled', '""ammo british303_clip"" 50', '""ammo bren_mag"" 56', '""bandage"" 5', '""grenade mk1"" 2', '""grenade n73at"" 1', '""smoke grenade"" 1', '""mine antitank"" 1', '""sandbag_kit"" 1']",0.9,1.0,1.0,n/a,3,3,3,4,3,4,0.50,0.50,0.50
./resource/gamelogic/set/breed/mp\eng\elite6.set,eng,elite6,250,vet_2,1,100,100,0.9,"['""bren"" filled', '""ammo bren_mag"" 224', '""bandage"" 5', '""grenade mk1"" 2', '""sandbag_kit"" 1']",0.9,1.0,1.0,n/a,3,3,4,3,3,4,0.50,0.50,0.50
./resource/gamelogic/set/breed/mp\eng\elite_2ic.set,eng,elite_2ic,350,vet_7,elite,100,100,0.9,"['""sten_v"" filled', '""ammo sten_mag"" 128', '""bandage"" 5', '""grenade mk1"" 2', '""grenade n73at"" 1', '""smoke grenade"" 1', '""n77_smoke grenade"" 1']",0.9,1.0,1.0,n/a,7,7,7,7,7,7,1.75,1.75,1.75
./resource/gamelogic/set/breed/mp\eng\elite_40.set,eng,elite_40,350,vet_4,elite,100,100,0.9,"['""sten_v_silencer"" filled', '""ammo sten_mag"" 128', '""bandage"" 5', '""grenade mk1"" 2', '""grenade n73at"" 1', '""n77_smoke grenade"" 0 1', '""smoke grenade"" 1', '""mine antitank"" 1']",0.9,1.0,1.0,n/a,6,6,6,6,6,6,1.0,1.00,1.00
./resource/gamelogic/set/breed/mp\eng\elite_at.set,eng,elite_at,350,vet_4,elite,100,100,0.9,"['""weapon piatrocket"" filled', '""sten"" filled', '""ammo sten_mag"" 128', '""bandage"" 3', '""grenade n73at"" 1', '""ammo piatrocket"" 7']",0.9,1.0,1.0,n/a,6,6,6,6,6,6,1.0,1.00,1.00
./resource/gamelogic/set/breed/mp\eng\elite_cpl.set,eng,elite_cpl,350,vet_7,elite,100,100,0.9,"['""sten_v"" filled', '""ammo sten_mag"" 128', '""bandage"" 5', '""grenade mk1"" 2', '""grenade n73at"" 1', '""smoke grenade"" 1', '""n77_smoke grenade"" 1', '""mine antitank"" 1']",0.9,1.0,1.0,n/a,7,7,7,7,7,7,1.75,1.75,1.75
./resource/gamelogic/set/breed/mp\eng\elite_tankman.set,eng,elite_tankman,100,tankman,n/a,100,100,0.8,"['""webley"" filled', '""ammo webley_clip"" 36', '""bandage"" 3']",1.15,1.15,1,8,4,4,5,2,1,3,0.25,1.2,0.25
./resource/gamelogic/set/breed/mp\eng\elite_tankman2.set,eng,elite_tankman2,150,tankman2,n/a,100,100,0.8,"['""sten_mk2"" filled', '""ammo sten_mag"" 128', '""bandage"" 3']",1.2,1.2,1,10,4,4,7,2,1,3,0.5,2.20,0.5
./resource/gamelogic/set/breed/mp\eng\flamer.set,eng,flamer,150,flamer,n/a,100,100,0.9,"['""flame_thrower""', '""balloon"" filled', '""bandage"" 3']",0.8,1,1,n/a,2,3,2,2,1,3,1.0,1.00,1.0
./resource/gamelogic/set/breed/mp\eng\flamer2.set,eng,flamer2,150,flamer,1,100,100,0.9,"['""sten_mk2"" filled', '""ammo sten_mag"" 128', '""bandage"" 3', '""grenade mk1"" 2', '""grenade n73at"" 1', '""smoke grenade"" 1']",0.8,1.0,1.0,n/a,2,3,2,2,1,3,1.0,1.00,1.0
./resource/gamelogic/set/breed/mp\eng\home_guard.set,eng,home_guard,100,vet_1,1,100,100,0.8,"['""em3"" filled', '""ammo british303_clip"" 50', '""bandage"" 3', '""grenade mk1"" 1']",0.6,0.8,0.8,n/a,1,1,1,1,1,2,0.25,0.25,0.25
./resource/gamelogic/set/breed/mp\eng\home_guard2.set,eng,home_guard2,100,vet_1,1,100,100,0.8,"['""sten"" filled', '""ammo sten_mag"" 128', '""bandage"" 3', '""grenade mk1"" 2']",0.6,0.8,0.8,n/a,1,1,1,1,1,2,0.25,0.25,0.25
./resource/gamelogic/set/breed/mp\eng\light_mortar.set,eng,light_mortar,150,vet_3,1,100,100,0.9,"['""mortar_mkvii"" filled', '""ammo mortar50 eng fg"" 6', '""ammo mortar50 eng sm"" 8', '""ammo mortar50 eng wp"" 2', '""bandage"" 3']",0.8,1.0,1.0,n/a,2,2,2,5,1,4,0.75,0.75,0.75
./resource/gamelogic/set/breed/mp\eng\light_mortar2.set,eng,light_mortar2,150,vet_4,1,100,100,0.9,"['""em3"" filled', '""ammo british303_clip"" 50', '""ammo mortar50 eng fg"" 3', '""ammo mortar50 eng sm"" 5', '""ammo mortar50 eng wp"" 2', '""bandage"" 3', '""grenade mk1"" 1', '""sandbag_kit"" 1']",0.8,1.0,1.0,n/a,2,2,2,5,1,4,1.0,1.00,1.00
./resource/gamelogic/set/breed/mp\eng\medic.set,eng,medic,150,n/a,1,100,100,0.9,"['""em3"" filled', '""ammo british303_clip"" 50', '""bandage"" 25', '""morphine"" 1']",0.8,1.0,1.0,n/a,2,2,2,3,1,3,n/a,n/a,n/a
./resource/gamelogic/set/breed/mp\eng\mgun.set,eng,mgun,150,vet_3,1,100,100,0.9,"['""bren"" filled', '""ammo bren_mag"" 224', '""bandage"" 3', '""sandbag_kit"" 1']",0.8,1.0,1.0,n/a,2,2,4,2,1,4,0.75,0.75,0.75
./resource/gamelogic/set/breed/mp\eng\mgun2.set,eng,mgun2,150,vet_3,1,100,100,0.9,"['""bren"" filled', '""ammo bren_mag"" 224', '""bandage"" 3', '""sandbag_kit"" 1']",0.8,1.0,1.0,n/a,2,2,3,2,1,3,0.75,0.75,0.75
./resource/gamelogic/set/breed/mp\eng\mgun2_asst.set,eng,mgun2_asst,150,vet_3,1,100,100,0.9,"['""em3"" filled', '""ammo british303_clip"" 50', '""ammo bren_mag"" 168', '""bandage"" 3', '""grenade mk1"" 1', '""sandbag_kit"" 1']",0.8,1.0,1.0,n/a,2,2,3,3,1,3,0.75,0.75,0.75
./resource/gamelogic/set/breed/mp\eng\mgun_40.set,eng,mgun_40,150,vet_3,1,100,100,0.9,"['""bren"" filled', '""ammo bren_mag"" 224', '""bandage"" 3', '""sandbag_kit"" 1']",0.8,1.0,1.0,n/a,2,2,3,2,1,3,0.75,0.75,0.75
./resource/gamelogic/set/breed/mp\eng\mgun_asst.set,eng,mgun_asst,150,vet_3,1,100,100,0.9,"['""em3"" filled', '""ammo british303_clip"" 50', '""ammo bren_mag"" 168', '""bandage"" 3', '""grenade mk1"" 1', '""sandbag_kit"" 1']",0.8,1.0,1.0,n/a,2,2,4,4,1,4,0.75,0.75,0.75
./resource/gamelogic/set/breed/mp\eng\mgun_scot.set,eng,mgun_scot,150,vet_5,1,100,100,0.9,"['""bren"" filled', '""ammo bren_mag"" 224', '""bandage"" 3', '""sandbag_kit"" 1']",0.8,1.0,1.0,n/a,3,3,5,3,2,5,1.25,1.25,1.25
./resource/gamelogic/set/breed/mp\eng\mgun_scot_asst.set,eng,mgun_scot_asst,150,vet_5,1,100,100,0.9,"['""em3"" filled', '""ammo british303_clip"" 50', '""ammo bren_mag"" 168', '""bandage"" 3', '""grenade mk1"" 1', '""sandbag_kit"" 1']",0.8,1.0,1.0,n/a,3,3,5,5,2,5,1.25,1.25,1.25
./resource/gamelogic/set/breed/mp\eng\oficer.set,eng,oficer,250,oficer,n/a,100,100,1,"['""webley"" filled', '""ammo webley_clip"" 36', '""smoke_paradrop_ammo_heavy grenade"" 2', '""knife_union""', '""binocular""', '""bandage"" 5']",1,1,1,n/a,5,5,4,4,3,4,-10.0,20.00,10.0
./resource/gamelogic/set/breed/mp\eng\para.set,eng,para,400,vet_6,elite,100,100,0.9,"['""sten_v"" filled', '""ammo sten_mag"" 224', '""bandage"" 5', '""grenade mk1"" 2', '""grenade n73at""', '""n77_smoke grenade"" 0.25 1']",1.0,1.0,1.0,n/a,6,6,6,6,6,6,1.50,1.50,1.50
./resource/gamelogic/set/breed/mp\eng\para2.set,eng,para2,400,vet_6,elite,100,100,0.9,"['""bren"" filled', '""ammo bren_mag"" 224', '""bandage"" 5', '""grenade mk1"" 2', '""grenade n73at"" 1', '""n77_smoke grenade"" 0.25 1', '""dynamite"" 1']",1.0,1.0,1.0,n/a,6,6,6,6,6,6,1.50,1.50,1.50
./resource/gamelogic/set/breed/mp\eng\para2_asst.set,eng,para2_asst,400,vet_6,elite,100,100,0.9,"['""em3_vet"" filled', '""ammo british303_clip"" 100', '""ammo bren_mag"" 168', '""bandage"" 5', '""grenade mk1"" 2', '""grenade n73at"" 1', '""n77_smoke grenade"" 0.25 1', '""smoke grenade"" 2']",1.0,1.0,1.0,n/a,6,6,6,6,6,6,1.50,1.50,1.50
./resource/gamelogic/set/breed/mp\eng\para3.set,eng,para3,400,vet_6,elite,100,100,0.9,"['""sten_v"" filled', '""ammo sten_mag"" 224', '""bandage"" 5', '""grenade mk1"" 2', '""weapon piatrocket"" filled', '""ammo piatrocket"" 5']",1.0,1.0,1.0,n/a,6,6,6,6,6,6,1.50,1.50,1.50
./resource/gamelogic/set/breed/mp\eng\para4.set,eng,para4,400,vet_6,elite,100,100,0.9,"['""em3_vet"" filled', '""ammo british303_clip"" 100', '""ammo bren_mag"" 112', '""bandage"" 5', '""grenade mk1"" 2', '""grenade n73at"" 1', '""n77_smoke grenade"" 0.25 1', '""smoke grenade"" 1']",1.0,1.0,1.0,n/a,6,6,6,6,6,6,1.50,1.50,1.50
./resource/gamelogic/set/breed/mp\eng\para5.set,eng,para5,400,n/a,elite,100,100,0.9,"['""em2"" filled', '""ammo british303_clip"" 100', '""bandage"" 5', '""grenade mk1"" 2', '""grenade n73at"" 1', '""n77_smoke grenade"" 0.25 1', '""smoke grenade"" 2']",1.0,1.0,1.0,n/a,6,6,6,6,6,6,n/a,n/a,n/a
./resource/gamelogic/set/breed/mp\eng\para_2ic.set,eng,para_2ic,400,vet_7,elite,100,100,0.9,"['""sten_v"" filled', '""ammo sten_mag"" 224', '""bandage"" 5', '""grenade mk1"" 2', '""grenade n73at""', '""smoke grenade"" 2', '""n77_smoke grenade"" 1']",1.0,1.0,1.0,n/a,7,7,7,7,7,7,1.75,1.75,1.75
./resource/gamelogic/set/breed/mp\eng\para_cpl.set,eng,para_cpl,400,vet_7,elite,100,100,0.9,"['""sten_v"" filled', '""ammo sten_mag"" 224', '""bandage"" 5', '""grenade mk1"" 2', '""grenade n73at""', '""smoke grenade"" 2', '""n77_smoke grenade"" 0.25 1']",1.0,1.0,1.0,n/a,7,7,7,7,7,7,1.75,1.75,1.75
./resource/gamelogic/set/breed/mp\eng\para_mortar.set,eng,para_mortar,400,vet_6,elite,100,100,0.9,"['""sten_v"" filled', '""ammo sten_mag"" 224', '""bandage"" 5', '""grenade mk1"" 2', '""grenade n73at""', '""mortar_mkvii"" filling ""ammo mortar50 eng sm"" 1', '""ammo mortar50 eng sm"" 8']",1.0,1.0,1.0,n/a,6,6,6,6,6,6,1.50,1.50,1.50
./resource/gamelogic/set/breed/mp\eng\pioneer_at.set,eng,pioneer_at,150,vet_4,1,100,100,0.9,"['""em3"" filled', '""ammo british303_clip"" 50', '""bandage"" 3', '""grenade mk1"" 2', '""weapon piatrocket"" filled', '""grenade n73at"" 1', '""ammo piatrocket"" 7']",0.8,1.0,1.0,n/a,2,2,2,4,4,4,1.0,1.00,1.00
./resource/gamelogic/set/breed/mp\eng\pioneer_flamer.set,eng,pioneer_flamer,150,vet_4,1,100,100,0.9,"['""flame_thrower""', '""balloon"" filled', '""bandage"" 3', '""grenade mk1"" 2']",0.8,1.0,1.0,n/a,2,2,2,4,2,4,1.0,1.00,1.00
./resource/gamelogic/set/breed/mp\eng\pioneer_mg.set,eng,pioneer_mg,150,vet_4,1,100,100,0.9,"['""bren"" filled', '""ammo bren_mag"" 224', '""bandage"" 3', '""grenade mk1"" 2', '""sandbag_kit"" 2']",0.8,1.0,1.0,n/a,2,2,4,3,2,4,1.0,1.00,1.00
./resource/gamelogic/set/breed/mp\eng\pioneer_rifle1.set,eng,pioneer_rifle1,150,vet_4,1,100,100,0.9,"['""em3"" filled', '""ammo british303_clip"" 50', '""bandage"" 3', '""grenade mk1"" 2', '""mine antipersonnel"" 31', '""trench_spade"" 1']",0.8,1.0,1.0,n/a,2,2,2,4,2,4,1.0,1.00,1.00
./resource/gamelogic/set/breed/mp\eng\pioneer_rifle2.set,eng,pioneer_rifle2,150,vet_4,1,100,100,0.9,"['""em3"" filled', '""ammo british303_clip"" 50', '""bandage"" 3', '""grenade mk1"" 2', '""mine antitank"" 8']",0.8,1.0,1.0,n/a,2,2,2,4,2,4,1.0,1.00,1.00
./resource/gamelogic/set/breed/mp\eng\pioneer_rifle3.set,eng,pioneer_rifle3,150,vet_4,1,100,100,0.9,"['""em3"" filled', '""ammo british303_clip"" 50', '""bandage"" 3', '""grenade mk1"" 2', '""grenade satchel"" 2', '""mine antitank"" 2', '""sandbag_kit"" 2', '""trench_spade"" 1']",0.8,1.0,1.0,n/a,2,2,2,4,2,4,1.0,1.00,1.00
./resource/gamelogic/set/breed/mp\eng\pioneer_rifle4.set,eng,pioneer_rifle4,150,vet_4,1,100,100,0.9,"['""em3"" filled', '""ammo british303_clip"" 50', '""bandage"" 3', '""grenade mk1"" 2', '""mine antipersonnel"" 7', '""mine_detector"" 1', '""hedgehog_kit"" 1', '""sandbag_kit"" 4']",0.8,1.0,1.0,n/a,2,2,2,4,2,4,1.0,1.00,1.00
./resource/gamelogic/set/breed/mp\eng\pioneer_rifle5.set,eng,pioneer_rifle5,150,vet_4,1,100,100,0.9,"['""em3"" filled', '""ammo british303_clip"" 50', '""bandage"" 3', '""grenade mk1"" 2', '""mine antipersonnel"" 7', '""trench_spade"" 3', '""sandbag_kit"" 2']",0.8,1.0,1.0,n/a,2,2,2,4,2,4,1.0,1.00,1.00
./resource/gamelogic/set/breed/mp\eng\pioneer_sl.set,eng,pioneer_sl,150,vet_4,1,100,100,0.9,"['""em3"" filled', '""ammo british303_clip"" 50', '""bandage"" 3', '""grenade mk1"" 2', '""grenade smoke"" 2', '""n77_smoke grenade"" 1', '""grenade n73at"" 1', '""sandbag_kit"" 2']",0.8,1.0,1.0,n/a,3,3,3,4,3,4,1.0,1.00,1.00
./resource/gamelogic/set/breed/mp\eng\radioman.set,eng,radioman,150,radioman,1,100,100,0.9,"['""sten_mk2"" filled', '""flaergun"" filled', '""ammo sten_mag"" 128', '""ammo flaer"" 50', '""bandage"" 3']",0.8,1.0,1.0,n/a,2,3,2,2,1,3,5.0,20.00,1.0
./resource/gamelogic/set/breed/mp\eng\radioman_airstrike.set,eng,radioman_airstrike,150,radioman,1,100,100,0.9,"['""sten_mk2"" filled', '""airstrike_rp3_flaregun"" filled', '""ammo sten_mag"" 128', '""ammo airstrike_rp3_flare"" 5', '""bandage"" 3']",0.8,1.0,1.0,n/a,2,3,2,2,1,3,5.0,20.00,1.0
./resource/gamelogic/set/breed/mp\eng\rifle.set,eng,rifle,150,vet_3,n/a,100,100,0.9,"['""em3"" filled', '""ammo british303_clip"" 60', '""ammo bren_mag"" 56', '""bandage"" 3', '""grenade mk1""', '""sandbag_kit""', '""grenade n73at""', '""n77_smoke grenade"" 0 1']",0.8,1,1,n/a,2,2,2,4,1,4,0.75,0.75,0.75
./resource/gamelogic/set/breed/mp\eng\rifle2.set,eng,rifle2,150,vet_2,1,100,100,0.9,"['""em3"" filled', '""ammo british303_clip"" 50', '""ammo bren_mag"" 56', '""bandage"" 3', '""grenade mk1"" 1', '""sandbag_kit"" 1']",0.8,1.0,1.0,n/a,2,2,2,4,1,4,0.50,0.50,0.50
./resource/gamelogic/set/breed/mp\eng\rifle2_40.set,eng,rifle2_40,150,vet_3,1,100,100,0.9,"['""em3"" filled', '""ammo british303_clip"" 50', '""ammo bren_mag"" 56', '""bandage"" 3', '""grenade mk1"" 1', '""sandbag_kit"" 1']",0.8,1.0,1.0,n/a,2,2,2,3,1,3,0.75,0.75,0.75
./resource/gamelogic/set/breed/mp\eng\rifle3.set,eng,rifle3,150,vet_2,1,100,100,0.9,"['""em3"" filled', '""ammo british303_clip"" 50', '""ammo bren_mag"" 56', '""bandage"" 3', '""grenade mk1"" 1', '""sandbag_kit"" 1']",0.8,1.0,1.0,n/a,2,2,2,3,1,3,0.50,0.50,0.50
./resource/gamelogic/set/breed/mp\eng\rifle_40.set,eng,rifle_40,150,vet_3,1,100,100,0.9,"['""em3"" filled', '""ammo british303_clip"" 50', '""ammo bren_mag"" 56', '""bandage"" 3', '""grenade mk1"" 1', '""sandbag_kit"" 1']",0.8,1.0,1.0,n/a,2,2,2,3,1,3,0.75,0.75,0.75
./resource/gamelogic/set/breed/mp\eng\rifle_at.set,eng,rifle_at,150,vet_3,1,100,100,0.9,"['""em3"" filled', '""ammo british303_clip"" 50', '""ammo bren_mag"" 56', '""bandage"" 3', '""grenade mk1"" 1', '""grenade n73at"" 1', '""weapon piatrocket"" 0.2 1 filled', '""ammo piatrocket"" 5']",0.8,1.0,1.0,n/a,2,2,2,4,4,4,0.75,0.75,0.75
./resource/gamelogic/set/breed/mp\eng\rifle_grenadier.set,eng,rifle_grenadier,150,vet_3,1,100,100,0.9,"['""em3"" filled', '""ammo british303_clip"" 50', '""em3_mark1"" filled', '""ammo rifle_grenade"" 6 1', '""ammo bren_mag"" 56', '""bandage"" 3', '""sandbag_kit"" 1']",0.8,1.0,1.0,n/a,2,2,2,4,1,4,0.75,0.75,0.75
./resource/gamelogic/set/breed/mp\eng\rifle_scot.set,eng,rifle_scot,150,vet_5,1,100,100,0.9,"['""em3"" filled', '""ammo british303_clip"" 50', '""ammo bren_mag"" 56', '""bandage"" 3', '""grenade mk1"" 1', '""sandbag_kit"" 1']",0.8,1.0,1.0,n/a,3,3,3,5,2,5,1.25,1.25,1.25
./resource/gamelogic/set/breed/mp\eng\saper.set,eng,saper,150,saper,1,100,100,0.9,"['""sten_mk2"" filled', '""ammo sten_mag"" 128', '""mine_detector""', '""dynamite"" 2', '""trench_spade""']",0.8,1.0,1.0,n/a,2,3,2,2,1,3,1.0,1.00,1.0
./resource/gamelogic/set/breed/mp\eng\saper2.set,eng,saper2,150,saper,1,100,100,0.9,"['""sten_mk2"" filled', '""ammo sten_mag"" 128', '""mine antitank"" 6', '""hedgehog_kit"" 1', '""dynamite"" 1', '""repair_kit"" 1', '""trench_spade""']",0.8,1.0,1.0,n/a,2,3,2,2,1,3,1.0,1.00,1.0
./resource/gamelogic/set/breed/mp\eng\saper3.set,eng,saper3,150,saper,1,100,100,0.9,"['""sten_mk2"" filled', '""ammo sten_mag"" 128', '""mine antipersonnel"" 15', '""barbwire_kit"" 1', '""dynamite"" 1', '""repair_kit"" 1', '""trench_spade""']",0.8,1.0,1.0,n/a,2,3,2,2,1,3,1.0,1.00,1.0
./resource/gamelogic/set/breed/mp\eng\scout.set,eng,scout,350,scout,1,100,300,0.9,"['""welrod"" filled', '""sten_v_silencer"" filled', '""ammo sten_mag"" 128', '""ammo welrod_mag"" 24', '""bandage"" 5', '""grenade mk1"" 4', '""grenade n73at"" 4', '""grenade molotov_coctail"" 2', '""dynamite"" 2', '""knife_union"" 1', '""matchbox"" 1']",1.0,1.0,1.0,n/a,5,5,5,5,5,5,3.0,8.00,2.0
./resource/gamelogic/set/breed/mp\eng\smg.set,eng,smg,150,vet_3,1,100,100,0.9,"['""sten_mk2"" filled', '""ammo sten_mag"" 128', '""bandage"" 3', '""grenade mk1"" 2', '""grenade n73at"" 0 1', '""smoke grenade"" 1', '""n77_smoke grenade"" 0 1']",0.8,1.0,1.0,n/a,2,4,2,2,1,3,0.75,0.75,0.75
./resource/gamelogic/set/breed/mp\eng\smg2.set,eng,smg2,150,vet_2,1,100,100,0.9,"['""sten_mk2"" filled', '""ammo sten_mag"" 128', '""bandage"" 3', '""grenade mk1"" 2', '""grenade n73at"" 1', '""smoke grenade"" 1']",0.8,1.0,1.0,n/a,2,4,2,2,1,3,0.50,0.50,0.50
./resource/gamelogic/set/breed/mp\eng\smg2_40.set,eng,smg2_40,150,vet_2,1,100,100,0.9,"['""sten_mk2"" filled', '""ammo sten_mag"" 128', '""bandage"" 3', '""grenade mk1"" 2', '""grenade n73at"" 1', '""smoke grenade"" 1']",0.8,1.0,1.0,n/a,2,3,2,2,1,3,0.50,0.50,0.50
./resource/gamelogic/set/breed/mp\eng\smg3.set,eng,smg3,150,vet_2,1,100,100,0.9,"['""m50reising"" filled', '""ammo m50reising_mag"" 100', '""bandage"" 3', '""grenade mk1"" 2', '""grenade n73at"" 1', '""smoke grenade"" 1']",0.8,1.0,1.0,n/a,2,3,2,2,1,3,0.50,0.50,0.50
./resource/gamelogic/set/breed/mp\eng\smg_40.set,eng,smg_40,150,vet_2,1,100,100,0.9,"['""sten_mk2"" filled', '""ammo sten_mag"" 128', '""bandage"" 3', '""grenade mk1"" 2', '""grenade n73at"" 1', '""smoke grenade"" 1']",0.8,1.0,1.0,n/a,2,3,2,2,1,3,0.50,0.50,0.50
./resource/gamelogic/set/breed/mp\eng\smg_scot.set,eng,smg_scot,150,vet_5,1,100,100,0.9,"['""sten_mk2"" filled', '""ammo sten_mag"" 128', '""bandage"" 3', '""grenade mk1"" 2', '""grenade n73at"" 1', '""smoke grenade"" 1']",0.8,1.0,1.0,n/a,3,5,3,3,2,5,1.25,1.25,1.25
./resource/gamelogic/set/breed/mp\eng\sniper.set,eng,sniper,350,sniper,n/a,100,100,1,"['""ammo british303_clip"" 100', '""bandage"" 5', '""plant"" 3', '""em2_vet"" filling ""british303_clip ammo"" 10']",1,1,1,n/a,3,3,3,6,2,4,5.0,8.00,2.0
./resource/gamelogic/set/breed/mp\eng\squadleader.set,eng,squadleader,200,vet_4,1,100,100,0.9,"['""sten_v"" filled', '""ammo sten_mag"" 224', '""bandage"" 3', '""grenade mk1"" 2', '""grenade n73at"" 0.25 1', '""smoke grenade"" 2', '""n77_smoke grenade"" 1']",0.8,1.0,1.0,n/a,4,5,3,4,2,5,1.0,1.00,1.00
./resource/gamelogic/set/breed/mp\eng\squadleader2.set,eng,squadleader2,200,vet_3,1,100,100,0.9,"['""sten_v"" filled', '""ammo sten_mag"" 224', '""bandage"" 3', '""grenade mk1"" 2', '""grenade n73at"" 0.25 1', '""smoke grenade"" 2', '""n77_smoke grenade"" 1']",0.8,1.0,1.0,n/a,4,5,3,4,2,5,0.75,0.75,0.75
./resource/gamelogic/set/breed/mp\eng\squadleader2_40.set,eng,squadleader2_40,200,vet_3,1,100,100,0.9,"['""em3_mark1"" filled', '""ammo rifle_grenade"" 25', '""bandage"" 3', '""grenade mk1"" 2', '""grenade n73at"" 1', '""smoke grenade"" 1', '""n77_smoke grenade"" 1']",0.8,1.0,1.0,n/a,3,3,3,4,2,4,0.75,0.75,0.75
./resource/gamelogic/set/breed/mp\eng\squadleader_40.set,eng,squadleader_40,200,vet_3,1,100,100,0.9,"['""em3"" filled', '""ammo british303_clip"" 50', '""bandage"" 3', '""grenade mk1"" 2', '""grenade n73at"" 1', '""smoke grenade"" 2', '""n77_smoke grenade"" 1']",0.8,1.0,1.0,n/a,3,4,2,3,2,4,0.75,0.75,0.75
./resource/gamelogic/set/breed/mp\eng\squadleader_asst.set,eng,squadleader_asst,200,vet_5,1,100,100,0.9,"['""em3"" filled', '""ammo british303_clip"" 50', '""ammo bren_mag"" 56', '""bandage"" 3', '""grenade mk1"" 2', '""grenade n73at"" 1', '""smoke grenade"" 1', '""n77_smoke grenade"" 1']",0.8,1.0,1.0,n/a,4,4,3,5,2,5,1.25,1.25,1.25
./resource/gamelogic/set/breed/mp\eng\squadleader_can.set,eng,squadleader_can,200,vet_4,1,100,100,0.9,"['""em3"" filled', '""ammo british303_clip"" 50', '""bandage"" 3', '""grenade mk1"" 2', '""grenade n73at"" 1', '""smoke grenade"" 2', '""n77_smoke grenade"" 1']",0.8,1.0,1.0,n/a,3,4,2,3,2,4,1.0,1.00,1.00
./resource/gamelogic/set/breed/mp\eng\squadleader_scot.set,eng,squadleader_scot,200,vet_5,1,100,100,0.9,"['""em3"" filled', '""ammo british303_clip"" 50', '""bandage"" 3', '""grenade mk1"" 2', '""grenade n73at"" 1', '""smoke grenade"" 2', '""n77_smoke grenade"" 1']",0.8,1.0,1.0,n/a,5,5,4,5,4,5,1.25,1.25,1.25
./resource/gamelogic/set/breed/mp\eng\sturmovik.set,eng,sturmovik,400,vet_5,elite,100,100,0.9,"['""sten_v"" filled', '""ammo sten_mag"" 224', '""bandage"" 5', '""grenade mk1"" 2', '""grenade n73at"" 1', '""smoke grenade"" 1', '""n77_smoke grenade"" 0.5 1']",1.0,1.0,1.0,n/a,7,7,7,7,7,7,1.25,1.25,1.25
./resource/gamelogic/set/breed/mp\eng\sturmovik2.set,eng,sturmovik2,400,vet_5,elite,100,100,0.9,"['""bren"" filled', '""ammo bren_mag"" 224', '""bandage"" 5', '""grenade mk1"" 2', '""grenade n73at"" 1', '""n77_smoke grenade"" 0.5 1', '""dynamite"" 1']",1.0,1.0,1.0,n/a,7,7,7,7,7,7,1.25,1.25,1.25
./resource/gamelogic/set/breed/mp\eng\sturmovik3.set,eng,sturmovik3,400,vet_5,elite,100,100,0.9,"['""sten_v"" filled', '""ammo sten_mag"" 224', '""bandage"" 5', '""grenade mk1"" 2', '""n77_smoke grenade"" 0.5 1', '""weapon piatrocket"" filled', '""ammo piatrocket"" 5']",1.0,1.0,1.0,n/a,7,7,7,7,7,7,1.25,1.25,1.25
./resource/gamelogic/set/breed/mp\eng\sturmovik4.set,eng,sturmovik4,400,vet_5,elite,100,100,0.9,"['""sten_v"" filled', '""ammo sten_mag"" 224', '""bandage"" 3', '""grenade mk1"" 2', '""n77_smoke grenade"" 0.5 1', '""ammo ptr"" 15', '""boyes"" filled']",1.0,1.0,1.0,n/a,7,7,7,7,7,7,1.25,1.25,1.25
./resource/gamelogic/set/breed/mp\eng\sturmovik4b.set,eng,sturmovik4b,400,vet_5,elite,100,100,0.9,"['""em3_vet"" filled', '""ammo british303_clip"" 100', '""ammo bren_mag"" 56', '""bandage"" 5', '""grenade mk1"" 2', '""grenade n73at"" 1', '""n77_smoke grenade"" 0.5 1', '""dynamite"" 1']",1.0,1.0,1.0,n/a,7,7,7,7,7,7,1.25,1.25,1.25
./resource/gamelogic/set/breed/mp\eng\sturmovik4c.set,eng,sturmovik4c,400,vet_7,elite,100,100,0.9,"['""em3_vet"" filled', '""ammo british303_clip"" 100', '""ammo bren_mag"" 56', '""bandage"" 5', '""grenade mk1"" 2', '""grenade n73at"" 1', '""smoke grenade"" 1', '""n77_smoke grenade"" 0.5 1']",1.0,1.0,1.0,n/a,7,7,7,7,7,7,1.75,1.75,1.75
./resource/gamelogic/set/breed/mp\eng\sturmovik5.set,eng,sturmovik5,400,vet_5,elite,100,100,0.9,"['""weapon piatrocket"" filled', '""sten_v"" filled', '""ammo sten_mag"" 224', '""bandage"" 5', '""grenade n73at"" 1', '""n77_smoke grenade"" 0.5 1', '""ammo piatrocket"" 5']",1.0,1.0,1.0,n/a,7,7,7,7,7,7,1.25,1.25,1.25
./resource/gamelogic/set/breed/mp\eng\sturmovik5b.set,eng,sturmovik5b,400,vet_5,elite,100,100,0.9,"['""sten_v"" filled', '""ammo sten_mag"" 224', '""bandage"" 5', '""grenade mk1"" 2', '""grenade n73at"" 1', '""n77_smoke grenade"" 0.5 1', '""smoke grenade"" 1', '""ammo piatrocket"" 3']",1.0,1.0,1.0,n/a,7,7,7,7,7,7,1.25,1.25,1.25
./resource/gamelogic/set/breed/mp\eng\sturmovik6.set,eng,sturmovik6,400,vet_5,elite,100,100,0.9,"['""bren"" filled', '""ammo bren_mag"" 224', '""bandage"" 5', '""grenade mk1"" 2', '""smoke grenade"" 2', '""n77_smoke grenade"" 0.5 1', '""dynamite"" 1']",1.0,1.0,1.0,n/a,7,7,7,7,7,7,1.25,1.25,1.25
./resource/gamelogic/set/breed/mp\eng\sturmovik6b.set,eng,sturmovik6b,400,vet_5,elite,100,100,0.9,"['""em3_vet"" filled', '""ammo british303_clip"" 100', '""ammo bren_mag"" 168', '""bandage"" 5', '""grenade mk1"" 2', '""grenade n73at"" 1', '""smoke grenade"" 2', '""n77_smoke grenade"" 0.5 1', '""sandbag_kit"" 1']",1.0,1.0,1.0,n/a,7,7,7,7,7,7,1.25,1.25,1.25
./resource/gamelogic/set/breed/mp\eng\sturmovik_2ic.set,eng,sturmovik_2ic,400,vet_7,elite,100,100,0.9,"['""sten_v"" filled', '""ammo sten_mag"" 224', '""bandage"" 5', '""grenade mk1"" 2', '""grenade n73at"" 1', '""smoke grenade"" 2', '""n77_smoke grenade"" 1']",1.0,1.0,1.0,n/a,7,7,7,7,7,7,1.75,1.75,1.75
./resource/gamelogic/set/breed/mp\eng\sturmovik_cpl.set,eng,sturmovik_cpl,400,vet_7,elite,100,100,0.9,"['""sten_v"" filled', '""ammo sten_mag"" 224', '""bandage"" 5', '""grenade mk1"" 2', '""grenade n73at"" 1', '""smoke grenade"" 2', '""n77_smoke grenade"" 1']",1.0,1.0,1.0,n/a,7,7,7,7,7,7,1.75,1.75,1.75
./resource/gamelogic/set/breed/mp\eng\tankman.set,eng,tankman,100,tankman,n/a,100,100,0.8,"['""webley"" filled', '""ammo webley_clip"" 36', '""bandage"" 3']",1,1,0.8,2,3,3,2,2,1,3,0.25,1.2,0.25
./resource/gamelogic/set/breed/mp\eng\tankman2.set,eng,tankman2,150,tankman2,n/a,100,100,0.8,"['""sten_mk2"" filled', '""ammo sten_mag"" 128', '""bandage"" 3']",1,1,0.8,4,3,3,3,2,1,3,0.5,2.20,0.5
./resource/gamelogic/set/breed/mp\eng\vehicle_supporter.set,eng,vehicle_supporter,150,vehicle_supporter,tankcrew,100,100,0.9,"['""sten_mk2"" filled', '""ammo sten_mag"" 128', '""bandage"" 3', '""grenade mk1"" 1', '""smoke grenade"" 1']",1.0,1.0,1.0,4,3,2,4,2,1,4,0.50,2.00,0.25
./resource/gamelogic/set/breed/mp\eng\vehicle_supporter_40.set,eng,vehicle_supporter_40,150,vehicle_supporter,tankcrew,100,100,0.9,"['""sten_mk2"" filled', '""ammo sten_mag"" 128', '""bandage"" 3', '""grenade mk1"" 1', '""smoke grenade"" 1']",1.0,1.0,1.0,3,3,2,3,2,1,3,0.50,2.00,0.25
./resource/gamelogic/set/breed/mp\eng\vet_tankman.set,eng,vet_tankman,100,tankman,n/a,100,100,0.8,"['""webley"" filled', '""ammo webley_clip"" 36', '""bandage"" 3']",1.15,1.15,1,5,3,3,3,2,1,3,0.25,1.2,0.25
./resource/gamelogic/set/breed/mp\eng\vet_tankman2.set,eng,vet_tankman2,150,tankman2,n/a,100,100,0.8,"['""sten_mk2"" filled', '""ammo sten_mag"" 128', '""bandage"" 3']",1.2,1.2,1.1,7,3,3,4,2,1,3,0.5,2.20,0.5
./resource/gamelogic/set/breed/mp\ger\ap_miner.set,ger,ap_miner,150,ap_miner,n/a,100,100,0.9,"['""mp40"" filled', '""ammo mp40_mag"" 192', '""mine s_mine"" 29', '""barbwire_kit""', '""hohlladung grenade""', '""bandage"" 5']",0.75,1,0.8,n/a,4,4,2,3,2,4,1.0,1.00,1.0
./resource/gamelogic/set/breed/mp\ger\at_miner.set,ger,at_miner,150,at_miner,n/a,100,100,0.9,"['""mp40"" filled', '""ammo mp40_mag"" 192', '""mine antitank"" 7', '""hedgehog_kit""', '""hohlladung grenade""', '""bandage"" 5']",0.75,1,0.8,n/a,4,4,2,3,2,4,1.0,1.00,1.0
./resource/gamelogic/set/breed/mp\ger\at_rifle.set,ger,at_rifle,150,at_rifle,1,100,100,0.9,"['""pzb39"" filled', '""bandage"" 3', '""hohlladung grenade""', '""ammo ptr"" 35']",0.75,1,0.8,n/a,4,4,1,5,2,4,1.0,1.50,1.0
./resource/gamelogic/set/breed/mp\ger\at_rifle2.set,ger,at_rifle2,150,at_rifle,1,100,100,0.9,"['""mp40"" filled', '""ammo mp40_mag"" 192', '""bandage"" 3', '""grenade m24"" 2', '""hohlladung grenade""', '""smoke grenade"" 1', '""ammo ptr"" 10']",0.75,1,0.8,n/a,4,4,2,5,2,4,1.0,1.50,1.0
./resource/gamelogic/set/breed/mp\ger\bazooker.set,ger,bazooker,150,bazooker,1,100,100,0.9,"['""weapon panzershreck"" filled', '""bandage"" 3', '""hohlladung grenade""', '""ammo panzershreck"" 7', '""valter"" filled', '""ammo walther_mag"" 16']",0.75,1,0.8,n/a,4,3,2,4,5,4,1.0,1.50,1.0
./resource/gamelogic/set/breed/mp\ger\bazooker2.set,ger,bazooker2,150,bazooker,1,100,100,0.9,"['""mauzer"" filled', '""ammo mauser_clip"" 60', '""bandage"" 3', '""grenade m24"" 2', '""hohlladung grenade""', '""smoke grenade"" 1', '""ammo panzershreck"" 3']",0.75,1,0.8,n/a,4,3,2,4,5,4,1.0,1.50,1.0
./resource/gamelogic/set/breed/mp\ger\bazooker3.set,ger,bazooker3,150,bazooker,1,100,100,0.9,"['""mauzer"" filled', '""ammo mauser_clip"" 60', '""bandage"" 3', '""grenade m24"" 2', '""hohlladung grenade""', '""smoke grenade"" 1', '""panzerfaust_60 weapon"" filled', '""panzerfaust_60 weapon"" filled']",0.75,1,0.8,n/a,4,3,2,4,5,4,1.0,1.50,1.0
./resource/gamelogic/set/breed/mp\ger\elite.set,ger,elite,350,vet_4,elite,100,100,0.9,"['""mauzer"" filled', '""ammo mauser_clip"" 60', '""bandage"" 5', '""grenade m24"" 2', '""grenade pwm1"" 1', '""smoke grenade"" 1']",0.85,1,0.9,n/a,6,6,6,6,6,6,1.0,1.00,1.00
./resource/gamelogic/set/breed/mp\ger\elite2.set,ger,elite2,350,vet_4,elite,100,100,0.9,"['""g43_scope"" filling ""ammo g43_mag"" 10', '""ammo g43_mag"" 20', '""ammo mauser_clip"" 60', '""bandage"" 5', '""grenade m24"" 2', '""grenade pwm1"" 1', '""smoke grenade"" 1', '""dynamite"" 1']",0.85,1,0.9,n/a,6,6,6,6,6,6,1.0,1.00,1.00
./resource/gamelogic/set/breed/mp\ger\elite3.set,ger,elite3,350,vet_4,elite,100,100,0.9,"['""fg42_rifle"" filled', '""ammo fg42_mag"" 160', '""bandage"" 5', '""grenade m24"" 2', '""grenade pwm1"" 1', '""sandbag_kit"" 1']",0.85,1,0.9,n/a,6,6,6,6,6,6,1.0,1.00,1.00
./resource/gamelogic/set/breed/mp\ger\elite4.set,ger,elite4,350,vet_2,elite,100,100,0.9,"['""g43"" filling ""ammo g43_mag"" 10', '""ammo g43_mag"" 20', '""ammo mauser_clip"" 60', '""bandage"" 5', '""grenade m24"" 2', '""grenade pwm1"" 1', '""smoke grenade"" 1']",0.85,1,0.9,n/a,6,6,6,6,6,6,0.50,0.50,0.50
./resource/gamelogic/set/breed/mp\ger\elite5.set,ger,elite5,350,vet_2,elite,100,100,0.9,"['""mauzer"" filled', '""ammo mauser_clip"" 60', '""bandage"" 5', '""grenade m24"" 2', '""panzerfaust weapon"" filled']",0.85,1,0.9,n/a,6,6,6,6,6,6,0.50,0.50,0.50
./resource/gamelogic/set/breed/mp\ger\elite6.set,ger,elite6,350,vet_2,elite,100,100,0.9,"['""mg34"" filled', '""ammo mg_mauser drum"" 300', '""bandage"" 5', '""smoke_paradrop_ammo grenade"" 1', '""sandbag_kit"" 1', '""barrel_case""']",0.85,1,0.9,n/a,6,6,6,6,6,6,0.50,0.50,0.50
./resource/gamelogic/set/breed/mp\ger\elite_at.set,ger,elite_at,350,vet_4,elite,100,100,0.9,"['""weapon panzershreck"" filled', '""mp40"" filled', '""ammo mp40_mag"" 192', '""bandage"" 3', '""grenade m24x5"" 1', '""ammo panzershreck"" 7']",0.85,1,0.9,n/a,6,6,6,6,6,6,1.0,1.00,1.00
./resource/gamelogic/set/breed/mp\ger\elite_tankman.set,ger,elite_tankman,100,tankman,tankcrew,100,100,0.8,"['""valter"" filled', '""ammo walther_mag"" 32']",1.15,1.15,1.0,8,5,5,5,3,2,4,0.25,1.2,0.25
./resource/gamelogic/set/breed/mp\ger\elite_tankman2.set,ger,elite_tankman2,150,tankman2,tankcrew,100,100,0.8,"['""mp40"" filled', '""ammo mp40_mag"" 96']",1.20,1.20,1.0,10,4,5,7,3,2,4,0.5,2.20,0.5
./resource/gamelogic/set/breed/mp\ger\fallschirm_at.set,ger,fallschirm_at,400,vet_7,elite,100,100,0.9,"['""weapon panzershreck"" filled', '""ammo panzershreck"" 7', '""valter"" filled', '""ammo walther_mag"" 16', '""grenade m39"" 2', '""grenade pwm1""']",0.95,1,1,n/a,7,7,7,7,7,7,1.75,1.75,1.75
./resource/gamelogic/set/breed/mp\ger\fallschirm_at2.set,ger,fallschirm_at2,400,vet_7,elite,100,100,0.9,"['""mauzer_vet"" filled', '""ammo mauser_clip"" 60', '""smoke grenade"" 1', '""ammo panzershreck"" 5', '""grenade m39"" 2', '""grenade pwm1""']",0.95,1,1,n/a,7,7,7,7,7,7,1.75,1.75,1.75
./resource/gamelogic/set/breed/mp\ger\fallschirm_fgsc_42.set,ger,fallschirm_fgsc_42,400,vet_6,elite,100,100,0.9,"['""fg42_sc"" filled', '""ammo fg42_mag"" 160', '""bandage"" 5', '""grenade m39"" 2', '""grenade m24x5""', '""smoke grenade"" 1', '""sandbag_kit""']",0.95,1,1,n/a,7,7,7,7,7,7,1.50,1.50,1.50
./resource/gamelogic/set/breed/mp\ger\fallschirm_fgsc_43.set,ger,fallschirm_fgsc_43,400,vet_6,elite,100,100,0.9,"['""fg42_sc"" filled', '""ammo fg42_mag"" 160', '""bandage"" 5', '""grenade m39"" 2', '""grenade pwm1""', '""smoke grenade"" 1', '""sandbag_kit""']",0.95,1,1,n/a,7,7,7,7,7,7,1.50,1.50,1.50
./resource/gamelogic/set/breed/mp\ger\fallschirm_fg_42.set,ger,fallschirm_fg_42,400,vet_6,elite,100,100,0.9,"['""fg42_rifle"" filled', '""ammo fg42_mag"" 160', '""bandage"" 5', '""grenade m39"" 2', '""grenade m24x5""', '""smoke grenade"" 1', '""sandbag_kit""']",0.95,1,1,n/a,7,7,7,7,7,7,1.50,1.50,1.50
./resource/gamelogic/set/breed/mp\ger\fallschirm_fg_43.set,ger,fallschirm_fg_43,400,vet_6,elite,100,100,0.9,"['""fg42_rifle"" filled', '""ammo fg42_mag"" 160', '""bandage"" 5', '""grenade m39"" 2', '""grenade pwm1""', '""smoke grenade"" 1', '""sandbag_kit""']",0.95,1,1,n/a,7,7,7,7,7,7,1.50,1.50,1.50
./resource/gamelogic/set/breed/mp\ger\fallschirm_grenadier.set,ger,fallschirm_grenadier,400,vet_6,elite,100,100,0.9,"['""mauzer_vet"" filled', '""ammo mauser_clip"" 120', '""bandage"" 5', '""k98_gewehrgranat"" filling ""k98_grenade fg"" 1', '""k98_grenade fg"" 6 1', '""k98_grenade ap"" 1 1', '""ammo mg_mauser drum"" 50']",0.95,1,1,n/a,7,7,7,7,7,7,1.50,1.50,1.50
./resource/gamelogic/set/breed/mp\ger\fallschirm_mg.set,ger,fallschirm_mg,400,vet_6,elite,100,100,0.9,"['""mg42_inf_250"" filled', '""ammo mg_mauser belt"" 300', '""bandage"" 5', '""sandbag_kit""', '""barrel_case""']",0.95,1,1,n/a,7,7,7,7,7,7,1.50,1.50,1.50
./resource/gamelogic/set/breed/mp\ger\fallschirm_mg_39.set,ger,fallschirm_mg_39,400,vet_6,elite,100,100,0.9,"['""mg34"" filled', '""ammo mg_mauser drum"" 300', '""bandage"" 5', '""sandbag_kit""', '""barrel_case""']",0.95,1,1,n/a,7,7,7,7,7,7,1.50,1.50,1.50
./resource/gamelogic/set/breed/mp\ger\fallschirm_mg_asst.set,ger,fallschirm_mg_asst,400,vet_3,elite,100,100,0.9,"['""mauzer"" filled', '""ammo mauser_clip"" 80', '""ammo mg_mauser belt"" 600', '""bandage"" 5']",0.95,1,1,n/a,7,7,7,7,7,7,0.75,0.75,0.75
./resource/gamelogic/set/breed/mp\ger\fallschirm_mg_asst_39.set,ger,fallschirm_mg_asst_39,400,vet_6,elite,100,100,0.9,"['""mauzer"" filled', '""ammo mauser_clip"" 80', '""ammo mg_mauser belt"" 600', '""bandage"" 5']",0.95,1,1,n/a,7,7,7,7,7,7,1.50,1.50,1.50
./resource/gamelogic/set/breed/mp\ger\fallschirm_pzfst.set,ger,fallschirm_pzfst,400,vet_6,elite,100,100,0.9,"['""mauzer_vet"" filled', '""ammo mauser_clip"" 120', '""ammo mg_mauser drum"" 50', '""bandage"" 5', '""grenade m39"" 2', '""panzerfaust_30 weapon"" filled']",0.95,1,1,n/a,7,7,7,7,7,7,1.50,1.50,1.50
./resource/gamelogic/set/breed/mp\ger\fallschirm_pzfst_stg.set,ger,fallschirm_pzfst_stg,400,vet_6,elite,100,100,0.9,"['""sg44"" filled', '""ammo stg44_mag"" 180', '""bandage"" 5', '""grenade m39"" 2', '""smoke grenade"" 1', '""panzerfaust_30 weapon"" filled']",0.95,1,1,n/a,7,7,7,7,7,7,1.50,1.50,1.50
./resource/gamelogic/set/breed/mp\ger\fallschirm_rifle.set,ger,fallschirm_rifle,400,vet_3,elite,100,100,0.9,"['""mauzer_vet"" filled', '""ammo mauser_clip"" 120', '""ammo mg_mauser drum"" 50', '""bandage"" 5', '""grenade m39"" 2', '""grenade pwm1""']",0.95,1,1,4,7,7,7,7,7,7,0.75,0.75,0.75
./resource/gamelogic/set/breed/mp\ger\fallschirm_rifle_39.set,ger,fallschirm_rifle_39,400,vet_6,elite,100,100,0.9,"['""mauzer_vet"" filled', '""ammo mauser_clip"" 120', '""ammo mg_mauser drum"" 50', '""bandage"" 5', '""grenade m39"" 2', '""grenade m24x5""']",0.95,1,1,n/a,7,7,7,7,7,7,1.50,1.50,1.50
./resource/gamelogic/set/breed/mp\ger\fallschirm_sa.set,ger,fallschirm_sa,400,vet_6,elite,100,100,0.9,"['""g43"" filled', '""ammo g43_mag"" 20', '""ammo mauser_clip"" 100', '""ammo mg_mauser drum"" 50', '""bandage"" 5', '""grenade m39"" 2', '""grenade pwm1""']",0.95,1,1,n/a,7,7,7,7,7,7,1.50,1.50,1.50
./resource/gamelogic/set/breed/mp\ger\fallschirm_sa_41.set,ger,fallschirm_sa_41,400,vet_6,elite,100,100,0.9,"['""g41"" filled', '""ammo mauser_clip"" 120', '""ammo mg_mauser drum"" 50', '""bandage"" 5', '""grenade m39"" 2', '""grenade pwm1""']",0.95,1,1,n/a,7,7,7,7,7,7,1.50,1.50,1.50
./resource/gamelogic/set/breed/mp\ger\fallschirm_sl.set,ger,fallschirm_sl,400,vet_6,elite,100,100,0.9,"['""mp40"" filled', '""ammo mp40_mag"" 192', '""bandage"" 5', '""grenade m39"" 2', '""grenade pwm1""', '""smoke grenade"" 2']",0.95,1,1,n/a,7,7,7,7,7,7,1.50,1.50,1.50
./resource/gamelogic/set/breed/mp\ger\fallschirm_sl_40.set,ger,fallschirm_sl_40,400,vet_6,elite,100,100,0.9,"['""mp40"" filled', '""ammo mp40_mag"" 192', '""bandage"" 5', '""grenade m39"" 2', '""grenade m24x5""', '""smoke grenade"" 2']",0.95,1,1,n/a,7,7,7,7,7,7,1.50,1.50,1.50
./resource/gamelogic/set/breed/mp\ger\fallschirm_sl_asst_fg_42.set,ger,fallschirm_sl_asst_fg_42,400,vet_6,elite,100,100,0.9,"['""fg42_rifle"" filled', '""ammo fg42_mag"" 160', '""bandage"" 5', '""grenade m39"" 2', '""grenade m24x5""', '""smoke grenade"" 2']",0.95,1,1,n/a,7,7,7,7,7,7,1.50,1.50,1.50
./resource/gamelogic/set/breed/mp\ger\fallschirm_sl_asst_fg_43.set,ger,fallschirm_sl_asst_fg_43,400,vet_6,elite,100,100,0.9,"['""fg42_rifle"" filled', '""ammo fg42_mag"" 160', '""bandage"" 5', '""grenade m39"" 2', '""grenade pwm1""', '""smoke grenade"" 2']",0.95,1,1,n/a,7,7,7,7,7,7,1.50,1.50,1.50
./resource/gamelogic/set/breed/mp\ger\fallschirm_sl_asst_fg_44.set,ger,fallschirm_sl_asst_fg_44,400,vet_6,elite,100,100,0.9,"['""fg42_rifle"" filled', '""ammo fg42_mag"" 160', '""bandage"" 5', '""grenade m39"" 2', '""grenade pwm1""', '""smoke grenade"" 2', '""panzerfaust_30 weapon"" filled']",0.95,1,1,n/a,7,7,7,7,7,7,1.50,1.50,1.50
./resource/gamelogic/set/breed/mp\ger\fallschirm_sl_asst_smg.set,ger,fallschirm_sl_asst_smg,400,vet_6,elite,100,100,0.9,"['""mp40"" filled', '""ammo mp40_mag"" 192', '""bandage"" 5', '""grenade m39"" 2', '""grenade m24x5""', '""smoke grenade"" 2']",0.95,1,1,n/a,7,7,7,7,7,7,1.50,1.50,1.50
./resource/gamelogic/set/breed/mp\ger\fallschirm_smg_40.set,ger,fallschirm_smg_40,400,vet_6,elite,100,100,0.9,"['""mp40"" filled', '""ammo mp40_mag"" 192', '""bandage"" 5', '""grenade m39"" 2', '""grenade m24x5""']",0.95,1,1,n/a,7,7,7,7,7,7,1.50,1.50,1.50
./resource/gamelogic/set/breed/mp\ger\fallschirm_sniper.set,ger,fallschirm_sniper,400,vet_6,elite,100,100,0.9,"['""mauzer_s"" filled', '""ammo mauser_clip"" 120', '""ammo mg_mauser drum"" 50', '""bandage"" 5', '""grenade m39"" 2']",0.95,1,1,n/a,7,7,7,7,7,7,1.50,1.50,1.50
./resource/gamelogic/set/breed/mp\ger\fallschirm_stg.set,ger,fallschirm_stg,400,vet_6,elite,100,100,0.9,"['""sg44"" filled', '""ammo stg44_mag"" 180', '""bandage"" 5', '""grenade m39"" 2', '""grenade pwm1""', '""smoke grenade"" 1']",0.95,1,1,n/a,7,7,7,7,7,7,1.50,1.50,1.50
./resource/gamelogic/set/breed/mp\ger\flamer.set,ger,flamer,150,flamer,n/a,100,100,0.9,"['""flame_thrower_g""', '""balloon_g"" filled', '""bandage"" 3']",0.75,1,0.8,n/a,4,4,2,3,2,4,1.0,1.00,1.0
./resource/gamelogic/set/breed/mp\ger\flamer2.set,ger,flamer2,150,flamer,1,100,100,0.9,"['""mp40"" filled', '""ammo mp40_mag"" 192', '""bandage"" 3', '""grenade m24"" 2', '""grenade m24x5"" 1', '""smoke grenade"" 1']",0.75,1,0.8,n/a,4,4,2,3,2,4,1.0,1.00,1.0
./resource/gamelogic/set/breed/mp\ger\fusilier_mg.set,ger,fusilier_mg,200,vet_5,1,100,100,0.9,"['""mg42_inf"" filled', '""ammo mg_mauser drum"" 300', '""valter"" filled', '""ammo walther_mag"" 16', '""bandage"" 3', '""sandbag_kit""', '""barrel_case""']",0.75,1,0.8,n/a,5,3,5,4,2,5,1.25,1.25,1.25
./resource/gamelogic/set/breed/mp\ger\fusilier_mg_39.set,ger,fusilier_mg_39,200,vet_5,1,100,100,0.9,"['""mg34"" filled', '""ammo mg_mauser drum"" 300', '""valter"" filled', '""ammo walther_mag"" 16', '""bandage"" 3', '""sandbag_kit""', '""barrel_case""']",0.75,1,0.8,n/a,5,3,5,4,2,5,1.25,1.25,1.25
./resource/gamelogic/set/breed/mp\ger\fusilier_mg_asst.set,ger,fusilier_mg_asst,200,vet_5,1,100,100,0.9,"['""mauzer"" filled', '""ammo mauser_clip"" 60', '""ammo mg_mauser belt"" 600', '""bandage"" 3', '""sandbag_kit""']",0.75,1,0.8,n/a,4,3,5,5,2,5,1.25,1.25,1.25
./resource/gamelogic/set/breed/mp\ger\fusilier_pzfst.set,ger,fusilier_pzfst,200,vet_5,1,100,100,0.9,"['""mauzer"" filled', '""ammo mauser_clip"" 60', '""ammo mg_mauser drum"" 50', '""bandage"" 3', '""grenade m24"" 2', '""grenade m24x5"" 0 1', '""sandbag_kit""', '""panzerfaust_60 weapon"" filled']",0.75,1,0.8,n/a,4,3,2,5,5,5,1.25,1.25,1.25
./resource/gamelogic/set/breed/mp\ger\fusilier_pzfst_sa.set,ger,fusilier_pzfst_sa,200,vet_5,1,100,100,0.9,"['""g43"" filling ""ammo g43_mag"" 10', '""ammo g43_mag"" 20', '""ammo mauser_clip"" 60', '""ammo mg_mauser drum"" 50', '""bandage"" 3', '""grenade m24"" 2', '""grenade m24x5"" 0 1', '""sandbag_kit""', '""panzerfaust_60 weapon"" filled']",0.75,1,0.8,n/a,4,3,2,5,3,5,1.25,1.25,1.25
./resource/gamelogic/set/breed/mp\ger\fusilier_rifle.set,ger,fusilier_rifle,200,vet_5,1,100,100,0.9,"['""mauzer"" filled', '""ammo mauser_clip"" 60', '""ammo mg_mauser drum"" 50', '""bandage"" 3', '""grenade m24"" 2', '""grenade m24x5"" 0 1', '""sandbag_kit""']",0.75,1,0.8,n/a,4,3,2,5,3,5,1.25,1.25,1.25
./resource/gamelogic/set/breed/mp\ger\fusilier_sa.set,ger,fusilier_sa,200,vet_5,1,100,100,0.9,"['""g43"" filling ""ammo g43_mag"" 10', '""ammo g43_mag"" 20', '""ammo mauser_clip"" 60', '""ammo mg_mauser drum"" 50', '""bandage"" 3', '""grenade m24"" 2', '""grenade m24x5"" 0 1', '""sandbag_kit""']",0.75,1,0.8,n/a,4,3,2,5,3,5,1.25,1.25,1.25
./resource/gamelogic/set/breed/mp\ger\fusilier_sa_41.set,ger,fusilier_sa_41,200,vet_5,1,100,100,0.9,"['""g41"" filled', '""ammo mauser_clip"" 80', '""ammo mg_mauser drum"" 50', '""bandage"" 3', '""grenade m24"" 2', '""grenade m24x5"" 0 1', '""sandbag_kit""']",0.75,1,0.8,n/a,4,3,2,5,3,5,1.25,1.25,1.25
./resource/gamelogic/set/breed/mp\ger\fusilier_sl.set,ger,fusilier_sl,200,vet_5,1,100,100,0.9,"['""mp40"" filled', '""ammo mp40_mag"" 192', '""bandage"" 3', '""grenade m24"" 2', '""grenade m24x5"" 0 1', '""smoke grenade"" 2']",0.85,1,0.9,n/a,5,5,4,5,4,5,1.25,1.25,1.25
./resource/gamelogic/set/breed/mp\ger\fusilier_sl_asst.set,ger,fusilier_sl_asst,200,vet_5,1,100,100,0.9,"['""mauzer"" filled', '""ammo mauser_clip"" 60', '""ammo mg_mauser drum"" 50', '""bandage"" 3', '""grenade m24"" 2', '""grenade m24x5"" 0 1', '""smoke grenade""', '""sandbag_kit""']",0.75,1,0.8,n/a,5,4,4,5,4,5,1.25,1.25,1.25
./resource/gamelogic/set/breed/mp\ger\fusilier_smg.set,ger,fusilier_smg,200,vet_5,1,100,100,0.9,"['""mp40"" filled', '""ammo mp40_mag"" 192', '""bandage"" 3', '""grenade m24"" 2', '""grenade m24x5"" 0 1']",0.75,1,0.8,n/a,4,5,2,3,3,5,1.25,1.25,1.25
./resource/gamelogic/set/breed/mp\ger\fusilier_stg.set,ger,fusilier_stg,200,vet_5,1,100,100,0.9,"['""sg44"" filled', '""ammo stg44_mag"" 180', '""bandage"" 3', '""grenade m24"" 2', '""grenade m24x5"" 0 1']",0.75,1,0.8,n/a,4,5,2,3,3,5,1.25,1.25,1.25
./resource/gamelogic/set/breed/mp\ger\gd_pzgren_mg.set,ger,gd_pzgren_mg,200,vet_7,lvl5,100,100,0.9,"['""mg42_inf_250"" filled', '""ammo mg_mauser belt"" 300', '""valter"" filled', '""ammo walther_mag"" 16', '""bandage"" 5', '""grenade m39"" 2', '""sandbag_kit""', '""barrel_case""']",0.85,1,0.9,n/a,4,3,5,5,4,5,1.75,1.75,1.75
./resource/gamelogic/set/breed/mp\ger\gd_pzgren_mg_asst.set,ger,gd_pzgren_mg_asst,200,vet_7,lvl5,100,100,0.9,"['""mauzer"" filled', '""ammo mauser_clip"" 60', '""ammo mg_mauser belt"" 600', '""bandage"" 5', '""grenade m39"" 2', '""sandbag_kit""']",0.85,1,0.9,n/a,4,3,5,5,4,5,1.75,1.75,1.75
./resource/gamelogic/set/breed/mp\ger\gd_pzgren_pzfst_sa.set,ger,gd_pzgren_pzfst_sa,200,vet_7,lvl5,100,100,0.9,"['""g43"" filling ""ammo g43_mag"" 10', '""ammo g43_mag"" 20', '""ammo mauser_clip"" 60', '""ammo mg_mauser drum"" 50', '""bandage"" 5', '""grenade m39"" 2', '""smoke grenade"" 1', '""panzerfaust_60 weapon"" filled', '""sandbag_kit""']",0.85,1,0.9,n/a,4,3,3,5,5,5,1.75,1.75,1.75
./resource/gamelogic/set/breed/mp\ger\gd_pzgren_pzfst_stg.set,ger,gd_pzgren_pzfst_stg,200,vet_7,lvl5,100,100,0.9,"['""sg44"" filled', '""ammo stg44_mag"" 180', '""bandage"" 5', '""grenade m39"" 2', '""grenade m24x5""', '""panzerfaust_60 weapon"" filled']",0.85,1,0.9,n/a,4,5,3,3,5,5,1.75,1.75,1.75
./resource/gamelogic/set/breed/mp\ger\gd_pzgren_rifle.set,ger,gd_pzgren_rifle,200,vet_7,lvl5,100,100,0.9,"['""mauzer_vet"" filled', '""ammo mauser_clip"" 60', '""ammo mg_mauser drum"" 50', '""bandage"" 5', '""grenade m39"" 2', '""grenade m24x5""', '""smoke grenade"" 1', '""sandbag_kit""']",0.85,1,0.9,n/a,4,3,3,5,4,5,1.75,1.75,1.75
./resource/gamelogic/set/breed/mp\ger\gd_pzgren_sa.set,ger,gd_pzgren_sa,200,vet_7,lvl5,100,100,0.9,"['""g43"" filling ""ammo g43_mag"" 10', '""ammo g43_mag"" 20', '""ammo mauser_clip"" 60', '""ammo mg_mauser drum"" 50', '""bandage"" 5', '""grenade m39"" 2', '""grenade m24x5""', '""smoke grenade"" 1', '""sandbag_kit""']",0.85,1,0.9,n/a,4,3,3,5,4,5,1.75,1.75,1.75
./resource/gamelogic/set/breed/mp\ger\gd_pzgren_sa_scope.set,ger,gd_pzgren_sa_scope,200,vet_7,lvl5,100,100,0.9,"['""g43_scope"" filling ""ammo g43_mag"" 10', '""ammo g43_mag"" 20', '""ammo mauser_clip"" 60', '""ammo mg_mauser drum"" 50', '""bandage"" 5', '""grenade m39"" 2', '""grenade m24x5""']",0.85,1,0.9,n/a,4,3,3,5,4,5,1.75,1.75,1.75
./resource/gamelogic/set/breed/mp\ger\gd_pzgren_sl_asst.set,ger,gd_pzgren_sl_asst,200,vet_7,lvl5,100,100,0.9,"['""mauzer_vet"" filled', '""ammo mauser_clip"" 60', '""ammo mg_mauser drum"" 50', '""bandage"" 5', '""grenade m39"" 2', '""grenade m24x5""', '""smoke grenade"" 2']",0.85,1,0.9,n/a,4,3,3,5,4,5,1.75,1.75,1.75
./resource/gamelogic/set/breed/mp\ger\gd_pzgren_sl_asst_stg.set,ger,gd_pzgren_sl_asst_stg,200,vet_7,lvl5,100,100,0.9,"['""sg44"" filled', '""ammo stg44_mag"" 180', '""bandage"" 5', '""grenade m39"" 2', '""grenade m24x5""', '""smoke grenade"" 2', '""panzerfaust weapon"" filled']",0.85,1,0.9,n/a,4,5,3,3,5,5,1.75,1.75,1.75
./resource/gamelogic/set/breed/mp\ger\gd_pzgren_sl_smg.set,ger,gd_pzgren_sl_smg,200,vet_7,lvl5,100,100,0.9,"['""mp40"" filled', '""ammo mp40_mag"" 192', '""bandage"" 5', '""grenade m39"" 2', '""grenade m24x5""', '""smoke grenade"" 2']",0.85,1,0.9,n/a,4,5,3,3,4,5,1.75,1.75,1.75
./resource/gamelogic/set/breed/mp\ger\gd_pzgren_sl_stg.set,ger,gd_pzgren_sl_stg,200,vet_7,lvl5,100,100,0.9,"['""sg44"" filled', '""ammo stg44_mag"" 180', '""bandage"" 5', '""grenade m39"" 2', '""grenade m24x5""', '""smoke grenade"" 2']",0.85,1,0.9,n/a,4,5,3,3,4,5,1.75,1.75,1.75
./resource/gamelogic/set/breed/mp\ger\gd_pzgren_stg.set,ger,gd_pzgren_stg,200,vet_7,lvl5,100,100,0.9,"['""sg44"" filled', '""ammo stg44_mag"" 180', '""bandage"" 5', '""grenade m39"" 2', '""grenade m24x5""', '""smoke grenade"" 1']",0.85,1,0.9,n/a,4,5,3,3,4,5,1.75,1.75,1.75
./resource/gamelogic/set/breed/mp\ger\gebirgsjager1.set,ger,gebirgsjager1,400,vet_7,elite,100,125,1,"['""g43_scope"" filling ""ammo g43_mag"" 10', '""ammo g43_mag"" 20', '""ammo mauser_clip"" 60', '""bandage"" 5', '""grenade m24"" 2', '""grenade m24x5""', '""dynamite""']",0.95,1,1,n/a,7,7,7,7,7,7,1.75,1.75,1.75
./resource/gamelogic/set/breed/mp\ger\gebirgsjager_mg.set,ger,gebirgsjager_mg,400,vet_7,elite,100,125,1,"['""mg42_inf_250"" filled', '""ammo mg_mauser belt"" 300', '""valter"" filled', '""ammo walther_mag"" 16', '""bandage"" 5', '""m24 grenade""', '""barrel_case""']",0.95,1,1,n/a,7,7,7,7,7,7,1.75,1.75,1.75
./resource/gamelogic/set/breed/mp\ger\gebirgsjager_mg_41.set,ger,gebirgsjager_mg_41,400,vet_7,elite,100,125,1,"['""mg34"" filled', '""ammo mg_mauser drum"" 300', '""valter"" filled', '""ammo walther_mag"" 16', '""bandage"" 5', '""m24 grenade""', '""barrel_case""']",0.95,1,1,n/a,7,7,7,7,7,7,1.75,1.75,1.75
./resource/gamelogic/set/breed/mp\ger\gebirgsjager_mg_asst.set,ger,gebirgsjager_mg_asst,400,vet_7,elite,100,125,1,"['""mauzer"" filled', '""ammo mauser_clip"" 60', '""ammo mg_mauser belt"" 600', '""bandage"" 5']",0.95,1,1,n/a,7,7,7,7,7,7,1.75,1.75,1.75
./resource/gamelogic/set/breed/mp\ger\gebirgsjager_pzfst.set,ger,gebirgsjager_pzfst,400,vet_7,elite,100,125,1,"['""mauzer_vet"" filled', '""ammo mauser_clip"" 60', '""ammo mg_mauser drum"" 50', '""bandage"" 5', '""grenade m24"" 2', '""panzerfaust weapon"" filled']",0.95,1,1,n/a,7,7,7,7,7,7,1.75,1.75,1.75
./resource/gamelogic/set/breed/mp\ger\gebirgsjager_pzfst_sa.set,ger,gebirgsjager_pzfst_sa,400,vet_7,elite,100,125,1,"['""g43"" filling ""ammo g43_mag"" 10', '""ammo g43_mag"" 20', '""ammo mauser_clip"" 60', '""ammo mg_mauser drum"" 50', '""bandage"" 5', '""grenade m24"" 2', '""smoke grenade"" 1', '""panzerfaust weapon"" filled']",0.95,1,1,n/a,7,7,7,7,7,7,1.75,1.75,1.75
./resource/gamelogic/set/breed/mp\ger\gebirgsjager_rifle.set,ger,gebirgsjager_rifle,400,vet_7,elite,100,125,1,"['""mauzer_vet"" filled', '""ammo mauser_clip"" 60', '""ammo mg_mauser drum"" 50', '""bandage"" 5', '""grenade m24"" 2', '""grenade m24x5""']",0.95,1,1,n/a,7,7,7,7,7,7,1.75,1.75,1.75
./resource/gamelogic/set/breed/mp\ger\gebirgsjager_sa.set,ger,gebirgsjager_sa,400,vet_7,elite,100,125,1,"['""g43"" filling ""ammo g43_mag"" 10', '""ammo g43_mag"" 20', '""ammo mauser_clip"" 60', '""ammo mg_mauser drum"" 50', '""bandage"" 5', '""grenade m24"" 2', '""grenade m24x5""', '""smoke grenade"" 1']",0.95,1,1,n/a,7,7,7,7,7,7,1.75,1.75,1.75
./resource/gamelogic/set/breed/mp\ger\gebirgsjager_sa_41.set,ger,gebirgsjager_sa_41,400,vet_7,elite,100,125,1,"['""g41"" filled', '""ammo mauser_clip"" 80', '""ammo mg_mauser drum"" 50', '""bandage"" 5', '""grenade m24"" 2', '""grenade m24x5""', '""smoke grenade"" 1']",0.95,1,1,n/a,7,7,7,7,7,7,1.75,1.75,1.75
./resource/gamelogic/set/breed/mp\ger\gebirgsjager_sl_asst_smg.set,ger,gebirgsjager_sl_asst_smg,400,vet_7,elite,100,125,1,"['""mp40"" filled', '""ammo mp40_mag"" 192', '""bandage"" 5', '""grenade m24"" 2', '""smoke grenade"" 2']",0.95,1,1,n/a,7,7,7,7,7,7,1.75,1.75,1.75
./resource/gamelogic/set/breed/mp\ger\gebirgsjager_sl_asst_stg.set,ger,gebirgsjager_sl_asst_stg,400,vet_7,elite,100,125,1,"['""sg44"" filled', '""ammo stg44_mag"" 180', '""bandage"" 5', '""grenade m24"" 2', '""smoke grenade"" 2']",0.95,1,1,n/a,7,7,7,7,7,7,1.75,1.75,1.75
./resource/gamelogic/set/breed/mp\ger\gebirgsjager_sl_smg.set,ger,gebirgsjager_sl_smg,400,vet_7,elite,100,125,1,"['""mp40"" filled', '""ammo mp40_mag"" 192', '""bandage"" 5', '""grenade m24"" 2', '""smoke grenade"" 2']",0.95,1,1,n/a,7,7,7,7,7,7,1.75,1.75,1.75
./resource/gamelogic/set/breed/mp\ger\gebirgsjager_sl_stg.set,ger,gebirgsjager_sl_stg,400,vet_7,elite,100,125,1,"['""sg44"" filled', '""ammo stg44_mag"" 180', '""bandage"" 5', '""grenade m24"" 2', '""smoke grenade"" 2']",0.95,1,1,n/a,7,7,7,7,7,7,1.75,1.75,1.75
./resource/gamelogic/set/breed/mp\ger\gebirgsjager_smg.set,ger,gebirgsjager_smg,400,vet_7,elite,100,125,1,"['""mp40"" filled', '""ammo mp40_mag"" 192', '""bandage"" 5', '""grenade m24"" 2', '""smoke grenade"" 2']",0.95,1,1,n/a,7,7,7,7,7,7,1.75,1.75,1.75
./resource/gamelogic/set/breed/mp\ger\gebirgsjager_stg.set,ger,gebirgsjager_stg,400,vet_7,elite,100,125,1,"['""sg44"" filled', '""ammo stg44_mag"" 180', '""bandage"" 5', '""grenade m24"" 2', '""grenade m24x5""', '""smoke grenade"" 1']",0.95,1,1,n/a,7,7,7,7,7,7,1.75,1.75,1.75
./resource/gamelogic/set/breed/mp\ger\grenadier_mg.set,ger,grenadier_mg,150,vet_4,1,100,100,0.9,"['""mg42_inf"" filled', '""ammo mg_mauser drum"" 300', '""valter"" filled', '""ammo walther_mag"" 16', '""bandage"" 3', '""sandbag_kit""', '""barrel_case""']",0.75,1,0.8,n/a,4,3,4,3,2,4,1.0,1.00,1.00
./resource/gamelogic/set/breed/mp\ger\grenadier_mg_39.set,ger,grenadier_mg_39,150,vet_4,1,100,100,0.9,"['""mg34"" filled', '""ammo mg_mauser drum"" 300', '""valter"" filled', '""ammo walther_mag"" 16', '""bandage"" 3', '""sandbag_kit""', '""barrel_case""']",0.75,1,0.8,n/a,4,3,4,3,2,4,1.0,1.00,1.00
./resource/gamelogic/set/breed/mp\ger\grenadier_mg_asst.set,ger,grenadier_mg_asst,150,vet_4,1,100,100,0.9,"['""mauzer"" filled', '""ammo mauser_clip"" 60', '""ammo mg_mauser belt"" 600', '""bandage"" 3', '""sandbag_kit""']",0.75,1,0.8,n/a,4,3,4,4,2,4,1.0,1.00,1.00
./resource/gamelogic/set/breed/mp\ger\grenadier_ober.set,ger,grenadier_ober,200,vet_5,n/a,100,100,0.9,"['""mauzer"" filled', '""ammo mauser_clip"" 60', '""ammo mg_mauser drum"" 50', '""bandage"" 5', '""grenade m24"" 2', '""grenade m24x5"" -1 2', '""smoke grenade""', '""sandbag_kit""']",0.75,1,0.8,n/a,5,4,4,5,3,5,1.25,1.25,1.25
./resource/gamelogic/set/breed/mp\ger\grenadier_ober_44.set,ger,grenadier_ober_44,200,vet_5,1,100,100,0.9,"['""mauzer"" filled', '""ammo mauser_clip"" 60', '""ammo mg_mauser drum"" 50', '""bandage"" 3', '""grenade m24"" 2', '""grenade m24x5"" -1 2', '""smoke grenade""', '""sandbag_kit""', '""panzerfaust_60 weapon"" 0 1 filled']",0.75,1,0.8,n/a,5,4,4,5,3,5,1.25,1.25,1.25
./resource/gamelogic/set/breed/mp\ger\grenadier_pzfst.set,ger,grenadier_pzfst,150,vet_4,n/a,100,100,0.9,"['""mauzer"" filled', '""ammo mauser_clip"" 60', '""ammo mg_mauser drum"" 50', '""bandage"" 3', '""grenade m24"" 2', '""sandbag_kit""', '""grenade m24x5"" -1 2', '""panzerfaust weapon"" filled']",0.75,1,0.8,n/a,4,3,2,4,4,4,1.0,1.00,1.00
./resource/gamelogic/set/breed/mp\ger\grenadier_rifle.set,ger,grenadier_rifle,150,vet_4,1,100,100,0.9,"['""mauzer"" filled', '""ammo mauser_clip"" 60', '""ammo mg_mauser drum"" 50', '""bandage"" 3', '""grenade m24"" 2', '""grenade m24x5"" -1 2', '""sandbag_kit""']",0.75,1,0.8,n/a,4,3,2,4,2,4,1.0,1.00,1.00
./resource/gamelogic/set/breed/mp\ger\grenadier_rifle_44.set,ger,grenadier_rifle_44,150,vet_4,1,100,100,0.9,"['""mauzer"" filled', '""ammo mauser_clip"" 60', '""ammo mg_mauser drum"" 50', '""bandage"" 3', '""grenade m24"" 2', '""sandbag_kit""', '""grenade m24x5"" -1 2', '""panzerfaust_60 weapon"" 0 1 filled']",0.75,1,0.8,n/a,4,3,2,4,2,4,1.0,1.00,1.00
./resource/gamelogic/set/breed/mp\ger\grenadier_rifle_grenadier.set,ger,grenadier_rifle_grenadier,150,vet_4,1,100,100,0.9,"['""mauzer"" filled', '""ammo mauser_clip"" 60', '""ammo mg_mauser drum"" 50', '""bandage"" 3', '""k98_gewehrgranat"" filling ""k98_grenade fg"" 1', '""k98_grenade fg"" 6 1', '""k98_grenade ap"" 1 1', '""sandbag_kit""']",0.75,1,0.8,n/a,4,3,2,4,2,4,1.0,1.00,1.00
./resource/gamelogic/set/breed/mp\ger\grenadier_sa.set,ger,grenadier_sa,150,vet_4,1,100,100,0.9,"['""g43"" filling ""ammo g43_mag"" 10', '""ammo g43_mag"" 20', '""ammo mauser_clip"" 60', '""ammo mg_mauser drum"" 50', '""bandage"" 3', '""grenade m24"" 2', '""grenade m24x5"" -1 2', '""sandbag_kit""']",0.75,1,0.8,n/a,4,3,2,4,2,4,1.0,1.00,1.00
./resource/gamelogic/set/breed/mp\ger\grenadier_sa_41.set,ger,grenadier_sa_41,150,vet_4,1,100,100,0.9,"['""g41"" filled', '""ammo mauser_clip"" 80', '""ammo mg_mauser drum"" 50', '""bandage"" 3', '""grenade m24"" 2', '""grenade m24x5"" -1 2', '""sandbag_kit""']",0.75,1,0.8,n/a,4,3,2,4,2,4,1.0,1.00,1.00
./resource/gamelogic/set/breed/mp\ger\grenadier_sa_44.set,ger,grenadier_sa_44,150,vet_4,1,100,100,0.9,"['""g43"" filling ""ammo g43_mag"" 10', '""ammo g43_mag"" 20', '""ammo mauser_clip"" 60', '""ammo mg_mauser drum"" 50', '""bandage"" 3', '""grenade m24"" 2', '""grenade m24x5"" -1 2', '""sandbag_kit""', '""panzerfaust_60 weapon"" 0 1 filled']",0.75,1,0.8,n/a,4,3,2,4,2,4,1.0,1.00,1.00
./resource/gamelogic/set/breed/mp\ger\grenadier_smg.set,ger,grenadier_smg,150,vet_4,1,100,100,0.9,"['""mp40"" filled', '""ammo mp40_mag"" 192', '""bandage"" 3', '""grenade m24"" 2', '""grenade m24x5"" -1 2']",0.75,1,0.8,n/a,4,4,2,3,2,4,1.0,1.00,1.00
./resource/gamelogic/set/breed/mp\ger\grenadier_smg_39.set,ger,grenadier_smg_39,150,vet_4,1,100,100,0.9,"['""mp38"" filled', '""ammo mp40_mag"" 192', '""bandage"" 3', '""grenade m24"" 2', '""grenade m24x5"" -1 2']",0.75,1,0.8,n/a,4,4,2,3,2,4,1.0,1.00,1.00
./resource/gamelogic/set/breed/mp\ger\grenadier_stg.set,ger,grenadier_stg,150,vet_4,1,100,100,0.9,"['""sg44"" filled', '""ammo stg44_mag"" 180', '""bandage"" 3', '""grenade m24"" 2', '""grenade m24x5"" -1 2', '""panzerfaust_60 weapon"" 0 1 filled']",0.75,1,0.8,n/a,4,4,2,3,2,4,1.0,1.00,1.00
./resource/gamelogic/set/breed/mp\ger\grenadier_stg_42.set,ger,grenadier_stg_42,150,vet_4,1,100,100,0.9,"['""mkb42"" filled', '""ammo stg44_mag"" 180', '""bandage"" 3', '""grenade m24"" 2', '""grenade m24x5"" -1 2']",0.75,1,0.8,n/a,4,4,2,3,2,4,1.0,1.00,1.00
./resource/gamelogic/set/breed/mp\ger\grenadier_stg_43.set,ger,grenadier_stg_43,150,vet_4,1,100,100,0.9,"['""mp43"" filled', '""ammo stg44_mag"" 180', '""bandage"" 3', '""grenade m24"" 2', '""grenade m24x5"" -1 2']",0.75,1,0.8,n/a,4,4,2,3,2,4,1.0,1.00,1.00
./resource/gamelogic/set/breed/mp\ger\home_guard.set,ger,home_guard,100,vet_1,1,100,100,0.8,"['""mauzer"" filled', '""ammo mauser_clip"" 60', '""bandage"" 3', '""faustpatrone_30 weapon"" 0 1 filled']",0.75,0.8,0.8,n/a,1,1,1,1,2,2,0.25,0.25,0.25
./resource/gamelogic/set/breed/mp\ger\home_guard2.set,ger,home_guard2,100,vet_1,1,100,100,0.8,"['""mp3008"" filled', '""ammo mp40_mag"" 192', '""bandage"" 3', '""faustpatrone_30 weapon"" 0 1 filled']",0.75,0.8,0.8,n/a,1,1,1,1,2,2,0.25,0.25,0.25
./resource/gamelogic/set/breed/mp\ger\home_guard3.set,ger,home_guard3,100,vet_1,1,100,100,0.8,"['""mauzer"" filled', '""ammo mauser_clip"" 60', '""bandage"" 3', '""panzerfaust_30 weapon"" 0 1 filled']",0.75,0.8,0.8,n/a,1,1,1,1,2,2,0.25,0.25,0.25
./resource/gamelogic/set/breed/mp\ger\home_guard4.set,ger,home_guard4,100,vet_1,1,100,100,0.8,"['""vsg"" filled', '""ammo stg44_mag"" 180', '""bandage"" 3', '""panzerfaust_60 weapon"" 0 1 filled']",0.75,0.8,0.8,n/a,1,1,1,1,2,2,0.25,0.25,0.25
./resource/gamelogic/set/breed/mp\ger\jager_mg.set,ger,jager_mg,200,vet_5,1,100,100,0.9,"['""mg42_inf"" filled', '""ammo mg_mauser drum"" 300', '""valter"" filled', '""ammo walther_mag"" 16', '""bandage"" 3', '""sandbag_kit""', '""barrel_case""']",0.75,1,0.8,n/a,5,3,5,4,2,5,1.25,1.25,1.25
./resource/gamelogic/set/breed/mp\ger\jager_mg_asst.set,ger,jager_mg_asst,200,vet_5,1,100,100,0.9,"['""mauzer"" filled', '""ammo mauser_clip"" 60', '""ammo mg_mauser belt"" 600', '""bandage"" 3', '""sandbag_kit""']",0.75,1,0.8,n/a,4,3,5,5,2,5,1.25,1.25,1.25
./resource/gamelogic/set/breed/mp\ger\jager_pzfst.set,ger,jager_pzfst,200,vet_5,1,100,100,0.9,"['""mauzer"" filled', '""ammo mauser_clip"" 60', '""ammo mg_mauser drum"" 50', '""bandage"" 3', '""grenade m24"" 2', '""grenade m24x5"" 0 1', '""panzerfaust_60 weapon"" filled']",0.75,1,0.8,n/a,4,3,2,5,5,5,1.25,1.25,1.25
./resource/gamelogic/set/breed/mp\ger\jager_rifle.set,ger,jager_rifle,200,vet_5,1,100,100,0.9,"['""mauzer"" filled', '""ammo mauser_clip"" 60', '""ammo mg_mauser drum"" 50', '""bandage"" 3', '""grenade m24"" 2', '""grenade m24x5"" 0 1']",0.75,1,0.8,n/a,4,3,2,5,3,5,1.25,1.25,1.25
./resource/gamelogic/set/breed/mp\ger\jager_sa.set,ger,jager_sa,200,vet_5,1,100,100,0.9,"['""g43"" filling ""ammo g43_mag"" 10', '""ammo g43_mag"" 20', '""ammo mauser_clip"" 60', '""ammo mg_mauser drum"" 50', '""bandage"" 3', '""grenade m24"" 2', '""grenade m24x5"" 0 1']",0.75,1,0.8,n/a,4,3,2,5,3,5,1.25,1.25,1.25
./resource/gamelogic/set/breed/mp\ger\jager_sa_41.set,ger,jager_sa_41,200,vet_5,1,100,100,0.9,"['""g41"" filled', '""ammo mauser_clip"" 80', '""ammo mg_mauser drum"" 50', '""bandage"" 3', '""grenade m24"" 2', '""grenade m24x5"" 0 1']",0.75,1,0.8,n/a,4,3,2,5,3,5,1.25,1.25,1.25
./resource/gamelogic/set/breed/mp\ger\jager_sl_smg.set,ger,jager_sl_smg,200,vet_5,1,100,100,0.9,"['""mp40"" filled', '""ammo mp40_mag"" 192', '""bandage"" 3', '""grenade m24"" 2', '""grenade m24x5"" 0 1', '""smoke grenade"" 2']",0.85,1,0.9,n/a,5,5,4,5,4,5,1.25,1.25,1.25
./resource/gamelogic/set/breed/mp\ger\jager_sl_smg_asst.set,ger,jager_sl_smg_asst,200,vet_5,1,100,100,0.9,"['""mp40"" filled', '""ammo mp40_mag"" 192', '""bandage"" 3', '""grenade m24"" 2', '""grenade m24x5"" 0 1', '""smoke grenade"" 2']",0.85,1,0.9,n/a,5,5,4,5,4,5,1.25,1.25,1.25
./resource/gamelogic/set/breed/mp\ger\jager_sl_stg.set,ger,jager_sl_stg,200,vet_5,1,100,100,0.9,"['""sg44"" filled', '""ammo stg44_mag"" 180', '""bandage"" 3', '""grenade m24"" 2', '""grenade m24x5"" 0 1', '""smoke grenade"" 2']",0.85,1,0.9,n/a,5,5,4,5,4,5,1.25,1.25,1.25
./resource/gamelogic/set/breed/mp\ger\jager_sl_stg_asst.set,ger,jager_sl_stg_asst,200,vet_5,1,100,100,0.9,"['""sg44"" filled', '""ammo stg44_mag"" 180', '""bandage"" 3', '""grenade m24"" 2', '""grenade m24x5"" 0 1', '""smoke grenade"" 2']",0.85,1,0.9,n/a,5,5,4,5,4,5,1.25,1.25,1.25
./resource/gamelogic/set/breed/mp\ger\jager_smg.set,ger,jager_smg,200,vet_5,1,100,100,0.9,"['""mp40"" filled', '""ammo mp40_mag"" 192', '""bandage"" 3', '""grenade m24"" 2', '""grenade m24x5"" 0 1', '""smoke grenade"" 1']",0.75,1,0.8,n/a,4,5,2,3,3,5,1.25,1.25,1.25
./resource/gamelogic/set/breed/mp\ger\jager_stg.set,ger,jager_stg,200,vet_5,1,100,100,0.9,"['""sg44"" filled', '""ammo stg44_mag"" 180', '""bandage"" 3', '""grenade m24"" 2', '""grenade m24x5"" 0 1', '""smoke grenade"" 1']",0.75,1,0.8,n/a,4,5,2,3,3,5,1.25,1.25,1.25
./resource/gamelogic/set/breed/mp\ger\light_mortar.set,ger,light_mortar,150,vet_3,1,100,100,0.9,"['""mortar_legrw_36"" filled', '""ammo mortar50 ger fg"" 12', '""bandage"" 3']",0.75,1,0.8,n/a,4,3,2,5,2,4,0.75,0.75,0.75
./resource/gamelogic/set/breed/mp\ger\light_mortar2.set,ger,light_mortar2,150,vet_4,1,100,100,0.9,"['""mauzer"" filled', '""ammo mauser_clip"" 60', '""ammo mortar50 ger fg"" 8', '""bandage"" 3', '""grenade m24"" 2', '""sandbag_kit""']",0.75,1,0.8,n/a,4,3,2,5,2,4,1.0,1.00,1.00
./resource/gamelogic/set/breed/mp\ger\medic.set,ger,medic,150,n/a,1,100,100,0.9,"['""mauzer"" filled', '""ammo mauser_clip"" 60', '""bandage"" 25', '""morphine"" 1']",0.75,1,0.8,n/a,4,3,2,4,2,4,n/a,n/a,n/a
./resource/gamelogic/set/breed/mp\ger\mgun.set,ger,mgun,150,vet_3,1,100,100,0.9,"['""mg42_inf"" filled', '""ammo mg_mauser drum"" 300', '""valter"" filled', '""ammo walther_mag"" 16', '""bandage"" 3', '""sandbag_kit"" 1', '""barrel_case""']",0.75,1,0.8,n/a,4,3,4,3,2,4,0.75,0.75,0.75
./resource/gamelogic/set/breed/mp\ger\mgun2.set,ger,mgun2,150,vet_3,1,100,100,0.9,"['""mg34"" filled', '""ammo mg_mauser drum"" 300', '""valter"" filled', '""ammo walther_mag"" 16', '""bandage"" 3', '""sandbag_kit""', '""barrel_case""']",0.75,1,0.8,n/a,4,3,4,3,2,4,0.75,0.75,0.75
./resource/gamelogic/set/breed/mp\ger\oficer.set,ger,oficer,250,oficer,n/a,100,100,1,"['""luger"" filled', '""ammo walther_mag"" 32', '""knife_ger""', '""binocular""', '""bandage"" 3', '""bandage"" 5']",0.85,1,0.9,n/a,5,5,5,5,5,5,-10.0,20.00,10.0
./resource/gamelogic/set/breed/mp\ger\oficer_panzer.set,ger,oficer_panzer,250,oficer_armor,1,100,100,1.0,"['""luger"" filled', '""ammo walther_mag"" 32', '""smoke_paradrop_ammo_heavy grenade"" 5', '""knife_ger""', '""binocular""']",0.85,1,0.9,4,5,5,5,5,5,5,-40.0,10.00,10.0
./resource/gamelogic/set/breed/mp\ger\pzgren_pio1.set,ger,pzgren_pio1,150,vet_4,1,100,100,0.9,"['""mauzer"" filled', '""ammo mauser_clip"" 60', '""bandage"" 3', '""mine s_mine"" 14', '""sandbag_kit"" 2', '""grenade m24"" 2', '""panzerfaust_60 weapon"" filled', '""dynamite_ladung"" 2', '""smoke grenade"" 1', '""hohlladung grenade""', '""ammo panzershreck"" 3', '""sandbag_kit"" 3', '""dynamite_ladung"" 1']",0.75,1,0.8,n/a,4,3,2,4,4,4,1.0,1.00,1.00
./resource/gamelogic/set/breed/mp\ger\pzgren_pio2.set,ger,pzgren_pio2,150,vet_4,1,100,100,0.9,"['""mauzer"" filled', '""ammo mauser_clip"" 60', '""bandage"" 3', '""hedgehog_kit"" 1', '""dynamite_ladung"" 2', '""trench_spade""', '""mine antitank"" 2', '""grenade m24"" 2', '""mine antitank"" 2', '""dynamite_ladung"" 4', '""hohlladung grenade""', '""hedgehog_kit"" 1', '""trench_spade""']",0.85,1,0.9,n/a,4,3,2,4,2,4,1.0,1.00,1.00
./resource/gamelogic/set/breed/mp\ger\pzgren_pio3.set,ger,pzgren_pio3,150,vet_4,1,100,100,0.9,"['""mauzer"" filled', '""ammo mauser_clip"" 60', '""bandage"" 3', '""mine antitank"" 4', '""grenade m24"" 2', '""mine_detector""', '""dynamite_ladung"" 2', '""mine s_mine"" 20', '""mine_detector""', '""trench_spade"" 1']",0.85,1,0.9,n/a,4,3,2,4,2,4,1.0,1.00,1.00
./resource/gamelogic/set/breed/mp\ger\pzgren_pio4.set,ger,pzgren_pio4,150,vet_4,1,100,100,0.9,"['""mauzer"" filled', '""ammo mauser_clip"" 60', '""grenade m24x5"" 1', '""mine antitank"" 5', '""bandage"" 3', '""dynamite_ladung"" 1', '""mine antitank"" 1', '""grenade m24"" 2', '""trench_spade"" 1', '""sandbag_kit"" 3', '""hedgehog_kit"" 1']",0.75,1,0.8,n/a,4,3,2,4,2,4,1.0,1.00,1.00
./resource/gamelogic/set/breed/mp\ger\pzgren_pio_at.set,ger,pzgren_pio_at,150,vet_4,1,100,100,0.9,"['""weapon panzershreck"" filled', '""bandage"" 3', '""hohlladung grenade""', '""ammo panzershreck"" 5', '""valter"" filled', '""ammo walther_mag"" 16', '""sandbag_kit""']",0.75,1,0.8,n/a,4,3,2,4,4,4,1.0,1.00,1.00
./resource/gamelogic/set/breed/mp\ger\pzgren_pio_flamer.set,ger,pzgren_pio_flamer,150,vet_4,1,100,100,0.9,"['""flame_thrower_g""', '""balloon_g"" filled', '""bandage"" 3']",0.75,1,0.8,n/a,4,4,2,3,2,4,1.0,1.00,1.00
./resource/gamelogic/set/breed/mp\ger\pzgren_pio_mg.set,ger,pzgren_pio_mg,150,vet_4,1,100,100,0.9,"['""mg42_inf"" filled', '""ammo mg_mauser drum"" 300', '""valter"" filled', '""ammo walther_mag"" 16', '""bandage"" 3', '""sandbag_kit"" 2', '""barrel_case""']",0.75,1,0.8,n/a,4,3,4,3,2,4,1.0,1.00,1.00
./resource/gamelogic/set/breed/mp\ger\pzgren_pio_mg_asst.set,ger,pzgren_pio_mg_asst,150,vet_4,1,100,100,0.9,"['""mauzer"" filled', '""ammo mauser_clip"" 60', '""ammo mg_mauser belt"" 600', '""grenade m24"" 2', '""bandage"" 3', '""trench_spade"" 1', '""smoke grenade"" 1']",0.75,1,0.8,n/a,4,3,4,4,2,4,1.0,1.00,1.00
./resource/gamelogic/set/breed/mp\ger\pzgren_pio_sl.set,ger,pzgren_pio_sl,200,vet_5,1,100,100,0.9,"['""mp40"" filled', '""ammo mp40_mag"" 192', '""bandage"" 3', '""grenade m24"" 2', '""grenade m24x5"" 1', '""smoke grenade"" 2', '""hohlladung grenade""', '""sandbag_kit"" 2']",0.85,1,0.9,n/a,4,5,3,4,2,5,1.25,1.25,1.25
./resource/gamelogic/set/breed/mp\ger\radioman.set,ger,radioman,150,radioman,n/a,100,100,0.9,"['""mp40"" filled', '""flaergun"" filled', '""ammo mp40_mag"" 192', '""ammo flaer"" 50', '""bandage"" 3']",0.75,1,0.8,n/a,6,4,2,3,2,4,5.0,20.00,1.0
./resource/gamelogic/set/breed/mp\ger\radioman_mortar.set,ger,radioman_mortar,150,radioman,1,100,100,0.9,"['""mp40"" filled', '""mortar_flaergun"" filled', '""ammo mp40_mag"" 192', '""ammo mortar_flaer"" 5', '""bandage"" 3']",0.75,1,0.8,n/a,4,4,2,3,2,4,5.0,20.00,1.0
./resource/gamelogic/set/breed/mp\ger\recon_mg.set,ger,recon_mg,150,vet_3,1,100,100,0.9,"['""mg42_inf"" filled', '""ammo mg_mauser drum"" 300', '""valter"" filled', '""ammo walther_mag"" 16', '""bandage"" 3', '""barrel_case""']",0.75,1,0.8,n/a,4,3,4,3,2,4,0.75,0.75,0.75
./resource/gamelogic/set/breed/mp\ger\recon_pzfst.set,ger,recon_pzfst,150,vet_3,1,100,100,0.9,"['""mauzer"" filled', '""ammo mauser_clip"" 60', '""ammo mg_mauser drum"" 50', '""bandage"" 3', '""grenade m24"" 2', '""panzerfaust_60 weapon"" filled']",0.75,1,0.8,n/a,4,3,2,4,4,4,0.75,0.75,0.75
./resource/gamelogic/set/breed/mp\ger\recon_rifle.set,ger,recon_rifle,150,vet_3,1,100,100,0.9,"['""mauzer"" filled', '""ammo mauser_clip"" 60', '""ammo mg_mauser drum"" 50', '""bandage"" 3', '""grenade m24"" 2']",0.75,1,0.8,n/a,4,3,2,4,2,4,0.75,0.75,0.75
./resource/gamelogic/set/breed/mp\ger\recon_sa.set,ger,recon_sa,150,vet_3,1,100,100,0.9,"['""g43"" filling ""ammo g43_mag"" 10', '""ammo g43_mag"" 20', '""ammo mauser_clip"" 60', '""ammo mg_mauser drum"" 50', '""bandage"" 3', '""grenade m24"" 2']",0.75,1,0.8,n/a,4,3,2,4,2,4,0.75,0.75,0.75
./resource/gamelogic/set/breed/mp\ger\recon_sl.set,ger,recon_sl,200,vet_3,1,100,100,0.9,"['""mp40"" filled', '""ammo mp40_mag"" 192', '""bandage"" 3', '""grenade m24"" 2', '""grenade m24x5"" 1', '""smoke grenade"" 2']",0.85,1,0.9,n/a,5,5,3,4,2,5,0.75,0.75,0.75
./resource/gamelogic/set/breed/mp\ger\recon_sl_rifle.set,ger,recon_sl_rifle,200,vet_4,1,100,100,0.9,"['""mauzer"" filled', '""ammo mauser_clip"" 60', '""bandage"" 3', '""grenade m24"" 2', '""grenade m24x5"" 1', '""smoke grenade"" 2']",0.85,1,0.9,n/a,5,4,3,5,2,5,1.0,1.00,1.00
./resource/gamelogic/set/breed/mp\ger\recon_sl_stg.set,ger,recon_sl_stg,200,vet_4,1,100,100,0.9,"['""sg44"" filled', '""ammo stg44_mag"" 180', '""bandage"" 3', '""grenade m24"" 2', '""grenade m24x5"" 1', '""smoke grenade"" 2']",0.85,1,0.9,n/a,5,5,3,4,2,5,1.0,1.00,1.00
./resource/gamelogic/set/breed/mp\ger\recon_stg.set,ger,recon_stg,150,vet_3,1,100,100,0.9,"['""sg44"" filled', '""ammo stg44_mag"" 180', '""bandage"" 3', '""grenade m24"" 2', '""grenade m24x5""']",0.75,1,0.8,n/a,4,4,2,3,2,4,0.75,0.75,0.75
./resource/gamelogic/set/breed/mp\ger\rifle.set,ger,rifle,150,vet_3,1,100,100,0.9,"['""mauzer"" filled', '""ammo mauser_clip"" 60', '""ammo mg_mauser drum"" 50', '""bandage"" 3', '""grenade m24"" 2', '""sandbag_kit"" 1']",0.75,1,0.8,n/a,4,3,2,4,2,4,0.75,0.75,0.75
./resource/gamelogic/set/breed/mp\ger\rifle2.set,ger,rifle2,150,vet_2,1,100,100,0.9,"['""mauzer"" filled', '""ammo mauser_clip"" 60', '""ammo mg_mauser drum"" 50', '""bandage"" 3', '""grenade m24"" 2', '""sandbag_kit"" 1']",0.75,1,0.8,n/a,4,3,2,4,2,4,0.50,0.50,0.50
./resource/gamelogic/set/breed/mp\ger\saper.set,ger,saper,150,saper,1,100,100,0.9,"['""mp40"" filled', '""ammo mp40_mag"" 192', '""mine_detector""', '""dynamite_ladung"" 2', '""hohlladung grenade""', '""trench_spade""']",0.85,1,0.9,n/a,4,4,2,3,2,4,1.0,1.00,1.0
./resource/gamelogic/set/breed/mp\ger\smg.set,ger,smg,150,vet_3,1,100,100,0.9,"['""mp40"" filled', '""ammo mp40_mag"" 192', '""bandage"" 3', '""grenade m24"" 2', '""grenade m24x5"" 1']",0.75,1,0.8,n/a,4,4,2,3,2,4,0.75,0.75,0.75
./resource/gamelogic/set/breed/mp\ger\smg2.set,ger,smg2,150,vet_2,1,100,100,0.9,"['""mp40"" filled', '""ammo mp40_mag"" 192', '""bandage"" 3', '""grenade m24"" 2', '""grenade m24x5"" 1']",0.75,1,0.8,n/a,4,4,2,3,2,4,0.50,0.50,0.50
./resource/gamelogic/set/breed/mp\ger\sniper.set,ger,sniper,350,sniper,1,100,100,1.0,"['""mauzer_s"" filled', '""ammo mauser_clip"" 60', '""bandage"" 5', '""smoke_paradrop_ammo grenade"" 1', '""plant"" 3', '""knife_ger""']",0.75,1,0.8,n/a,4,3,2,6,2,4,5.0,8.00,2.0
./resource/gamelogic/set/breed/mp\ger\sniper2.set,ger,sniper2,350,sniper,1,100,100,1.0,"['""mauzer_s_vet"" filled', '""ammo mauser_clip"" 60', '""ammo mauser_clip fg"" 20', '""bandage"" 5', '""smoke_paradrop_ammo grenade"" 1', '""plant"" 3', '""knife_ger""']",0.85,1,0.9,n/a,7,7,7,7,7,7,5.0,8.00,2.0
./resource/gamelogic/set/breed/mp\ger\sniper2_early.set,ger,sniper2_early,350,sniper,1,100,100,1.0,"['""mauzer_s_vet"" filled', '""ammo mauser_clip"" 60', '""bandage"" 5', '""smoke_paradrop_ammo grenade"" 1', '""plant"" 3', '""knife_ger""']",0.85,1,0.9,n/a,7,7,7,7,7,7,5.0,8.00,2.0
./resource/gamelogic/set/breed/mp\ger\sniper3.set,ger,sniper3,350,sniper,1,100,100,1.0,"['""g43_scope"" filling ""ammo g43_mag"" 10', '""ammo g43_mag"" 60', '""bandage"" 5', '""smoke_paradrop_ammo grenade"" 1', '""plant"" 3', '""knife_ger""']",0.75,1,0.8,n/a,4,3,2,6,2,4,5.0,8.00,2.0
./resource/gamelogic/set/breed/mp\ger\squadleader.set,ger,squadleader,200,vet_4,1,100,100,0.9,"['""mp40"" filled', '""ammo mp40_mag"" 192', '""bandage"" 3', '""grenade m24"" 2', '""grenade m24x5"" 1', '""smoke grenade"" 2']",0.85,1,0.9,n/a,5,5,3,4,2,5,1.0,1.00,1.00
./resource/gamelogic/set/breed/mp\ger\squadleader2.set,ger,squadleader2,200,vet_3,1,100,100,0.9,"['""sg44"" filled', '""ammo stg44_mag"" 180', '""bandage"" 3', '""grenade m24"" 2', '""grenade m24x5"" 1', '""smoke grenade"" 1']",0.85,1,0.9,n/a,5,5,3,4,2,5,0.75,0.75,0.75
./resource/gamelogic/set/breed/mp\ger\squadleader_39.set,ger,squadleader_39,200,vet_3,1,100,100,0.9,"['""mp38"" filled', '""ammo mp40_mag"" 192', '""bandage"" 3', '""grenade m24"" 2', '""grenade m24x5"" 1', '""smoke grenade"" 2']",0.85,1,0.9,n/a,5,5,3,4,2,5,0.75,0.75,0.75
./resource/gamelogic/set/breed/mp\ger\squadleader_40.set,ger,squadleader_40,200,vet_3,1,100,100,0.9,"['""mp40"" filled', '""ammo mp40_mag"" 192', '""bandage"" 3', '""grenade m24"" 2', '""grenade m24x5"" 1', '""smoke grenade"" 1']",0.85,1,0.9,n/a,5,5,3,4,2,5,0.75,0.75,0.75
./resource/gamelogic/set/breed/mp\ger\sturmgren_39.set,ger,sturmgren_39,150,vet_4,1,100,100,0.9,"['""mp38"" filled', '""ammo mp40_mag"" 192', '""bandage"" 3', '""m24 grenade"" 2', '""grenade m24x5"" 0 1', '""smoke grenade""']",0.75,1,0.8,n/a,4,4,2,3,2,4,1.0,1.00,1.00
./resource/gamelogic/set/breed/mp\ger\sturmgren_40.set,ger,sturmgren_40,150,vet_4,1,100,100,0.9,"['""mp40"" filled', '""ammo mp40_mag"" 192', '""bandage"" 3', '""grenade m24"" 2', '""grenade m24x5"" 0 1', '""smoke grenade""']",0.75,1,0.8,n/a,4,4,2,3,2,4,1.0,1.00,1.00
./resource/gamelogic/set/breed/mp\ger\sturmgren_rifle.set,ger,sturmgren_rifle,150,vet_4,1,100,100,0.9,"['""mauzer"" filled', '""ammo mauser_clip"" 60', '""bandage"" 3', '""grenade m24"" 2', '""grenade m24x5"" 0 1', '""sandbag_kit""']",0.75,1,0.8,n/a,4,3,2,4,2,4,1.0,1.00,1.00
./resource/gamelogic/set/breed/mp\ger\sturmgren_sg44.set,ger,sturmgren_sg44,150,vet_4,1,100,100,0.9,"['""sg44"" filled', '""ammo stg44_mag"" 180', '""bandage"" 3', '""m24 grenade"" 2', '""grenade m24x5"" 0 1', '""smoke grenade""', '""panzerfaust_60 weapon"" 0 1 filled']",0.75,1,0.8,n/a,4,4,2,3,2,4,1.0,1.00,1.00
./resource/gamelogic/set/breed/mp\ger\sturmgren_sg44_pzfst.set,ger,sturmgren_sg44_pzfst,150,vet_4,1,100,100,0.9,"['""sg44"" filled', '""ammo stg44_mag"" 180', '""bandage"" 3', '""m24 grenade"" 2', '""grenade m24x5"" 0 1', '""smoke grenade""', '""panzerfaust weapon"" 0 1 filled']",0.75,1,0.8,n/a,4,4,2,3,4,4,1.0,1.00,1.00
./resource/gamelogic/set/breed/mp\ger\sturmgren_sl_asst.set,ger,sturmgren_sl_asst,150,vet_4,1,100,100,0.9,"['""sg44"" filled', '""ammo stg44_mag"" 180', '""bandage"" 3', '""m24 grenade"" 2', '""grenade m24x5"" 0 1', '""smoke grenade""', '""panzerfaust_60 weapon"" 0 1 filled']",0.75,1,0.8,n/a,4,5,2,3,2,4,1.0,1.00,1.00
./resource/gamelogic/set/breed/mp\ger\sturmgren_sl_asst_40.set,ger,sturmgren_sl_asst_40,150,vet_4,1,100,100,0.9,"['""mp40"" filled', '""ammo mp40_mag"" 192', '""bandage"" 3', '""grenade m24"" 2', '""grenade m24x5"" 0 1', '""smoke grenade""']",0.75,1,0.8,n/a,4,5,2,3,2,4,1.0,1.00,1.00
./resource/gamelogic/set/breed/mp\ger\sturmovik.set,ger,sturmovik,200,vet_5,1,100,100,0.9,"['""sg44"" filled', '""ammo stg44_mag"" 180', '""bandage"" 5', '""grenade m24"" 2', '""grenade m24x5"" 0 1']",0.85,1,0.9,n/a,5,5,4,4,4,5,1.25,1.25,1.25
./resource/gamelogic/set/breed/mp\ger\sturmovik2.set,ger,sturmovik2,200,vet_5,1,100,100,0.9,"['""g43"" filling ""ammo g43_mag"" 10', '""ammo g43_mag"" 20', '""ammo mauser_clip"" 60', '""ammo mg_mauser drum"" 50', '""bandage"" 5', '""grenade m24"" 2', '""grenade m24x5"" 0 1', '""sandbag_kit""']",0.85,1,0.9,n/a,5,4,4,5,4,5,1.25,1.25,1.25
./resource/gamelogic/set/breed/mp\ger\sturmovik2_39.set,ger,sturmovik2_39,200,vet_5,1,100,100,0.9,"['""mauzer"" filled', '""ammo mauser_clip"" 60', '""ammo mg_mauser drum"" 50', '""bandage"" 5', '""grenade m24"" 2', '""grenade m24x5"" 0 1', '""dynamite""']",0.85,1,0.9,n/a,5,4,4,5,4,5,1.25,1.25,1.25
./resource/gamelogic/set/breed/mp\ger\sturmovik2_41.set,ger,sturmovik2_41,200,vet_5,1,100,100,0.9,"['""g41"" filled', '""ammo mauser_clip"" 80', '""ammo mg_mauser drum"" 50', '""bandage"" 5', '""grenade m24"" 2', '""grenade m24x5"" 0 1', '""dynamite""']",0.85,1,0.9,n/a,5,4,4,5,4,5,1.25,1.25,1.25
./resource/gamelogic/set/breed/mp\ger\sturmovik3.set,ger,sturmovik3,200,vet_5,1,100,100,0.9,"['""mauzer"" filled', '""ammo mauser_clip"" 60', '""bandage"" 5', '""grenade m24"" 2', '""grenade m24x5"" 0 1', '""panzerfaust weapon"" filled']",0.85,1,0.9,n/a,5,5,4,4,5,5,1.25,1.25,1.25
./resource/gamelogic/set/breed/mp\ger\sturmovik4.set,ger,sturmovik4,200,vet_5,1,100,100,0.9,"['""mauzer"" filled', '""ammo mauser_clip"" 60', '""ammo mg_mauser drum"" 50', '""bandage"" 5', '""grenade m24"" 2', '""grenade m24x5"" 0 1', '""sandbag_kit""']",0.85,1,0.9,n/a,5,4,4,5,4,5,1.25,1.25,1.25
./resource/gamelogic/set/breed/mp\ger\sturmovik4b.set,ger,sturmovik4b,200,vet_5,1,100,100,0.9,"['""g43"" filling ""ammo g43_mag"" 10', '""ammo g43_mag"" 20', '""ammo mauser_clip"" 60', '""ammo mg_mauser drum"" 50', '""bandage"" 5', '""grenade m24"" 2', '""grenade m24x5"" 0 1', '""sandbag_kit""']",0.85,1,0.9,n/a,5,4,4,5,4,5,1.25,1.25,1.25
./resource/gamelogic/set/breed/mp\ger\sturmovik4b_41.set,ger,sturmovik4b_41,200,vet_5,1,100,100,0.9,"['""g41"" filled', '""ammo mauser_clip"" 80', '""ammo mg_mauser drum"" 50', '""bandage"" 5', '""grenade m24"" 2', '""grenade m24x5"" 0 1', '""sandbag_kit""']",0.85,1,0.9,n/a,5,4,4,5,4,5,1.25,1.25,1.25
./resource/gamelogic/set/breed/mp\ger\sturmovik5.set,ger,sturmovik5,200,vet_5,1,100,100,0.9,"['""weapon panzershreck"" filled', '""bandage"" 5', '""grenade hohlladung""', '""ammo panzershreck"" 7', '""valter"" filled', '""ammo walther_mag"" 16']",0.85,1,0.9,n/a,5,5,4,4,6,5,1.25,1.25,1.25
./resource/gamelogic/set/breed/mp\ger\sturmovik5b.set,ger,sturmovik5b,200,vet_5,1,100,100,0.9,"['""mp40"" filled', '""ammo mp40_mag"" 192', '""bandage"" 5', '""grenade m24"" 2', '""grenade hohlladung""', '""ammo panzershreck"" 3']",0.85,1,0.9,n/a,5,5,4,4,6,5,1.25,1.25,1.25
./resource/gamelogic/set/breed/mp\ger\sturmovik6.set,ger,sturmovik6,200,vet_5,1,100,100,0.9,"['""mg42_inf"" filled', '""ammo mg_mauser drum"" 300', '""valter"" filled', '""ammo walther_mag"" 16', '""bandage"" 5', '""grenade m24"" 2', '""sandbag_kit""', '""barrel_case""']",0.85,1,0.9,n/a,5,4,5,4,4,5,1.25,1.25,1.25
./resource/gamelogic/set/breed/mp\ger\sturmovik6b.set,ger,sturmovik6b,200,vet_5,1,100,100,0.9,"['""mauzer"" filled', '""ammo mauser_clip"" 60', '""ammo mg_mauser belt"" 600', '""bandage"" 5', '""grenade m24"" 2', '""sandbag_kit""']",0.85,1,0.9,n/a,5,4,5,5,4,5,1.25,1.25,1.25
./resource/gamelogic/set/breed/mp\ger\sturmovik6_39.set,ger,sturmovik6_39,200,vet_5,1,100,100,0.9,"['""mg34"" filled', '""ammo mg_mauser drum"" 300', '""valter"" filled', '""ammo walther_mag"" 16', '""bandage"" 5', '""grenade m24"" 2', '""sandbag_kit""', '""barrel_case""']",0.85,1,0.9,n/a,5,4,5,4,4,5,1.25,1.25,1.25
./resource/gamelogic/set/breed/mp\ger\sturmovik_39.set,ger,sturmovik_39,200,vet_5,1,100,100,0.9,"['""mp38"" filled', '""ammo mp40_mag"" 192', '""bandage"" 5', '""grenade m24"" 2', '""grenade m24x5"" 0 1']",0.85,1,0.9,n/a,5,5,4,4,4,5,1.25,1.25,1.25
./resource/gamelogic/set/breed/mp\ger\sturmovik_40.set,ger,sturmovik_40,200,vet_5,1,100,100,0.9,"['""mp40"" filled', '""ammo mp40_mag"" 192', '""bandage"" 5', '""grenade m24"" 2', '""grenade m24x5"" 0 1']",0.85,1,0.9,n/a,5,5,4,4,4,5,1.25,1.25,1.25
./resource/gamelogic/set/breed/mp\ger\sturmovik_pzfst.set,ger,sturmovik_pzfst,200,vet_5,1,100,100,0.9,"['""mauzer"" filled', '""ammo mauser_clip"" 60', '""ammo mg_mauser drum"" 50', '""bandage"" 5', '""grenade m24"" 2', '""grenade m24x5"" 0 1', '""panzerfaust_60 weapon"" filled']",0.85,1,0.9,n/a,5,4,4,5,5,5,1.25,1.25,1.25
./resource/gamelogic/set/breed/mp\ger\sturmovik_pzfst_sa.set,ger,sturmovik_pzfst_sa,200,vet_5,1,100,100,0.9,"['""g43"" filling ""ammo g43_mag"" 10', '""ammo g43_mag"" 20', '""ammo mauser_clip"" 60', '""ammo mg_mauser drum"" 50', '""bandage"" 5', '""grenade m24"" 2', '""grenade m24x5"" 0 1', '""panzerfaust_60 weapon"" filled']",0.85,1,0.9,n/a,5,4,4,5,5,5,1.25,1.25,1.25
./resource/gamelogic/set/breed/mp\ger\sturmovik_pzfst_stg.set,ger,sturmovik_pzfst_stg,200,vet_5,1,100,100,0.9,"['""sg44"" filled', '""ammo stg44_mag"" 180', '""bandage"" 5', '""grenade m24"" 2', '""grenade m24x5"" 0 1', '""panzerfaust_60 weapon"" filled']",0.85,1,0.9,n/a,5,5,4,4,5,5,1.25,1.25,1.25
./resource/gamelogic/set/breed/mp\ger\sturmovik_sl.set,ger,sturmovik_sl,200,vet_5,1,100,100,0.9,"['""sg44"" filled', '""ammo stg44_mag"" 180', '""bandage"" 5', '""grenade m24"" 2', '""grenade m24x5"" 0 1', '""smoke grenade"" 2']",0.85,1,0.9,n/a,5,5,4,4,4,5,1.25,1.25,1.25
./resource/gamelogic/set/breed/mp\ger\sturmovik_sl_40.set,ger,sturmovik_sl_40,200,vet_5,1,100,100,0.9,"['""mp40"" filled', '""ammo mp40_mag"" 192', '""bandage"" 5', '""grenade m24"" 2', '""grenade m24x5"" 0 1', '""smoke grenade"" 2']",0.85,1,0.9,n/a,5,5,4,4,4,5,1.25,1.25,1.25
./resource/gamelogic/set/breed/mp\ger\sturmovik_sl_asst.set,ger,sturmovik_sl_asst,200,vet_5,1,100,100,0.9,"['""mauzer"" filled', '""ammo mauser_clip"" 60', '""ammo mg_mauser drum"" 50', '""bandage"" 5', '""grenade m24"" 2', '""grenade m24x5"" 0 1', '""sandbag_kit""']",0.85,1,0.9,n/a,5,4,4,5,4,5,1.25,1.25,1.25
./resource/gamelogic/set/breed/mp\ger\tankman.set,ger,tankman,100,tankman,n/a,100,100,0.8,"['""valter"" filled', '""ammo walther_mag"" 32', '""bandage"" 3']",1,1,0.9,2,4,4,2,3,2,4,0.25,1.2,0.25
./resource/gamelogic/set/breed/mp\ger\tankman2.set,ger,tankman2,150,tankman2,n/a,100,100,0.8,"['""mp40"" filled', '""ammo mp40_mag"" 96', '""bandage"" 3']",1.1,1,0.95,4,4,4,4,3,2,4,0.5,2.20,0.5
./resource/gamelogic/set/breed/mp\ger\vehicle_supporter.set,ger,vehicle_supporter,150,vehicle_supporter,tankcrew,100,100,0.9,"['""mauzer"" filled', '""ammo mauser_clip"" 60', '""bandage"" 3', '""grenade m24""']",0.85,1,1.0,4,2,2,4,2,2,4,0.50,2.00,0.25
./resource/gamelogic/set/breed/mp\ger\vet_tankman.set,ger,vet_tankman,100,tankman,tankcrew,100,100,0.8,"['""valter"" filled', '""ammo walther_mag"" 32']",1.15,1.15,1.0,5,5,5,4,3,2,4,0.25,1.2,0.25
./resource/gamelogic/set/breed/mp\ger\vet_tankman2.set,ger,vet_tankman2,150,tankman2,tankcrew,100,100,0.8,"['""mp40"" filled', '""ammo mp40_mag"" 96']",1.20,1.20,1.0,7,4,5,6,3,2,4,0.5,2.20,0.5
./resource/gamelogic/set/breed/mp\ger\vet_vehicle_supporter.set,ger,vet_vehicle_supporter,150,n/a,tankcrew,100,100,0.9,"['""mauzer"" filled', '""ammo mauser_clip"" 60', '""bandage"" 3', '""grenade m24""']",1.0,1.0,1.0,6,3,3,6,4,2,4,n/a,n/a,n/a
./resource/gamelogic/set/breed/mp\ger\volksgren_at.set,ger,volksgren_at,100,vet_2,1,100,100,0.9,"['""weapon panzershreck"" filled', '""bandage"" 3', '""hohlladung grenade""', '""ammo panzershreck"" 7', '""valter"" filled', '""ammo walther_mag"" 16']",0.75,1,0.8,n/a,1,1,1,2,3,2,0.50,0.50,0.50
./resource/gamelogic/set/breed/mp\ger\volksgren_at2.set,ger,volksgren_at2,100,vet_2,1,100,100,0.9,"['""mauzer"" filled', '""ammo mauser_clip"" 60', '""bandage"" 3', '""grenade m24"" 1', '""hohlladung grenade""', '""ammo panzershreck"" 3']",0.75,1,0.8,n/a,1,1,1,2,3,2,0.50,0.50,0.50
./resource/gamelogic/set/breed/mp\ger\volksgren_grenadier.set,ger,volksgren_grenadier,100,vet_2,1,100,100,0.9,"['""mauzer"" filled', '""ammo mauser_clip"" 60', '""bandage"" 3', '""k98_gewehrgranat"" filling ""k98_grenade fg"" 1', '""k98_grenade fg"" 10 1', '""k98_grenade ap"" 5 1']",0.75,1,0.8,n/a,1,1,1,2,2,2,0.50,0.50,0.50
./resource/gamelogic/set/breed/mp\ger\volksgren_mg.set,ger,volksgren_mg,100,vet_2,1,100,100,0.9,"['""mg42_inf"" filled', '""ammo mg_mauser drum"" 300', '""valter"" filled', '""ammo walther_mag"" 16', '""bandage"" 3', '""barrel_case""']",0.75,1,0.8,n/a,2,1,2,1,2,2,0.50,0.50,0.50
./resource/gamelogic/set/breed/mp\ger\volksgren_mg_asst.set,ger,volksgren_mg_asst,100,vet_2,1,100,100,0.9,"['""mauzer"" filled', '""ammo mauser_clip"" 60', '""ammo mg_mauser belt"" 600', '""bandage"" 3', '""grenade m24""']",0.75,1,0.8,n/a,1,1,2,2,1,2,0.50,0.50,0.50
./resource/gamelogic/set/breed/mp\ger\volksgren_mg_asst2.set,ger,volksgren_mg_asst2,100,vet_2,1,100,100,0.9,"['""mp40"" filled', '""ammo mp40_mag"" 192', '""ammo mg_mauser belt"" 600', '""bandage"" 3', '""grenade m24""']",0.75,1,0.8,n/a,1,2,2,1,1,2,0.50,0.50,0.50
./resource/gamelogic/set/breed/mp\ger\volksgren_mg_asst3.set,ger,volksgren_mg_asst3,100,vet_2,1,100,100,0.9,"['""g43"" filling ""ammo g43_mag"" 10', '""ammo g43_mag"" 20', '""ammo mauser_clip"" 60', '""ammo mg_mauser belt"" 600', '""bandage"" 3', '""grenade m24""']",0.75,1,0.8,n/a,1,1,2,2,1,2,0.50,0.50,0.50
./resource/gamelogic/set/breed/mp\ger\volksgren_pzfst.set,ger,volksgren_pzfst,100,vet_2,1,100,100,0.9,"['""mauzer"" filled', '""ammo mauser_clip"" 60', '""bandage"" 3', '""grenade m24""', '""panzerfaust weapon"" 0 1 filled']",0.75,1,0.8,n/a,1,1,1,2,2,2,0.50,0.50,0.50
./resource/gamelogic/set/breed/mp\ger\volksgren_pzfst2.set,ger,volksgren_pzfst2,100,vet_2,1,100,100,0.9,"['""sg44"" filled', '""ammo stg44_mag"" 180', '""bandage"" 3', '""grenade m24"" 1.5 0.5', '""grenade m24x5"" 0 1', '""panzerfaust weapon"" 0 1 filled']",0.75,1,0.8,n/a,1,2,1,1,2,2,0.50,0.50,0.50
./resource/gamelogic/set/breed/mp\ger\volksgren_rifle.set,ger,volksgren_rifle,100,vet_2,1,100,100,0.9,"['""mauzer"" filled', '""ammo mauser_clip"" 60', '""bandage"" 3', '""grenade m24""', '""panzerfaust_30 weapon"" 0 1 filled']",0.75,1,0.8,n/a,1,1,1,2,2,2,0.50,0.50,0.50
./resource/gamelogic/set/breed/mp\ger\volksgren_sa.set,ger,volksgren_sa,100,vet_2,1,100,100,0.9,"['""g43"" filling ""ammo g43_mag"" 10', '""ammo g43_mag"" 20', '""ammo mauser_clip"" 60', '""bandage"" 3', '""grenade m24""', '""panzerfaust_60 weapon"" 0 1 filled']",0.75,1,0.8,n/a,1,1,1,2,1,2,0.50,0.50,0.50
./resource/gamelogic/set/breed/mp\ger\volksgren_sl_asst.set,ger,volksgren_sl_asst,100,vet_2,1,100,100,0.9,"['""mp40"" filled', '""ammo mp40_mag"" 192', '""bandage"" 3', '""grenade m24"" 2', '""smoke grenade"" 2', '""panzerfaust_60 weapon"" 0 1 filled']",0.75,1,0.8,n/a,1,3,1,2,1,3,0.50,0.50,0.50
./resource/gamelogic/set/breed/mp\ger\volksgren_sl_smg.set,ger,volksgren_sl_smg,100,vet_2,1,100,100,0.9,"['""mp40"" filled', '""ammo mp40_mag"" 192', '""bandage"" 3', '""grenade m24"" 2', '""smoke grenade"" 2']",0.75,1,0.8,n/a,1,3,1,2,1,3,0.50,0.50,0.50
./resource/gamelogic/set/breed/mp\ger\volksgren_sl_stg.set,ger,volksgren_sl_stg,100,vet_2,1,100,100,0.9,"['""sg44"" filled', '""ammo stg44_mag"" 180', '""bandage"" 3', '""grenade m24"" 2', '""smoke grenade"" 2']",0.75,1,0.8,n/a,1,3,1,2,1,3,0.50,0.50,0.50
./resource/gamelogic/set/breed/mp\ger\volksgren_smg.set,ger,volksgren_smg,100,vet_2,1,100,100,0.9,"['""mp40"" filled', '""ammo mp40_mag"" 192', '""bandage"" 3', '""grenade m24"" 1.5 0.5', '""grenade m24x5"" 0 1', '""smoke grenade"" 0 1', '""panzerfaust_30 weapon"" 0 1 filled']",0.75,1,0.8,n/a,1,2,1,1,1,2,0.50,0.50,0.50
./resource/gamelogic/set/breed/mp\ger\volksgren_stg44.set,ger,volksgren_stg44,100,vet_2,1,100,100,0.9,"['""sg44"" filled', '""ammo stg44_mag"" 180', '""bandage"" 3', '""grenade m24"" 1.5 0.5', '""grenade m24x5"" 0 1', '""smoke grenade"" 0 1', '""panzerfaust_60 weapon"" 0 1 filled']",0.75,1,0.8,n/a,1,2,1,1,1,2,0.50,0.50,0.50
./resource/gamelogic/set/breed/mp\ger2\ap_miner.set,ger2,ap_miner,150,ap_miner,n/a,100,100,0.9,"['""mp40"" filled', '""ammo mp40_mag"" 192', '""mine s_mine"" 20', '""barbwire_kit""', '""hohlladung grenade""', '""bandage"" 5']",0.75,1,0.8,n/a,4,4,2,3,2,4,1.0,1.00,1.0
./resource/gamelogic/set/breed/mp\ger2\at_miner.set,ger2,at_miner,150,at_miner,n/a,100,100,0.9,"['""mp40"" filled', '""ammo mp40_mag"" 192', '""mine antitank"" 7', '""hedgehog_kit""', '""hohlladung grenade""', '""bandage"" 5']",0.75,1,0.8,n/a,4,4,2,3,2,4,1.0,1.00,1.0
./resource/gamelogic/set/breed/mp\ger2\at_rifle.set,ger2,at_rifle,150,at_rifle,1,100,100,0.9,"['""pzb39"" filled', '""bandage"" 3', '""hohlladung grenade""', '""ammo ptr"" 35']",0.75,1,0.8,n/a,4,4,1,5,2,4,1.0,1.50,1.0
./resource/gamelogic/set/breed/mp\ger2\at_rifle2.set,ger2,at_rifle2,150,at_rifle,1,100,100,0.9,"['""mp40"" filled', '""ammo mp40_mag"" 192', '""bandage"" 3', '""grenade m24"" 2', '""hohlladung grenade""', '""smoke grenade"" 1', '""ammo ptr"" 10']",0.75,1,0.8,n/a,4,4,2,5,2,4,1.0,1.50,1.0
./resource/gamelogic/set/breed/mp\ger2\at_rifle3.set,ger2,at_rifle3,150,at_rifle,1,100,100,0.9,"['""ptrd"" filled', '""bandage"" 3', '""hohlladung grenade""', '""ammo ptr"" 25']",0.75,1,0.8,n/a,4,4,1,5,2,4,1.0,1.50,1.0
./resource/gamelogic/set/breed/mp\ger2\bazooker.set,ger2,bazooker,150,bazooker,1,100,100,0.9,"['""mauzer"" filled', '""ammo mauser_clip"" 60', '""bandage"" 3', '""grenade m24"" 2', '""hohlladung grenade""', '""smoke grenade"" 1', '""panzerfaust_60 weapon"" filled', '""panzerfaust_60 weapon"" filled']",0.75,1,0.8,n/a,4,3,2,4,5,4,1.0,1.50,1.0
./resource/gamelogic/set/breed/mp\ger2\bazooker2.set,ger2,bazooker2,150,bazooker,1,100,100,0.9,"['""mauzer"" filled', '""ammo mauser_clip"" 60', '""bandage"" 3', '""grenade m24"" 2', '""hohlladung grenade""', '""smoke grenade"" 1', '""ammo panzershreck"" 6']",0.75,1,0.8,n/a,4,3,2,4,5,4,1.0,1.50,1.0
./resource/gamelogic/set/breed/mp\ger2\bazooker3.set,ger2,bazooker3,150,bazooker,1,100,100,0.9,"['""weapon panzershreck"" filled', '""bandage"" 3', '""hohlladung grenade""', '""ammo panzershreck"" 7', '""valter"" filled', '""ammo walther_mag"" 16']",0.75,1,0.8,n/a,4,3,2,4,5,4,1.0,1.50,1.0
./resource/gamelogic/set/breed/mp\ger2\elite.set,ger2,elite,250,vet_4,1,100,100,0.9,"['""g41b"" filled', '""ammo rifle"" 150', '""bandage"" 5', '""grenade m24"" 4', '""grenade pwm1"" 2', '""smoke grenade"" 2']",0.9,1.0,1.0,n/a,3,3,3,3,3,3,1.0,1.00,1.00
./resource/gamelogic/set/breed/mp\ger2\elite2.set,ger2,elite2,250,vet_4,1,100,100,0.9,"['""g43_scope"" filled', '""ammo rifle"" 150', '""bandage"" 5', '""grenade m24"" 2', '""grenade pwm1"" 1', '""smoke grenade"" 2', '""dynamite_ladung"" 1']",0.9,1.0,1.0,n/a,3,3,3,3,3,3,1.0,1.00,1.00
./resource/gamelogic/set/breed/mp\ger2\elite3.set,ger2,elite3,250,vet_4,1,100,100,0.9,"['""mg34"" filled', '""ammo mgun"" 900', '""bandage"" 5', '""grenade m24"" 2', '""grenade pwm1"" 1', '""sandbag_kit"" 1']",0.9,1.0,1.0,n/a,3,3,3,3,3,3,1.0,1.00,1.00
./resource/gamelogic/set/breed/mp\ger2\elite4.set,ger2,elite4,100,vet_2,1,100,100,0.9,"['""ppsh"" filled', '""ammo ppsh_mag"" 142', '""bandage"" 3', '""dynamite_ladung"" 1']",0.9,1.0,1.0,n/a,1,1,1,1,1,1,0.50,0.50,0.50
./resource/gamelogic/set/breed/mp\ger2\elite5.set,ger2,elite5,100,vet_2,1,100,100,0.9,"['""mauzer"" filled', '""ammo mauser_clip"" 60', '""bandage"" 3', '""panzerfaust_30 weapon"" 0 1 filled']",0.9,1.0,1.0,n/a,1,1,1,1,1,1,0.50,0.50,0.50
./resource/gamelogic/set/breed/mp\ger2\elite6.set,ger2,elite6,100,vet_2,1,100,100,0.9,"['""mp28"" filled', '""ammo mp28_mag"" 180', '""bandage"" 3', '""hohlladung grenade""']",0.9,1.0,1.0,n/a,1,1,1,1,1,1,0.50,0.50,0.50
./resource/gamelogic/set/breed/mp\ger2\elite_at.set,ger2,elite_at,350,vet_4,1,100,100,0.9,"['""weapon panzershreck"" filled', '""mp40"" filled', '""ammo pistol"" 500', '""bandage"" 3', '""grenade m24x5"" 1', '""ammo panzershreck"" 7']",1.0,1.0,1.0,n/a,4,4,4,4,4,4,1.0,1.00,1.00
./resource/gamelogic/set/breed/mp\ger2\elite_tankman.set,ger2,elite_tankman,100,tankman,tankcrew,100,100,0.8,"['""valter"" filled', '""ammo walther_mag"" 32']",1.15,1.15,1.0,8,5,5,5,3,2,4,0.25,1.2,0.25
./resource/gamelogic/set/breed/mp\ger2\elite_tankman2.set,ger2,elite_tankman2,150,tankman2,tankcrew,100,100,0.8,"['""mp40"" filled', '""ammo mp40_mag"" 96']",1.20,1.20,1.0,10,4,5,7,3,2,4,0.5,2.20,0.5
./resource/gamelogic/set/breed/mp\ger2\fallschirm_at.set,ger2,fallschirm_at,400,vet_7,lvl5,100,100,0.9,"['""weapon panzershreck"" filled', '""ammo panzershreck"" 7', '""valter"" filled', '""ammo walther_mag"" 16', '""grenade m39"" 2', '""grenade pwm1""']",0.95,1,1,n/a,7,7,7,7,7,7,1.75,1.75,1.75
./resource/gamelogic/set/breed/mp\ger2\fallschirm_at2.set,ger2,fallschirm_at2,400,vet_7,lvl5,100,100,0.9,"['""mauzer_vet"" filled', '""ammo mauser_clip"" 60', '""smoke grenade"" 1', '""ammo panzershreck"" 5', '""grenade m39"" 2', '""grenade pwm1""']",0.95,1,1,n/a,7,7,7,7,7,7,1.75,1.75,1.75
./resource/gamelogic/set/breed/mp\ger2\fallschirm_fgsc_42.set,ger2,fallschirm_fgsc_42,400,vet_6,lvl5,100,100,0.9,"['""fg42_sc"" filled', '""ammo fg42_mag"" 160', '""bandage"" 5', '""grenade m39"" 2', '""grenade m24x5""', '""smoke grenade"" 1', '""sandbag_kit""']",0.95,1,1,n/a,7,7,7,7,7,7,1.50,1.50,1.50
./resource/gamelogic/set/breed/mp\ger2\fallschirm_fgsc_43.set,ger2,fallschirm_fgsc_43,400,vet_6,lvl5,100,100,0.9,"['""fg42_sc"" filled', '""ammo fg42_mag"" 160', '""bandage"" 5', '""grenade m39"" 2', '""grenade pwm1""', '""smoke grenade"" 1', '""sandbag_kit""', '""panzerfaust_60 weapon"" 0 1 filled']",0.95,1,1,n/a,7,7,7,7,7,7,1.50,1.50,1.50
./resource/gamelogic/set/breed/mp\ger2\fallschirm_fg_42.set,ger2,fallschirm_fg_42,400,vet_6,lvl5,100,100,0.9,"['""fg42_rifle"" filled', '""ammo fg42_mag"" 160', '""bandage"" 5', '""grenade m39"" 2', '""grenade m24x5""', '""smoke grenade"" 1', '""sandbag_kit""']",0.95,1,1,n/a,7,7,7,7,7,7,1.50,1.50,1.50
./resource/gamelogic/set/breed/mp\ger2\fallschirm_fg_43.set,ger2,fallschirm_fg_43,400,vet_6,lvl5,100,100,0.9,"['""fg42_rifle"" filled', '""ammo fg42_mag"" 160', '""bandage"" 5', '""grenade m39"" 2', '""grenade pwm1""', '""smoke grenade"" 1', '""sandbag_kit""', '""panzerfaust_60 weapon"" 0 1 filled']",0.95,1,1,n/a,7,7,7,7,7,7,1.50,1.50,1.50
./resource/gamelogic/set/breed/mp\ger2\fallschirm_grenadier.set,ger2,fallschirm_grenadier,400,vet_6,lvl5,100,100,0.9,"['""mauzer_vet"" filled', '""ammo mauser_clip"" 120', '""bandage"" 5', '""k98_gewehrgranat"" filling ""k98_grenade fg"" 1', '""k98_grenade fg"" 6 1', '""k98_grenade ap"" 1 1', '""ammo mg_mauser drum"" 50', '""panzerfaust_60 weapon"" 0 1 filled']",0.95,1,1,n/a,7,7,7,7,7,7,1.50,1.50,1.50
./resource/gamelogic/set/breed/mp\ger2\fallschirm_mg.set,ger2,fallschirm_mg,400,vet_6,lvl5,100,100,0.9,"['""mg42_inf_250"" filled', '""ammo mg_mauser belt"" 300', '""bandage"" 5', '""sandbag_kit""', '""barrel_case""']",0.95,1,1,n/a,7,7,7,7,7,7,1.50,1.50,1.50
./resource/gamelogic/set/breed/mp\ger2\fallschirm_mg_39.set,ger2,fallschirm_mg_39,400,vet_6,lvl5,100,100,0.9,"['""mg34"" filled', '""ammo mg_mauser drum"" 300', '""bandage"" 5', '""sandbag_kit""', '""barrel_case""']",0.95,1,1,n/a,7,7,7,7,7,7,1.50,1.50,1.50
./resource/gamelogic/set/breed/mp\ger2\fallschirm_mg_asst.set,ger2,fallschirm_mg_asst,400,vet_3,lvl5,100,100,0.9,"['""mauzer_vet"" filled', '""ammo mauser_clip"" 80', '""ammo mg_mauser belt"" 600', '""bandage"" 5', '""panzerfaust_60 weapon"" 0 1 filled']",0.95,1,1,n/a,7,7,7,7,7,7,0.75,0.75,0.75
./resource/gamelogic/set/breed/mp\ger2\fallschirm_mg_asst_39.set,ger2,fallschirm_mg_asst_39,400,vet_6,lvl5,100,100,0.9,"['""mauzer_vet"" filled', '""ammo mauser_clip"" 80', '""ammo mg_mauser belt"" 600', '""bandage"" 5']",0.95,1,1,n/a,7,7,7,7,7,7,1.50,1.50,1.50
./resource/gamelogic/set/breed/mp\ger2\fallschirm_pzfst.set,ger2,fallschirm_pzfst,400,vet_6,lvl5,100,100,0.9,"['""mauzer_vet"" filled', '""ammo mauser_clip"" 120', '""ammo mg_mauser drum"" 50', '""bandage"" 5', '""grenade m39"" 2', '""panzerfaust weapon"" 0 1 filled']",0.95,1,1,n/a,7,7,7,7,7,7,1.50,1.50,1.50
./resource/gamelogic/set/breed/mp\ger2\fallschirm_pzfst_fg.set,ger2,fallschirm_pzfst_fg,400,vet_10,lvl5,100,100,0.9,"['""fg42_rifle"" filled', '""ammo fg42_mag"" 160', '""bandage"" 5', '""grenade m39"" 2', '""grenade pwm1""', '""smoke grenade"" 1', '""panzerfaust weapon"" 0 1 filled']",0.95,1,1,n/a,7,7,7,7,7,7,2.50,2.50,2.50
./resource/gamelogic/set/breed/mp\ger2\fallschirm_pzfst_stg.set,ger2,fallschirm_pzfst_stg,400,vet_6,lvl5,100,100,0.9,"['""sg44"" filled', '""ammo stg44_mag"" 180', '""bandage"" 5', '""grenade m39"" 2', '""smoke grenade"" 1', '""panzerfaust weapon"" 0 1 filled']",0.95,1,1,n/a,7,7,7,7,7,7,1.50,1.50,1.50
./resource/gamelogic/set/breed/mp\ger2\fallschirm_rifle.set,ger2,fallschirm_rifle,400,vet_3,lvl5,100,100,0.9,"['""mauzer_vet"" filled', '""ammo mauser_clip"" 120', '""ammo mg_mauser drum"" 50', '""bandage"" 5', '""grenade m39"" 2', '""grenade pwm1""', '""faustpatrone_30 weapon"" 0 1 filled']",0.95,1,1,4,7,7,7,7,7,7,0.75,0.75,0.75
./resource/gamelogic/set/breed/mp\ger2\fallschirm_rifle_39.set,ger2,fallschirm_rifle_39,400,vet_6,lvl5,100,100,0.9,"['""mauzer_vet"" filled', '""ammo mauser_clip"" 120', '""ammo mg_mauser drum"" 50', '""bandage"" 5', '""grenade m39"" 2', '""grenade m24x5""']",0.95,1,1,n/a,7,7,7,7,7,7,1.50,1.50,1.50
./resource/gamelogic/set/breed/mp\ger2\fallschirm_sa.set,ger2,fallschirm_sa,400,vet_6,lvl5,100,100,0.9,"['""g43"" filled', '""ammo g43_mag"" 20', '""ammo mauser_clip"" 100', '""ammo mg_mauser drum"" 50', '""bandage"" 5', '""grenade m39"" 2', '""grenade pwm1""', '""smoke grenade"" 1', '""panzerfaust_30 weapon"" 0 1 filled']",0.95,1,1,n/a,7,7,7,7,7,7,1.50,1.50,1.50
./resource/gamelogic/set/breed/mp\ger2\fallschirm_sa_41.set,ger2,fallschirm_sa_41,400,vet_6,lvl5,100,100,0.9,"['""g41"" filled', '""ammo mauser_clip"" 120', '""ammo mg_mauser drum"" 50', '""bandage"" 5', '""grenade m39"" 2', '""grenade pwm1""', '""smoke grenade"" 1']",0.95,1,1,n/a,7,7,7,7,7,7,1.50,1.50,1.50
./resource/gamelogic/set/breed/mp\ger2\fallschirm_sl.set,ger2,fallschirm_sl,400,vet_6,lvl5,100,100,0.9,"['""sg44"" filled', '""ammo stg44_mag"" 180', '""bandage"" 5', '""grenade m39"" 2', '""grenade pwm1""', '""smoke grenade"" 2']",0.95,1,1,n/a,7,7,7,7,7,7,1.50,1.50,1.50
./resource/gamelogic/set/breed/mp\ger2\fallschirm_sl_40.set,ger2,fallschirm_sl_40,400,vet_6,lvl5,100,100,0.9,"['""mp40"" filled', '""ammo mp40_mag"" 192', '""bandage"" 5', '""grenade m39"" 2', '""grenade m24x5""', '""smoke grenade"" 2']",0.95,1,1,n/a,7,7,7,7,7,7,1.50,1.50,1.50
./resource/gamelogic/set/breed/mp\ger2\fallschirm_sl_asst_fg_42.set,ger2,fallschirm_sl_asst_fg_42,400,vet_6,lvl5,100,100,0.9,"['""fg42_sc"" filled', '""ammo fg42_mag"" 160', '""bandage"" 5', '""grenade m39"" 2', '""grenade m24x5""', '""smoke grenade"" 2']",0.95,1,1,n/a,7,7,7,7,7,7,1.50,1.50,1.50
./resource/gamelogic/set/breed/mp\ger2\fallschirm_sl_asst_fg_43.set,ger2,fallschirm_sl_asst_fg_43,400,vet_6,lvl5,100,100,0.9,"['""fg42_sc"" filled', '""ammo fg42_mag"" 160', '""bandage"" 5', '""grenade m39"" 2', '""grenade pwm1""', '""smoke grenade"" 2']",0.95,1,1,n/a,7,7,7,7,7,7,1.50,1.50,1.50
./resource/gamelogic/set/breed/mp\ger2\fallschirm_sl_asst_fg_44.set,ger2,fallschirm_sl_asst_fg_44,400,vet_6,lvl5,100,100,0.9,"['""fg42_sc"" filled', '""ammo fg42_mag"" 160', '""bandage"" 5', '""grenade m39"" 2', '""grenade pwm1""', '""smoke grenade"" 2', '""panzerfaust weapon"" 0 1 filled']",0.95,1,1,n/a,7,7,7,7,7,7,1.50,1.50,1.50
./resource/gamelogic/set/breed/mp\ger2\fallschirm_sl_asst_smg.set,ger2,fallschirm_sl_asst_smg,400,vet_6,lvl5,100,100,0.9,"['""mp40"" filled', '""ammo mp40_mag"" 192', '""bandage"" 5', '""grenade m39"" 2', '""grenade m24x5""', '""smoke grenade"" 2']",0.95,1,1,n/a,7,7,7,7,7,7,1.50,1.50,1.50
./resource/gamelogic/set/breed/mp\ger2\fallschirm_smg_40.set,ger2,fallschirm_smg_40,400,vet_6,lvl5,100,100,0.9,"['""mp40"" filled', '""ammo mp40_mag"" 192', '""bandage"" 5', '""grenade m39"" 2', '""grenade m24x5""', '""smoke grenade"" 1']",0.95,1,1,n/a,7,7,7,7,7,7,1.50,1.50,1.50
./resource/gamelogic/set/breed/mp\ger2\fallschirm_sniper.set,ger2,fallschirm_sniper,400,vet_6,lvl5,100,100,0.9,"['""mauzer_s"" filled', '""ammo mauser_clip"" 120', '""ammo mg_mauser drum"" 50', '""bandage"" 5', '""grenade m39"" 2']",0.95,1,1,n/a,7,7,7,7,7,7,1.50,1.50,1.50
./resource/gamelogic/set/breed/mp\ger2\fallschirm_stg.set,ger2,fallschirm_stg,400,vet_6,lvl5,100,100,0.9,"['""sg44"" filled', '""ammo stg44_mag"" 180', '""bandage"" 5', '""grenade m39"" 2', '""grenade pwm1""', '""smoke grenade"" 1', '""panzerfaust_60 weapon"" 0 1 filled']",0.95,1,1,n/a,7,7,7,7,7,7,1.50,1.50,1.50
./resource/gamelogic/set/breed/mp\ger2\flamer.set,ger2,flamer,150,flamer,1,100,100,0.9,"['""flame_thrower_g""', '""balloon_g"" filled']",0.75,1,0.8,n/a,4,4,2,3,2,4,1.0,1.00,1.0
./resource/gamelogic/set/breed/mp\ger2\flamer2.set,ger2,flamer2,150,flamer,1,100,100,0.9,"['""mp40"" filled', '""ammo mp40_mag"" 192', '""bandage"" 3', '""grenade m24"" 2', '""grenade m24x5"" 1', '""smoke grenade"" 1']",0.75,1,0.8,n/a,4,4,2,3,2,4,1.0,1.00,1.0
./resource/gamelogic/set/breed/mp\ger2\jager_mg.set,ger2,jager_mg,200,vet_5,lvl2,100,100,0.9,"['""mg42_inf"" filled', '""ammo mg_mauser drum"" 300', '""valter"" filled', '""ammo walther_mag"" 16', '""bandage"" 3', '""sandbag_kit""', '""barrel_case""']",0.75,1,0.8,n/a,5,3,5,4,2,5,1.25,1.25,1.25
./resource/gamelogic/set/breed/mp\ger2\jager_mg_asst.set,ger2,jager_mg_asst,200,vet_5,lvl2,100,100,0.9,"['""mauzer_vet"" filled', '""ammo mauser_clip"" 60', '""ammo mg_mauser belt"" 600', '""bandage"" 3', '""sandbag_kit""']",0.75,1,0.8,n/a,4,3,5,5,2,5,1.25,1.25,1.25
./resource/gamelogic/set/breed/mp\ger2\jager_pzfst.set,ger2,jager_pzfst,200,vet_5,lvl2,100,100,0.9,"['""mauzer_vet"" filled', '""ammo mauser_clip"" 60', '""ammo mg_mauser drum"" 50', '""bandage"" 3', '""grenade m24"" 2', '""grenade m24x5"" 0 1', '""panzerfaust weapon"" 0 1 filled']",0.75,1,0.8,n/a,4,3,2,5,5,5,1.25,1.25,1.25
./resource/gamelogic/set/breed/mp\ger2\jager_rifle.set,ger2,jager_rifle,200,vet_5,lvl2,100,100,0.9,"['""mauzer_vet"" filled', '""ammo mauser_clip"" 60', '""ammo mg_mauser drum"" 50', '""bandage"" 3', '""grenade m24"" 2', '""grenade m24x5"" 0 1', '""panzerfaust_60 weapon"" 0 1 filled']",0.75,1,0.8,n/a,4,3,2,5,3,5,1.25,1.25,1.25
./resource/gamelogic/set/breed/mp\ger2\jager_sa.set,ger2,jager_sa,200,vet_5,lvl2,100,100,0.9,"['""g43"" filling ""ammo g43_mag"" 10', '""ammo g43_mag"" 20', '""ammo mauser_clip"" 60', '""ammo mg_mauser drum"" 50', '""bandage"" 3', '""grenade m24"" 2', '""grenade m24x5"" 0 1', '""smoke grenade"" 1', '""panzerfaust_30 weapon"" 0 1 filled']",0.75,1,0.8,n/a,4,3,2,5,3,5,1.25,1.25,1.25
./resource/gamelogic/set/breed/mp\ger2\jager_sa_41.set,ger2,jager_sa_41,200,vet_5,lvl2,100,100,0.9,"['""g41"" filled', '""ammo mauser_clip"" 80', '""ammo mg_mauser drum"" 50', '""bandage"" 3', '""grenade m24"" 2', '""grenade m24x5"" 0 1', '""smoke grenade"" 1']",0.75,1,0.8,n/a,4,3,2,5,3,5,1.25,1.25,1.25
./resource/gamelogic/set/breed/mp\ger2\jager_sl_smg.set,ger2,jager_sl_smg,200,vet_5,lvl2,100,100,0.9,"['""mp40"" filled', '""ammo mp40_mag"" 192', '""bandage"" 3', '""grenade m24"" 2', '""grenade m24x5"" 1', '""smoke grenade"" 2']",0.85,1,0.9,n/a,5,5,4,5,4,5,1.25,1.25,1.25
./resource/gamelogic/set/breed/mp\ger2\jager_sl_smg_asst.set,ger2,jager_sl_smg_asst,200,vet_5,lvl2,100,100,0.9,"['""mp40"" filled', '""ammo mp40_mag"" 192', '""bandage"" 3', '""grenade m24"" 2', '""grenade m24x5"" 0 1', '""smoke grenade"" 2']",0.85,1,0.9,n/a,5,5,4,5,4,5,1.25,1.25,1.25
./resource/gamelogic/set/breed/mp\ger2\jager_sl_stg.set,ger2,jager_sl_stg,200,vet_5,lvl2,100,100,0.9,"['""sg44"" filled', '""ammo stg44_mag"" 180', '""bandage"" 3', '""grenade m24"" 2', '""grenade m24x5"" 1', '""smoke grenade"" 2']",0.85,1,0.9,n/a,5,5,4,5,4,5,1.25,1.25,1.25
./resource/gamelogic/set/breed/mp\ger2\jager_sl_stg_asst.set,ger2,jager_sl_stg_asst,200,vet_5,lvl2,100,100,0.9,"['""sg44"" filled', '""ammo stg44_mag"" 180', '""bandage"" 3', '""grenade m24"" 2', '""grenade m24x5"" 0 1', '""smoke grenade"" 2', '""panzerfaust_30 weapon"" 0 1 filled']",0.85,1,0.9,n/a,5,5,4,5,4,5,1.25,1.25,1.25
./resource/gamelogic/set/breed/mp\ger2\jager_smg.set,ger2,jager_smg,200,vet_5,lvl2,100,100,0.9,"['""mp41"" filled', '""ammo mp40_mag"" 192', '""bandage"" 3', '""grenade m24"" 2', '""grenade m24x5"" 0 1', '""smoke grenade"" 1', '""panzerfaust_60 weapon"" 0 1 filled']",0.75,1,0.8,n/a,4,5,2,3,3,5,1.25,1.25,1.25
./resource/gamelogic/set/breed/mp\ger2\jager_stg.set,ger2,jager_stg,200,vet_5,lvl2,100,100,0.9,"['""sg44"" filled', '""ammo stg44_mag"" 180', '""bandage"" 3', '""grenade m24"" 2', '""grenade m24x5"" 0 1', '""smoke grenade"" 1', '""panzerfaust_60 weapon"" 0 1 filled']",0.75,1,0.8,n/a,4,5,2,3,3,5,1.25,1.25,1.25
./resource/gamelogic/set/breed/mp\ger2\light_mortar.set,ger2,light_mortar,150,vet_3,1,100,100,0.9,"['""mortar_legrw_36"" filled', '""ammo mortar50 ger fg"" 12', '""bandage"" 3']",0.75,1,0.8,n/a,4,3,2,5,2,4,0.75,0.75,0.75
./resource/gamelogic/set/breed/mp\ger2\light_mortar2.set,ger2,light_mortar2,150,vet_4,1,100,100,0.9,"['""mauzer"" filled', '""ammo mauser_clip"" 60', '""ammo mortar50 ger fg"" 8', '""bandage"" 3', '""grenade m24"" 2', '""sandbag_kit""']",0.75,1,0.8,n/a,4,3,2,5,2,4,1.0,1.00,1.00
./resource/gamelogic/set/breed/mp\ger2\mgun.set,ger2,mgun,150,vet_3,1_lvl2,100,100,0.9,"['""mg42_inf"" filled', '""ammo mg_mauser drum"" 300', '""valter"" filled', '""ammo walther_mag"" 16', '""bandage"" 3', '""sandbag_kit"" 1', '""barrel_case""']",0.75,1,0.8,n/a,4,3,4,3,2,4,0.75,0.75,0.75
./resource/gamelogic/set/breed/mp\ger2\mgun_asst.set,ger2,mgun_asst,150,vet_3,1_lvl2,100,100,0.9,"['""mauzer"" filled', '""ammo mauser_clip"" 60', '""ammo mg_mauser belt"" 600', '""bandage"" 3', '""sandbag_kit""']",0.75,1,0.8,n/a,4,3,4,4,2,4,0.75,0.75,0.75
./resource/gamelogic/set/breed/mp\ger2\oficer.set,ger2,oficer,250,oficer,1,100,100,1.0,"['""luger"" filled', '""ammo walther_mag"" 32', '""knife_ger""', '""binocular""']",0.85,1,0.9,n/a,5,5,5,5,5,5,-10.0,20.00,10.0
./resource/gamelogic/set/breed/mp\ger2\oficer2.set,ger2,oficer2,500,oficer_vet,1,100,100,1.0,"['""mp41"" filled', '""ammo mp40_mag"" 64', '""knife_ger""', '""binocular""']",1.0,1.0,1.0,n/a,6,6,6,6,6,6,-12.0,25.00,15.0
./resource/gamelogic/set/breed/mp\ger2\radioman.set,ger2,radioman,150,radioman,1,100,100,0.9,"['""mp40"" filled', '""mortar_flaergun"" filled', '""ammo mp40_mag"" 192', '""ammo mortar_flaer"" 5', '""bandage"" 3']",0.75,1,0.8,n/a,4,4,2,3,2,4,5.0,20.00,1.0
./resource/gamelogic/set/breed/mp\ger2\recon_mg.set,ger2,recon_mg,150,vet_3,1,100,100,0.9,"['""mg42_inf"" filled', '""ammo mg_mauser drum"" 300', '""valter"" filled', '""ammo walther_mag"" 16', '""bandage"" 3', '""barrel_case""']",0.75,1,0.8,n/a,3,2,3,3,2,3,0.75,0.75,0.75
./resource/gamelogic/set/breed/mp\ger2\recon_pzfst.set,ger2,recon_pzfst,150,vet_3,1,100,100,0.9,"['""mauzer"" filled', '""ammo mauser_clip"" 60', '""ammo mg_mauser drum"" 50', '""bandage"" 3', '""grenade m24"" 2', '""panzerfaust weapon"" 0 1 filled']",0.75,1,0.8,n/a,3,2,2,3,3,3,0.75,0.75,0.75
./resource/gamelogic/set/breed/mp\ger2\recon_rifle.set,ger2,recon_rifle,150,vet_3,1,100,100,0.9,"['""mauzer"" filled', '""ammo mauser_clip"" 60', '""ammo mg_mauser drum"" 50', '""bandage"" 3', '""grenade m24"" 2', '""panzerfaust_30 weapon"" 0 1 filled']",0.75,1,0.8,n/a,3,2,2,3,2,3,0.75,0.75,0.75
./resource/gamelogic/set/breed/mp\ger2\recon_sa.set,ger2,recon_sa,150,vet_3,1,100,100,0.9,"['""g43"" filling ""ammo g43_mag"" 10', '""ammo g43_mag"" 20', '""ammo mauser_clip"" 60', '""ammo mg_mauser drum"" 50', '""bandage"" 3', '""grenade m24"" 2', '""grenade m24x5"" 0 1', '""panzerfaust_60 weapon"" 0 1 filled']",0.75,1,0.8,n/a,3,2,2,3,2,3,0.75,0.75,0.75
./resource/gamelogic/set/breed/mp\ger2\recon_sl.set,ger2,recon_sl,200,vet_3,1,100,100,0.9,"['""mp40"" filled', '""ammo mp40_mag"" 192', '""bandage"" 3', '""grenade m24"" 2', '""grenade m24x5"" 1', '""smoke grenade"" 2']",0.85,1,0.9,n/a,4,4,3,3,2,4,0.75,0.75,0.75
./resource/gamelogic/set/breed/mp\ger2\recon_sl_rifle.set,ger2,recon_sl_rifle,200,vet_4,1,100,100,0.9,"['""mauzer"" filled', '""ammo mauser_clip"" 60', '""bandage"" 3', '""grenade m24"" 2', '""grenade m24x5"" 1', '""smoke grenade"" 2']",0.85,1,0.9,n/a,4,3,3,4,2,4,1.0,1.00,1.00
./resource/gamelogic/set/breed/mp\ger2\recon_sl_stg.set,ger2,recon_sl_stg,200,vet_4,1,100,100,0.9,"['""sg44"" filled', '""ammo stg44_mag"" 180', '""bandage"" 3', '""grenade m24"" 2', '""grenade m24x5"" 1', '""smoke grenade"" 2']",0.85,1,0.9,n/a,4,4,3,3,2,4,1.0,1.00,1.00
./resource/gamelogic/set/breed/mp\ger2\recon_stg.set,ger2,recon_stg,150,vet_3,1,100,100,0.9,"['""sg44"" filled', '""ammo stg44_mag"" 180', '""bandage"" 3', '""grenade m24"" 2', '""grenade m24x5"" 0 1', '""panzerfaust_60 weapon"" 0 1 filled']",0.75,1,0.8,n/a,3,3,2,2,2,3,0.75,0.75,0.75
./resource/gamelogic/set/breed/mp\ger2\rifle.set,ger2,rifle,150,vet_3,1_lvl2,100,100,0.9,"['""mauzer"" filled', '""ammo mauser_clip"" 60', '""ammo mg_mauser drum"" 50', '""bandage"" 5', '""grenade m24"" 2', '""grenade m24x5"" 0 1', '""sandbag_kit"" 1', '""panzerfaust_60 weapon"" 0 1 filled']",0.75,1,0.8,n/a,4,3,3,4,2,4,0.75,0.75,0.75
./resource/gamelogic/set/breed/mp\ger2\rifle2.set,ger2,rifle2,150,vet_2,1_lvl2,100,100,0.9,"['""g43"" filled', '""ammo g43_mag"" 20', '""ammo mauser_clip"" 60', '""ammo mg_mauser drum"" 50', '""bandage"" 5', '""grenade m24"" 2', '""grenade m24x5"" 0 1', '""sandbag_kit"" 1', '""panzerfaust_60 weapon"" 0 1 filled']",0.75,1,0.8,n/a,4,3,3,4,2,4,0.50,0.50,0.50
./resource/gamelogic/set/breed/mp\ger2\rifle_grenadier.set,ger2,rifle_grenadier,150,vet_3,1_lvl2,100,100,0.9,"['""mauzer"" filled', '""ammo mauser_clip"" 60', '""ammo mg_mauser drum"" 50', '""bandage"" 5', '""k98_gewehrgranat"" filling ""k98_grenade fg"" 1', '""k98_grenade fg"" 6 1', '""k98_grenade ap"" 1 1', '""sandbag_kit"" 1']",0.75,1,0.8,n/a,4,3,3,4,2,4,0.75,0.75,0.75
./resource/gamelogic/set/breed/mp\ger2\rifle_pzfst.set,ger2,rifle_pzfst,150,vet_5,1_lvl2,100,100,0.9,"['""mauzer"" filled', '""ammo mauser_clip"" 60', '""ammo mg_mauser drum"" 50', '""bandage"" 5', '""grenade m24"" 2', '""grenade m24x5"" 0 1', '""sandbag_kit"" 1', '""panzerfaust weapon"" 0 1 filled']",0.75,1,0.8,n/a,4,3,3,4,4,4,1.25,1.25,1.25
./resource/gamelogic/set/breed/mp\ger2\rifle_single.set,ger2,rifle_single,150,vet_5,1_lvl2,100,100,0.9,"['""mauzer"" filled', '""ammo mauser_clip"" 60', '""ammo mg_mauser drum"" 50', '""bandage"" 5', '""grenade m24"" 2', '""grenade m24x5"" 0 1', '""sandbag_kit"" 1']",0.75,1,0.8,n/a,4,3,3,4,2,4,1.25,1.25,1.25
./resource/gamelogic/set/breed/mp\ger2\saper.set,ger2,saper,150,saper,1,100,100,0.9,"['""mp40"" filled', '""ammo mp40_mag"" 192', '""mine_detector""', '""dynamite_ladung"" 2', '""hohlladung grenade""', '""trench_spade""']",0.85,1,0.9,n/a,4,4,2,3,2,4,1.0,1.00,1.0
./resource/gamelogic/set/breed/mp\ger2\sl_asst.set,ger2,sl_asst,150,vet_5,1_lvl2,100,100,0.9,"['""g43"" filled', '""ammo g43_mag"" 20', '""ammo mauser_clip"" 60', '""ammo mg_mauser drum"" 50', '""bandage"" 5', '""grenade m24"" 2', '""grenade m24x5"" 0 1', '""sandbag_kit"" 1', '""panzerfaust_60 weapon"" 0 1 filled']",0.75,1,0.8,n/a,4,3,2,4,2,4,1.25,1.25,1.25
./resource/gamelogic/set/breed/mp\ger2\smg.set,ger2,smg,150,vet_3,1_lvl2,100,100,0.9,"['""mp40"" filled', '""ammo mp40_mag"" 192', '""bandage"" 5', '""grenade m24"" 2', '""grenade m24x5"" 0 1', '""panzerfaust_30 weapon"" 0 1 filled']",0.75,1,0.8,n/a,4,4,2,3,2,4,0.75,0.75,0.75
./resource/gamelogic/set/breed/mp\ger2\smg2.set,ger2,smg2,150,vet_2,1_lvl2,100,100,0.9,"['""mp41"" filled', '""ammo mp40_mag"" 192', '""bandage"" 5', '""grenade m24"" 2', '""grenade m24x5"" 0 1', '""panzerfaust_30 weapon"" 0 1 filled']",0.75,1,0.8,n/a,4,4,2,3,2,4,0.50,0.50,0.50
./resource/gamelogic/set/breed/mp\ger2\smg3.set,ger2,smg3,150,vet_2,1_lvl2,100,100,0.9,"['""ppsh"" filled', '""ammo ppsh_mag"" 213', '""bandage"" 5', '""grenade m24"" 2', '""grenade m24x5"" 0 1', '""panzerfaust_30 weapon"" 0 1 filled']",0.75,1,0.8,n/a,4,4,2,3,2,4,0.50,0.50,0.50
./resource/gamelogic/set/breed/mp\ger2\sniper.set,ger2,sniper,350,sniper,elite,100,100,1.0,"['""mauzer_s_vet"" filled', '""ammo mauser_clip"" 60', '""ammo mauser_clip fg"" 20', '""bandage"" 5', '""smoke_paradrop_ammo grenade"" 1', '""plant"" 3', '""knife_ger""']",0.75,1,0.8,n/a,4,4,3,7,3,5,5.0,8.00,2.0
./resource/gamelogic/set/breed/mp\ger2\squadleader.set,ger2,squadleader,200,vet_4,1_lvl2,100,100,0.9,"['""mp40"" filled', '""ammo mp40_mag"" 192', '""bandage"" 5', '""grenade m24"" 2', '""grenade m24x5"" 1', '""smoke grenade"" 2']",0.85,1,0.9,n/a,5,5,3,4,2,5,1.0,1.00,1.00
./resource/gamelogic/set/breed/mp\ger2\squadleader2.set,ger2,squadleader2,200,vet_3,1_lvl2,100,100,0.9,"['""sg44"" filled', '""ammo stg44_mag"" 180', '""bandage"" 5', '""grenade m24"" 2', '""grenade m24x5"" 1', '""smoke grenade"" 2']",0.85,1,0.9,n/a,5,5,3,4,2,5,0.75,0.75,0.75
./resource/gamelogic/set/breed/mp\ger2\stg.set,ger2,stg,150,vet_5,1_lvl2,100,100,0.9,"['""sg44"" filled', '""ammo stg44_mag"" 180', '""bandage"" 5', '""grenade m24"" 2', '""grenade m24x5"" 0 1', '""panzerfaust_60 weapon"" 0 1 filled']",0.75,1,0.8,n/a,4,4,2,3,2,4,1.25,1.25,1.25
./resource/gamelogic/set/breed/mp\ger2\sturmovik.set,ger2,sturmovik,400,vet_5,lvl2,100,125,1,"['""sg44"" filled', '""ammo stg44_mag"" 180', '""bandage"" 5', '""grenade m24"" 2', '""grenade m24x5""', '""smoke grenade"" 1', '""panzerfaust weapon"" 0 1 filled']",1.0,1.0,1.0,n/a,7,7,7,7,7,7,1.25,1.25,1.25
./resource/gamelogic/set/breed/mp\ger2\sturmovik2.set,ger2,sturmovik2,400,vet_5,lvl2,100,125,1,"['""g43"" filling ""ammo g43_mag"" 10', '""ammo g43_mag"" 20', '""ammo mauser_clip"" 60', '""ammo mg_mauser drum"" 50', '""bandage"" 5', '""grenade m24"" 2', '""grenade m24x5""', '""smoke grenade"" 1', '""panzerfaust_60 weapon"" 0 1 filled']",1.0,1.0,1.0,n/a,7,7,7,7,7,7,1.25,1.25,1.25
./resource/gamelogic/set/breed/mp\ger2\sturmovik3.set,ger2,sturmovik3,400,vet_5,lvl2,100,125,1,"['""mp41"" filled', '""ammo mp40_mag"" 192', '""bandage"" 5', '""grenade m24"" 2', '""grenade m24x5""', '""smoke grenade"" 1', '""panzerfaust_60 weapon"" 0 1 filled']",1.0,1.0,1.0,n/a,7,7,7,7,7,7,1.25,1.25,1.25
./resource/gamelogic/set/breed/mp\ger2\sturmovik4.set,ger2,sturmovik4,400,vet_5,lvl2,100,125,1,"['""mauzer_vet"" filled', '""ammo mauser_clip"" 60', '""ammo mg_mauser drum"" 50', '""bandage"" 5', '""grenade m24"" 2', '""grenade m24x5""', '""panzerfaust_60 weapon"" 0 1 filled']",1.0,1.0,1.0,n/a,7,7,7,7,7,7,1.25,1.25,1.25
./resource/gamelogic/set/breed/mp\ger2\sturmovik4b.set,ger2,sturmovik4b,400,vet_5,lvl2,100,125,1,"['""g43"" filling ""ammo g43_mag"" 10', '""ammo g43_mag"" 20', '""ammo mauser_clip"" 60', '""ammo mg_mauser drum"" 50', '""bandage"" 5', '""grenade m24"" 2', '""grenade m24x5""', '""smoke grenade"" 1', '""panzerfaust_60 weapon"" 0 1 filled']",1.0,1.0,1.0,n/a,7,7,7,7,7,7,1.25,1.25,1.25
./resource/gamelogic/set/breed/mp\ger2\sturmovik4c.set,ger2,sturmovik4c,400,vet_7,lvl2,100,125,1,"['""g43_scope"" filling ""ammo g43_mag"" 10', '""ammo g43_mag"" 60', '""ammo mauser_clip fg"" 20', '""bandage"" 5', '""grenade m24"" 2', '""panzerfaust_30 weapon"" 0 1 filled']",1.0,1.0,1.0,n/a,7,7,7,7,7,7,1.75,1.75,1.75
./resource/gamelogic/set/breed/mp\ger2\sturmovik5.set,ger2,sturmovik5,400,vet_5,lvl2,100,125,1,"['""g43"" filling ""ammo g43_mag"" 10', '""ammo g43_mag"" 20', '""ammo mauser_clip"" 60', '""ammo mg_mauser drum"" 50', '""bandage"" 5', '""grenade m24"" 2', '""panzerfaust weapon"" filled', '""panzerfaust weapon"" filled']",1.0,1.0,1.0,n/a,7,7,7,7,7,7,1.25,1.25,1.25
./resource/gamelogic/set/breed/mp\ger2\sturmovik5b.set,ger2,sturmovik5b,400,vet_5,lvl2,100,125,1,"['""mauzer_vet"" filled', '""ammo mauser_clip"" 60', '""ammo mg_mauser drum"" 50', '""bandage"" 5', '""grenade m24"" 2', '""panzerfaust weapon"" filled', '""panzerfaust weapon"" filled']",1.0,1.0,1.0,n/a,7,7,7,7,7,7,1.25,1.25,1.25
./resource/gamelogic/set/breed/mp\ger2\sturmovik6.set,ger2,sturmovik6,400,vet_5,lvl2,100,125,1,"['""mg34"" filled', '""ammo mg_mauser drum"" 300', '""valter"" filled', '""ammo walther_mag"" 16', '""bandage"" 5', '""m24 grenade""', '""barrel_case""']",1.0,1.0,1.0,n/a,7,7,7,7,7,7,1.25,1.25,1.25
./resource/gamelogic/set/breed/mp\ger2\sturmovik6b.set,ger2,sturmovik6b,400,vet_5,lvl2,100,125,1,"['""mauzer_vet"" filled', '""ammo mauser_clip"" 60', '""ammo mg_mauser belt"" 600', '""bandage"" 5']",1.0,1.0,1.0,n/a,7,7,7,7,7,7,1.25,1.25,1.25
./resource/gamelogic/set/breed/mp\ger2\sturmovik_sl.set,ger2,sturmovik_sl,400,vet_5,lvl2,100,125,1,"['""sg44"" filled', '""ammo stg44_mag"" 180', '""bandage"" 5', '""grenade m24"" 2', '""smoke grenade"" 2']",1.0,1.0,1.0,n/a,7,7,7,7,7,7,1.25,1.25,1.25
./resource/gamelogic/set/breed/mp\ger2\sturmovik_sl_asst.set,ger2,sturmovik_sl_asst,400,vet_5,lvl2,100,125,1,"['""sg44"" filled', '""ammo stg44_mag"" 180', '""bandage"" 5', '""grenade m24"" 2', '""smoke grenade"" 2', '""panzerfaust weapon"" 0 1 filled']",1.0,1.0,1.0,n/a,7,7,7,7,7,7,1.25,1.25,1.25
./resource/gamelogic/set/breed/mp\ger2\tankman.set,ger2,tankman,100,tankman,tankcrew,100,100,0.8,"['""valter"" filled', '""ammo walther_mag"" 32']",1.0,1.0,0.8,5,5,5,4,3,2,4,0.25,1.2,0.25
./resource/gamelogic/set/breed/mp\ger2\tankman2.set,ger2,tankman2,150,tankman2,tankcrew,100,100,0.8,"['""mp40"" filled', '""ammo mp40_mag"" 96']",1.0,1.0,0.8,7,4,5,6,3,2,4,0.5,2.20,0.5
./resource/gamelogic/set/breed/mp\ger2\vehicle_supporter.set,ger2,vehicle_supporter,150,vehicle_supporter,tankcrew,100,100,0.9,"['""mauzer"" filled', '""ammo mauser_clip"" 60', '""bandage"" 3', '""grenade m24""']",1.0,1.0,1.0,6,3,3,6,4,2,4,0.50,2.00,0.25
./resource/gamelogic/set/breed/mp\ger_ss\ap_miner.set,ger_ss,ap_miner,150,ap_miner,n/a,100,100,0.9,"['""mp40"" filled', '""ammo mp40_mag"" 192', '""mine s_mine"" 20', '""hohlladung grenade""', '""barbwire_kit""', '""bandage"" 5']",0.75,1,0.8,n/a,4,4,2,3,2,4,1.0,1.00,1.0
./resource/gamelogic/set/breed/mp\ger_ss\at_miner.set,ger_ss,at_miner,150,at_miner,n/a,100,100,0.9,"['""mp40"" filled', '""ammo mp40_mag"" 192', '""mine antitank"" 7', '""hohlladung grenade""', '""hedgehog_kit""', '""bandage"" 5']",0.75,1,0.8,n/a,4,4,2,3,2,4,1.0,1.00,1.0
./resource/gamelogic/set/breed/mp\ger_ss\at_rifle.set,ger_ss,at_rifle,150,at_rifle,1,100,100,0.9,"['""pzb39"" filled', '""bandage"" 3', '""grenade hohlladung"" 1', '""ammo ptr"" 35']",0.75,1,0.8,n/a,4,4,1,5,2,4,1.0,1.50,1.0
./resource/gamelogic/set/breed/mp\ger_ss\at_rifle2.set,ger_ss,at_rifle2,150,at_rifle,1,100,100,0.9,"['""mp40"" filled', '""ammo mp40_mag"" 192', '""bandage"" 3', '""grenade m24"" 2', '""hohlladung grenade"" 1', '""smoke grenade"" 1', '""ammo ptr"" 10']",0.75,1,0.8,n/a,4,4,2,5,2,4,1.0,1.50,1.0
./resource/gamelogic/set/breed/mp\ger_ss\bazooker.set,ger_ss,bazooker,400,bazooker,elite,100,100,0.9,"['""weapon panzershreck"" filled', '""ammo panzershreck"" 7', '""valter"" filled', '""ammo walther_mag"" 16', '""bandage"" 5', '""hohlladung grenade"" 1']",0.95,1,1,n/a,6,3,3,5,6,5,1.0,1.50,1.0
./resource/gamelogic/set/breed/mp\ger_ss\bazooker2.set,ger_ss,bazooker2,400,bazooker,elite,100,100,0.9,"['""mauzer"" filled', '""ammo mauser_clip"" 60', '""bandage"" 5', '""grenade m39"" 2', '""hohlladung grenade"" 1', '""ammo panzershreck"" 5']",0.95,1,1,n/a,5,3,3,6,6,5,1.0,1.50,1.0
./resource/gamelogic/set/breed/mp\ger_ss\bazooker3.set,ger_ss,bazooker3,150,bazooker,1,100,100,0.9,"['""mauzer"" filled', '""ammo mauser_clip"" 60', '""bandage"" 3', '""grenade m24"" 2', '""hohlladung grenade"" 1', '""smoke grenade"" 1', '""panzerfaust_60 weapon"" filled', '""panzerfaust_60 weapon"" filled']",0.75,1,0.8,n/a,4,3,2,5,6,4,1.0,1.50,1.0
./resource/gamelogic/set/breed/mp\ger_ss\dr_pzgren_mg.set,ger_ss,dr_pzgren_mg,200,vet_6,lvl3,100,100,0.9,"['""mg42_inf_250"" filled', '""ammo mg_mauser belt"" 300', '""valter"" filled', '""ammo walther_mag"" 16', '""bandage"" 5', '""sandbag_kit""', '""barrel_case""']",0.85,1,0.9,n/a,4,3,5,5,4,4,1.50,1.50,1.50
./resource/gamelogic/set/breed/mp\ger_ss\dr_pzgren_mg_39.set,ger_ss,dr_pzgren_mg_39,200,vet_6,1_lvl2,100,100,0.9,"['""mg34"" filled', '""ammo mg_mauser drum"" 300', '""valter"" filled', '""ammo walther_mag"" 16', '""bandage"" 5', '""sandbag_kit""', '""barrel_case""']",0.85,1,0.9,n/a,4,3,5,5,4,4,1.50,1.50,1.50
./resource/gamelogic/set/breed/mp\ger_ss\dr_pzgren_mg_asst.set,ger_ss,dr_pzgren_mg_asst,200,vet_6,lvl3,100,100,0.9,"['""mauzer_vet"" filled', '""ammo mauser_clip"" 60', '""ammo mg_mauser belt"" 600', '""bandage"" 5', '""grenade m24"" 2', '""sandbag_kit""']",0.85,1,0.9,n/a,4,3,5,5,4,4,1.50,1.50,1.50
./resource/gamelogic/set/breed/mp\ger_ss\dr_pzgren_pzfst.set,ger_ss,dr_pzgren_pzfst,200,vet_6,lvl3,100,100,0.9,"['""mauzer_vet"" filled', '""ammo mauser_clip"" 60', '""ammo mg_mauser drum"" 50', '""bandage"" 5', '""grenade m24"" 2', '""m24x5 grenade""', '""sandbag_kit""', '""panzerfaust weapon"" filled']",0.85,1,0.9,n/a,4,3,3,5,5,4,1.50,1.50,1.50
./resource/gamelogic/set/breed/mp\ger_ss\dr_pzgren_pzfst60_sa.set,ger_ss,dr_pzgren_pzfst60_sa,200,vet_6,lvl3,100,100,0.9,"['""g43"" filling ""ammo g43_mag"" 10', '""ammo g43_mag"" 20', '""ammo mauser_clip"" 60', '""ammo mg_mauser drum"" 50', '""bandage"" 5', '""grenade m24"" 2', '""m24x5 grenade""', '""sandbag_kit""', '""panzerfaust_60 weapon"" filled']",0.85,1,0.9,n/a,4,3,3,5,5,4,1.50,1.50,1.50
./resource/gamelogic/set/breed/mp\ger_ss\dr_pzgren_pzfst_stg.set,ger_ss,dr_pzgren_pzfst_stg,200,vet_6,lvl3,100,100,0.9,"['""sg44"" filled', '""ammo stg44_mag"" 180', '""bandage"" 5', '""grenade m24"" 2', '""grenade m24x5""', '""smoke grenade""', '""panzerfaust weapon"" filled']",0.85,1,0.9,n/a,4,5,3,3,5,4,1.50,1.50,1.50
./resource/gamelogic/set/breed/mp\ger_ss\dr_pzgren_rifle.set,ger_ss,dr_pzgren_rifle,200,vet_6,lvl3,100,100,0.9,"['""mauzer_vet"" filled', '""ammo mauser_clip"" 60', '""ammo mg_mauser drum"" 50', '""bandage"" 5', '""grenade m24"" 2', '""m24x5 grenade""', '""sandbag_kit""']",0.85,1,0.9,n/a,4,3,3,5,4,4,1.50,1.50,1.50
./resource/gamelogic/set/breed/mp\ger_ss\dr_pzgren_sa.set,ger_ss,dr_pzgren_sa,200,vet_6,lvl3,100,100,0.9,"['""g43"" filling ""ammo g43_mag"" 10', '""ammo g43_mag"" 20', '""ammo mauser_clip"" 60', '""ammo mg_mauser drum"" 50', '""bandage"" 5', '""grenade m24"" 2', '""smoke grenade"" 1', '""m24x5 grenade""', '""sandbag_kit""']",0.85,1,0.9,n/a,4,3,3,5,4,4,1.50,1.50,1.50
./resource/gamelogic/set/breed/mp\ger_ss\dr_pzgren_sa_41.set,ger_ss,dr_pzgren_sa_41,200,vet_6,1_lvl2,100,100,0.9,"['""g41"" filled', '""ammo mauser_clip"" 80', '""ammo mg_mauser drum"" 50', '""bandage"" 5', '""grenade m24"" 2', '""smoke grenade"" 1', '""m24x5 grenade""', '""sandbag_kit""']",0.85,1,0.9,n/a,4,3,3,5,4,4,1.50,1.50,1.50
./resource/gamelogic/set/breed/mp\ger_ss\dr_pzgren_sl.set,ger_ss,dr_pzgren_sl,200,vet_6,lvl3,100,100,0.9,"['""mp40"" filled', '""ammo mp40_mag"" 192', '""bandage"" 5', '""grenade m24"" 2', '""grenade m24x5""', '""smoke grenade"" 2']",0.85,1,0.9,n/a,4,5,3,3,4,4,1.50,1.50,1.50
./resource/gamelogic/set/breed/mp\ger_ss\dr_pzgren_sl_asst.set,ger_ss,dr_pzgren_sl_asst,200,vet_6,lvl3,100,100,0.9,"['""mauzer_s"" filled', '""ammo mauser_clip"" 60', '""ammo mg_mauser drum"" 50', '""bandage"" 5', '""grenade m24"" 2', '""smoke grenade"" 2']",0.85,1,0.9,n/a,4,3,3,5,4,4,1.50,1.50,1.50
./resource/gamelogic/set/breed/mp\ger_ss\dr_pzgren_smg.set,ger_ss,dr_pzgren_smg,200,vet_6,1_lvl2,100,100,0.9,"['""mp40"" filled', '""ammo mp40_mag"" 192', '""bandage"" 5', '""grenade m24"" 2', '""grenade m24x5""', '""smoke grenade""']",0.85,1,0.9,n/a,4,5,3,3,4,4,1.50,1.50,1.50
./resource/gamelogic/set/breed/mp\ger_ss\dr_pzgren_stg.set,ger_ss,dr_pzgren_stg,200,vet_6,1_lvl2,100,100,0.9,"['""sg44"" filled', '""ammo stg44_mag"" 180', '""bandage"" 5', '""grenade m24"" 2', '""grenade m24x5""', '""smoke grenade""']",0.85,1,0.9,n/a,4,5,3,3,4,4,1.50,1.50,1.50
./resource/gamelogic/set/breed/mp\ger_ss\elite_tankman.set,ger_ss,elite_tankman,100,tankman,n/a,100,100,0.8,"['""valter"" filled', '""ammo walther_mag"" 32', '""bandage"" 3']",1.2,1.2,1.05,8,7,5,6,4,1,6,0.25,1.2,0.25
./resource/gamelogic/set/breed/mp\ger_ss\elite_tankman2.set,ger_ss,elite_tankman2,150,tankman2,n/a,100,100,0.8,"['""mp40"" filled', '""ammo mp40_mag"" 96', '""bandage"" 3']",1.25,1.25,1.1,10,6,7,7,4,1,6,0.5,2.20,0.5
./resource/gamelogic/set/breed/mp\ger_ss\fallschirm_fgsc_42.set,ger_ss,fallschirm_fgsc_42,400,vet_6,elite,100,100,0.9,"['""fg42_sc"" filled', '""ammo fg42_mag"" 160', '""bandage"" 5', '""grenade m39"" 2', '""grenade m24x5""', '""smoke grenade"" 1', '""sandbag_kit""']",0.95,1,1,n/a,7,7,7,7,7,7,1.50,1.50,1.50
./resource/gamelogic/set/breed/mp\ger_ss\fallschirm_fgsc_43.set,ger_ss,fallschirm_fgsc_43,400,vet_6,elite,100,100,0.9,"['""fg42_sc"" filled', '""ammo fg42_mag"" 160', '""bandage"" 5', '""grenade m39"" 2', '""grenade pwm1""', '""smoke grenade"" 1', '""sandbag_kit""']",0.95,1,1,n/a,7,7,7,7,7,7,1.50,1.50,1.50
./resource/gamelogic/set/breed/mp\ger_ss\fallschirm_fg_42.set,ger_ss,fallschirm_fg_42,400,vet_6,elite,100,100,0.9,"['""fg42_rifle"" filled', '""ammo fg42_mag"" 160', '""bandage"" 5', '""grenade m39"" 2', '""grenade m24x5""', '""smoke grenade"" 1', '""sandbag_kit""']",0.95,1,1,n/a,7,7,7,7,7,7,1.50,1.50,1.50
./resource/gamelogic/set/breed/mp\ger_ss\fallschirm_fg_43.set,ger_ss,fallschirm_fg_43,400,vet_6,elite,100,100,0.9,"['""fg42_rifle"" filled', '""ammo fg42_mag"" 160', '""bandage"" 5', '""grenade m39"" 2', '""grenade pwm1""', '""smoke grenade"" 1', '""sandbag_kit""']",0.95,1,1,n/a,7,7,7,7,7,7,1.50,1.50,1.50
./resource/gamelogic/set/breed/mp\ger_ss\fallschirm_grenadier.set,ger_ss,fallschirm_grenadier,400,vet_6,elite,100,100,0.9,"['""mauzer_vet"" filled', '""ammo mauser_clip"" 120', '""bandage"" 5', '""k98_gewehrgranat"" filling ""k98_grenade fg"" 1', '""k98_grenade fg"" 6 1', '""k98_grenade ap3"" 1 2', '""k98_grenade ap2"" 0 1', '""ammo mg_mauser drum"" 50']",0.95,1,1,n/a,7,7,7,7,7,7,1.50,1.50,1.50
./resource/gamelogic/set/breed/mp\ger_ss\fallschirm_mg.set,ger_ss,fallschirm_mg,250,vet_6,lvl5,100,100,0.9,"['""mg34"" filled', '""ammo mg_mauser drum"" 300', '""bandage"" 5', '""sandbag_kit""', '""barrel_case""']",0.75,1,0.8,n/a,3,3,3,3,3,3,1.50,1.50,1.50
./resource/gamelogic/set/breed/mp\ger_ss\fallschirm_mg_39.set,ger_ss,fallschirm_mg_39,400,vet_6,elite,100,100,0.9,"['""mg34"" filled', '""ammo mg_mauser drum"" 300', '""bandage"" 5', '""sandbag_kit""', '""barrel_case""']",0.95,1,1,n/a,7,7,7,7,7,7,1.50,1.50,1.50
./resource/gamelogic/set/breed/mp\ger_ss\fallschirm_mg_asst.set,ger_ss,fallschirm_mg_asst,150,vet_3,1,100,100,0.9,"['""mauzer"" filled', '""ammo mauser_clip"" 90', '""ammo mg_mauser belt"" 600', '""bandage"" 5']",0.75,1,0.8,n/a,2,2,3,3,1,3,0.75,0.75,0.75
./resource/gamelogic/set/breed/mp\ger_ss\fallschirm_pzfst.set,ger_ss,fallschirm_pzfst,400,vet_6,elite,100,100,0.9,"['""mauzer_vet"" filled', '""ammo mauser_clip"" 120', '""ammo mg_mauser drum"" 50', '""bandage"" 5', '""grenade m39"" 2', '""panzerfaust_30 weapon"" filled']",0.95,1,1,n/a,7,7,7,7,7,7,1.50,1.50,1.50
./resource/gamelogic/set/breed/mp\ger_ss\fallschirm_pzfst_stg.set,ger_ss,fallschirm_pzfst_stg,400,vet_6,elite,100,100,0.9,"['""sg44"" filled', '""ammo stg44_mag"" 180', '""bandage"" 5', '""grenade m39"" 2', '""smoke grenade"" 1', '""panzerfaust_30 weapon"" filled']",0.95,1,1,n/a,7,7,7,7,7,7,1.50,1.50,1.50
./resource/gamelogic/set/breed/mp\ger_ss\fallschirm_rifle.set,ger_ss,fallschirm_rifle,150,vet_3,1,100,100,0.9,"['""mauzer"" filled', '""ammo mauser_clip"" 120', '""ammo mg_mauser drum"" 50', '""bandage"" 5', '""grenade m39"" 2', '""grenade pwm1""']",0.75,1,0.8,n/a,2,2,2,3,1,3,0.75,0.75,0.75
./resource/gamelogic/set/breed/mp\ger_ss\fallschirm_rifle_39.set,ger_ss,fallschirm_rifle_39,400,vet_6,elite,100,100,0.9,"['""mauzer_vet"" filled', '""ammo mauser_clip"" 120', '""ammo mg_mauser drum"" 50', '""bandage"" 5', '""grenade m39"" 2', '""grenade m24x5""']",0.95,1,1,n/a,7,7,7,7,7,7,1.50,1.50,1.50
./resource/gamelogic/set/breed/mp\ger_ss\fallschirm_sa.set,ger_ss,fallschirm_sa,250,vet_6,elite,100,100,0.9,"['""g43"" filled', '""ammo g43_mag"" 20', '""ammo mauser_clip"" 100', '""ammo mg_mauser drum"" 50', '""bandage"" 5', '""grenade m39"" 2', '""grenade pwm1""', '""smoke grenade"" 1']",0.75,1,0.8,n/a,7,7,7,7,7,7,1.50,1.50,1.50
./resource/gamelogic/set/breed/mp\ger_ss\fallschirm_sa_41.set,ger_ss,fallschirm_sa_41,400,vet_6,elite,100,100,0.9,"['""g41"" filled', '""ammo mauser_clip"" 120', '""ammo mg_mauser drum"" 50', '""bandage"" 5', '""grenade m39"" 2', '""grenade pwm1""', '""smoke grenade"" 1']",0.95,1,1,n/a,7,7,7,7,7,7,1.50,1.50,1.50
./resource/gamelogic/set/breed/mp\ger_ss\fallschirm_sl.set,ger_ss,fallschirm_sl,250,vet_6,lvl5,100,100,0.9,"['""mp40"" filled', '""ammo mp40_mag"" 192', '""bandage"" 5', '""grenade m39"" 2', '""grenade pwm1""', '""smoke grenade"" 2']",0.75,1,0.8,n/a,4,4,4,4,4,4,1.50,1.50,1.50
./resource/gamelogic/set/breed/mp\ger_ss\fallschirm_sl_40.set,ger_ss,fallschirm_sl_40,400,vet_6,elite,100,100,0.9,"['""mp40"" filled', '""ammo mp40_mag"" 192', '""bandage"" 5', '""grenade m39"" 2', '""grenade m24x5""', '""smoke grenade"" 2']",0.95,1,1,n/a,7,7,7,7,7,7,1.50,1.50,1.50
./resource/gamelogic/set/breed/mp\ger_ss\fallschirm_sl_asst_fg_42.set,ger_ss,fallschirm_sl_asst_fg_42,400,vet_6,elite,100,100,0.9,"['""fg42_rifle"" filled', '""ammo fg42_mag"" 160', '""bandage"" 5', '""grenade m39"" 2', '""grenade m24x5""', '""smoke grenade"" 2']",0.95,1,1,n/a,7,7,7,7,7,7,1.50,1.50,1.50
./resource/gamelogic/set/breed/mp\ger_ss\fallschirm_sl_asst_fg_43.set,ger_ss,fallschirm_sl_asst_fg_43,400,vet_6,elite,100,100,0.9,"['""fg42_rifle"" filled', '""ammo fg42_mag"" 160', '""bandage"" 5', '""grenade m39"" 2', '""grenade pwm1""', '""smoke grenade"" 2']",0.95,1,1,n/a,7,7,7,7,7,7,1.50,1.50,1.50
./resource/gamelogic/set/breed/mp\ger_ss\fallschirm_sl_asst_fg_44.set,ger_ss,fallschirm_sl_asst_fg_44,400,vet_6,elite,100,100,0.9,"['""fg42_rifle"" filled', '""ammo fg42_mag"" 160', '""bandage"" 5', '""grenade m39"" 2', '""grenade pwm1""', '""smoke grenade"" 2', '""panzerfaust_30 weapon"" filled']",0.95,1,1,n/a,7,7,7,7,7,7,1.50,1.50,1.50
./resource/gamelogic/set/breed/mp\ger_ss\fallschirm_sl_asst_smg.set,ger_ss,fallschirm_sl_asst_smg,400,vet_6,lvl5,100,100,0.9,"['""mp40"" filled', '""ammo mp40_mag"" 192', '""bandage"" 5', '""grenade m39"" 2', '""grenade m24x5""', '""smoke grenade"" 2', '""panzerfaust_30 weapon"" filled']",0.95,1,1,n/a,3,3,3,3,3,3,1.50,1.50,1.50
./resource/gamelogic/set/breed/mp\ger_ss\fallschirm_smg.set,ger_ss,fallschirm_smg,150,vet_3,1,100,100,0.9,"['""mp40"" filled', '""ammo mp40_mag"" 192', '""bandage"" 5', '""grenade m39"" 2', '""grenade pwm1""']",0.75,1,0.8,n/a,2,3,2,2,1,3,0.75,0.75,0.75
./resource/gamelogic/set/breed/mp\ger_ss\fallschirm_smg_40.set,ger_ss,fallschirm_smg_40,400,vet_6,elite,100,100,0.9,"['""mp40"" filled', '""ammo mp40_mag"" 192', '""bandage"" 5', '""grenade m39"" 2', '""grenade m24x5""']",0.95,1,1,n/a,7,7,7,7,7,7,1.50,1.50,1.50
./resource/gamelogic/set/breed/mp\ger_ss\fallschirm_sniper.set,ger_ss,fallschirm_sniper,400,vet_6,elite,100,100,0.9,"['""mauzer_s"" filled', '""ammo mauser_clip"" 120', '""ammo mg_mauser drum"" 50', '""bandage"" 5', '""grenade m39"" 2']",0.95,1,1,n/a,7,7,7,7,7,7,1.50,1.50,1.50
./resource/gamelogic/set/breed/mp\ger_ss\fallschirm_stg.set,ger_ss,fallschirm_stg,400,vet_6,elite,100,100,0.9,"['""sg44"" filled', '""ammo stg44_mag"" 180', '""bandage"" 5', '""grenade m39"" 2', '""grenade pwm1""', '""smoke grenade"" 1']",0.95,1,1,n/a,7,7,7,7,7,7,1.50,1.50,1.50
./resource/gamelogic/set/breed/mp\ger_ss\flamer.set,ger_ss,flamer,150,flamer,n/a,100,100,0.9,"['""flame_thrower_g""', '""balloon_g"" filled', '""bandage"" 3']",0.75,1,0.8,n/a,4,4,2,3,2,4,1.0,1.00,1.0
./resource/gamelogic/set/breed/mp\ger_ss\flamer2.set,ger_ss,flamer2,150,flamer,1,100,100,0.9,"['""mp40"" filled', '""ammo mp40_mag"" 192', '""bandage"" 3', '""grenade m24"" 2', '""grenade m24x5"" 1', '""smoke grenade"" 1']",0.75,1,0.8,n/a,4,4,2,3,2,4,1.0,1.00,1.0
./resource/gamelogic/set/breed/mp\ger_ss\gebirgs_mg.set,ger_ss,gebirgs_mg,200,vet_5,1,100,100,0.9,"['""zb30"" filled', '""ammo zb30_mag"" 300', '""valter"" filled', '""ammo walther_mag"" 16', '""bandage"" 3']",0.75,1,0.8,n/a,4,3,5,3,4,4,1.25,1.25,1.25
./resource/gamelogic/set/breed/mp\ger_ss\gebirgs_mg_asst.set,ger_ss,gebirgs_mg_asst,200,vet_5,1,100,100,0.9,"['""mauzer"" filled', '""ammo mauser_clip"" 60', '""bandage"" 3', '""grenade m24"" 2', '""ammo zb30_mag"" 280']",0.75,1,0.8,n/a,4,3,5,5,4,4,1.25,1.25,1.25
./resource/gamelogic/set/breed/mp\ger_ss\gebirgs_pzfst.set,ger_ss,gebirgs_pzfst,200,vet_5,1,100,100,0.9,"['""mauzer"" filled', '""ammo mauser_clip"" 60', '""bandage"" 3', '""grenade m24"" 2', '""panzerfaust_60 weapon"" filled']",0.75,1,0.8,n/a,4,3,3,5,5,4,1.25,1.25,1.25
./resource/gamelogic/set/breed/mp\ger_ss\gebirgs_pzfst_ber.set,ger_ss,gebirgs_pzfst_ber,200,vet_5,1,100,100,0.9,"['""mab_38a"" filled', '""ammo mab_38a_mag"" 200', '""bandage"" 3', '""grenade m24"" 2', '""grenade m24x5""', '""smoke grenade"" 1', '""panzerfaust_30 weapon"" filled']",0.75,1,0.8,n/a,4,5,3,3,4,4,1.25,1.25,1.25
./resource/gamelogic/set/breed/mp\ger_ss\gebirgs_pzfst_stg.set,ger_ss,gebirgs_pzfst_stg,200,vet_5,1,100,100,0.9,"['""sg44"" filled', '""ammo stg44_mag"" 180', '""bandage"" 3', '""grenade m24"" 2', '""grenade m24x5""', '""smoke grenade"" 1', '""panzerfaust_30 weapon"" filled']",0.75,1,0.8,n/a,4,5,3,3,4,4,1.25,1.25,1.25
./resource/gamelogic/set/breed/mp\ger_ss\gebirgs_rifle.set,ger_ss,gebirgs_rifle,200,vet_5,1,100,100,0.9,"['""mauzer"" filled', '""ammo mauser_clip"" 60', '""bandage"" 3', '""grenade m24"" 2']",0.75,1,0.8,n/a,4,3,3,5,4,4,1.25,1.25,1.25
./resource/gamelogic/set/breed/mp\ger_ss\gebirgs_sl.set,ger_ss,gebirgs_sl,200,vet_5,1,100,100,0.9,"['""mab_38a"" filled', '""ammo mab_38a_mag"" 200', '""bandage"" 3', '""grenade m24"" 2', '""grenade m24x5""', '""smoke grenade"" 2']",0.75,1,0.8,n/a,4,5,4,4,4,4,1.25,1.25,1.25
./resource/gamelogic/set/breed/mp\ger_ss\gebirgs_sl_asst.set,ger_ss,gebirgs_sl_asst,200,vet_5,1,100,100,0.9,"['""mab_38a"" filled', '""ammo mab_38a_mag"" 200', '""bandage"" 3', '""grenade m24"" 2', '""grenade m24x5""', '""smoke grenade"" 2']",0.75,1,0.8,n/a,4,5,4,4,4,4,1.25,1.25,1.25
./resource/gamelogic/set/breed/mp\ger_ss\gebirgs_sl_asst_k98.set,ger_ss,gebirgs_sl_asst_k98,200,vet_5,1,100,100,0.9,"['""mauzer"" filled', '""ammo mauser_clip"" 60', '""bandage"" 3', '""grenade m24"" 2', '""grenade m24x5""', '""smoke grenade"" 2']",0.75,1,0.8,n/a,4,5,4,4,4,4,1.25,1.25,1.25
./resource/gamelogic/set/breed/mp\ger_ss\gebirgs_smg.set,ger_ss,gebirgs_smg,200,vet_5,1,100,100,0.9,"['""mab_38a"" filled', '""ammo mab_38a_mag"" 200', '""bandage"" 3', '""grenade m24"" 2', '""grenade m24x5""', '""smoke grenade"" 1']",0.75,1,0.8,n/a,4,5,3,3,4,4,1.25,1.25,1.25
./resource/gamelogic/set/breed/mp\ger_ss\gebirgs_stg.set,ger_ss,gebirgs_stg,200,vet_5,1,100,100,0.9,"['""sg44"" filled', '""ammo stg44_mag"" 180', '""bandage"" 3', '""grenade m24"" 2', '""grenade m24x5""', '""smoke grenade"" 1']",0.75,1,0.8,n/a,4,5,3,3,4,4,1.25,1.25,1.25
./resource/gamelogic/set/breed/mp\ger_ss\grenadier_mg.set,ger_ss,grenadier_mg,200,vet_4,1,100,100,0.9,"['""mg42_inf"" filled', '""ammo mg_mauser drum"" 300', '""valter"" filled', '""ammo walther_mag"" 16', '""bandage"" 3', '""sandbag_kit""', '""barrel_case""']",0.75,1,0.8,n/a,4,3,5,3,4,4,1.0,1.00,1.00
./resource/gamelogic/set/breed/mp\ger_ss\grenadier_mg_39.set,ger_ss,grenadier_mg_39,200,vet_4,1,100,100,0.9,"['""mg34"" filled', '""ammo mg_mauser drum"" 300', '""valter"" filled', '""ammo walther_mag"" 16', '""bandage"" 3', '""sandbag_kit""', '""barrel_case""']",0.75,1,0.8,n/a,4,3,5,3,4,4,1.0,1.00,1.00
./resource/gamelogic/set/breed/mp\ger_ss\grenadier_mg_asst.set,ger_ss,grenadier_mg_asst,200,vet_4,1,100,100,0.9,"['""mauzer"" filled', '""ammo mauser_clip"" 60', '""ammo mg_mauser belt"" 600', '""bandage"" 3', '""grenade m24"" 2', '""sandbag_kit""']",0.75,1,0.8,n/a,4,3,5,5,4,4,1.0,1.00,1.00
./resource/gamelogic/set/breed/mp\ger_ss\grenadier_pzfst.set,ger_ss,grenadier_pzfst,200,vet_4,1,100,100,0.9,"['""mauzer"" filled', '""ammo mauser_clip"" 60', '""ammo mg_mauser drum"" 50', '""bandage"" 3', '""grenade m24"" 2', '""grenade m24x5"" -1 2', '""sandbag_kit""', '""panzerfaust weapon"" 0 1 filled']",0.75,1,0.8,n/a,4,3,3,5,5,4,1.0,1.00,1.00
./resource/gamelogic/set/breed/mp\ger_ss\grenadier_rifle.set,ger_ss,grenadier_rifle,200,vet_4,1,100,100,0.9,"['""mauzer"" filled', '""ammo mauser_clip"" 60', '""ammo mg_mauser drum"" 50', '""bandage"" 3', '""grenade m24"" 2', '""grenade m24x5"" -1 2', '""sandbag_kit""']",0.75,1,0.8,n/a,4,3,3,5,4,4,1.0,1.00,1.00
./resource/gamelogic/set/breed/mp\ger_ss\grenadier_rifle_44.set,ger_ss,grenadier_rifle_44,200,vet_4,1,100,100,0.9,"['""mauzer"" filled', '""ammo mauser_clip"" 60', '""ammo mg_mauser drum"" 50', '""bandage"" 3', '""grenade m24"" 2', '""grenade m24x5"" -1 2', '""sandbag_kit""', '""panzerfaust_60 weapon"" 0 1 filled']",0.75,1,0.8,n/a,4,3,3,5,4,4,1.0,1.00,1.00
./resource/gamelogic/set/breed/mp\ger_ss\grenadier_rifle_grenadier.set,ger_ss,grenadier_rifle_grenadier,200,vet_4,1,100,100,0.9,"['""mauzer"" filled', '""ammo mauser_clip"" 60', '""ammo mg_mauser drum"" 50', '""bandage"" 3', '""k98_gewehrgranat"" filling ""k98_grenade fg"" 1', '""k98_grenade fg"" 5 1', '""k98_grenade ap2"" 2 1', '""sandbag_kit""']",0.75,1,0.8,n/a,4,3,3,5,4,4,1.0,1.00,1.00
./resource/gamelogic/set/breed/mp\ger_ss\grenadier_rifle_grenadier2.set,ger_ss,grenadier_rifle_grenadier2,200,vet_5,1,100,100,0.9,"['""mauzer"" filled', '""ammo mauser_clip"" 60', '""ammo mg_mauser drum"" 50', '""bandage"" 3', '""k98_grenade fg"" 5', '""k98_grenade ap2"" 3', '""sandbag_kit""']",0.75,1,0.8,n/a,4,3,3,5,4,4,1.25,1.25,1.25
./resource/gamelogic/set/breed/mp\ger_ss\grenadier_rifle_grenadier3.set,ger_ss,grenadier_rifle_grenadier3,200,vet_5,1,100,100,0.9,"['""mauzer"" filled', '""ammo mauser_clip"" 60', '""ammo mg_mauser drum"" 50', '""bandage"" 3', '""k98_gewehrgranat"" 0.3 1 filling ""k98_grenade fg"" 1', '""k98_grenade fg"" 6 1', '""k98_grenade ap"" 1 1', '""k98_grenade ap3"" 0.5 0.5', '""sandbag_kit""']",0.75,1,0.8,n/a,4,3,3,5,4,4,1.25,1.25,1.25
./resource/gamelogic/set/breed/mp\ger_ss\grenadier_sa.set,ger_ss,grenadier_sa,200,vet_4,1,100,100,0.9,"['""g43"" filling ""ammo g43_mag"" 10', '""ammo g43_mag"" 20', '""ammo mauser_clip"" 60', '""ammo mg_mauser drum"" 50', '""bandage"" 3', '""grenade m24"" 2', '""grenade m24x5"" -1 2', '""sandbag_kit""']",0.75,1,0.8,n/a,4,3,3,5,4,4,1.0,1.00,1.00
./resource/gamelogic/set/breed/mp\ger_ss\grenadier_sa_41.set,ger_ss,grenadier_sa_41,200,vet_4,1,100,100,0.9,"['""g41"" filled', '""ammo mauser_clip"" 80', '""ammo mg_mauser drum"" 50', '""bandage"" 3', '""grenade m24"" 2', '""grenade m24x5"" -1 2', '""sandbag_kit""']",0.75,1,0.8,n/a,4,3,3,5,4,4,1.0,1.00,1.00
./resource/gamelogic/set/breed/mp\ger_ss\grenadier_sa_44.set,ger_ss,grenadier_sa_44,200,vet_4,1,100,100,0.9,"['""g43"" filling ""ammo g43_mag"" 10', '""ammo g43_mag"" 20', '""ammo mauser_clip"" 60', '""ammo mg_mauser drum"" 50', '""bandage"" 3', '""grenade m24"" 2', '""grenade m24x5"" -1 2', '""sandbag_kit""', '""panzerfaust_60 weapon"" 0 1 filled']",0.75,1,0.8,n/a,4,3,3,5,4,4,1.0,1.00,1.00
./resource/gamelogic/set/breed/mp\ger_ss\grenadier_sl.set,ger_ss,grenadier_sl,200,vet_5,1,100,100,0.9,"['""mp40"" filled', '""ammo mp40_mag"" 192', '""bandage"" 3', '""grenade m24"" 2', '""grenade m24x5""', '""smoke grenade"" 2']",0.75,1,0.8,n/a,4,5,3,3,4,4,1.25,1.25,1.25
./resource/gamelogic/set/breed/mp\ger_ss\grenadier_sl_asst.set,ger_ss,grenadier_sl_asst,200,vet_5,1,100,100,0.9,"['""mauzer"" filled', '""ammo mauser_clip"" 60', '""ammo mg_mauser drum"" 50', '""bandage"" 3', '""grenade m24"" 2', '""grenade m24x5"" -1 2', '""sandbag_kit""']",0.75,1,0.8,n/a,4,3,3,5,4,4,1.25,1.25,1.25
./resource/gamelogic/set/breed/mp\ger_ss\grenadier_sl_asst_44.set,ger_ss,grenadier_sl_asst_44,200,vet_5,1,100,100,0.9,"['""mauzer"" filled', '""ammo mauser_clip"" 60', '""ammo mg_mauser drum"" 50', '""bandage"" 3', '""grenade m24"" 2', '""grenade m24x5"" -1 2', '""sandbag_kit""', '""panzerfaust_30 weapon"" 0 1 filled']",0.75,1,0.8,n/a,4,3,3,5,4,4,1.25,1.25,1.25
./resource/gamelogic/set/breed/mp\ger_ss\grenadier_smg.set,ger_ss,grenadier_smg,200,vet_4,1,100,100,0.9,"['""mp40"" filled', '""ammo mp40_mag"" 192', '""bandage"" 3', '""grenade m24"" 2', '""grenade m24x5"" -1 2']",0.75,1,0.8,n/a,4,5,3,3,4,4,1.0,1.00,1.00
./resource/gamelogic/set/breed/mp\ger_ss\grenadier_stg.set,ger_ss,grenadier_stg,200,vet_4,1,100,100,0.9,"['""sg44"" filled', '""ammo stg44_mag"" 180', '""bandage"" 3', '""grenade m24"" 2', '""grenade m24x5"" -1 2', '""panzerfaust_60 weapon"" 0 1 filled']",0.75,1,0.8,n/a,4,5,3,3,4,4,1.0,1.00,1.00
./resource/gamelogic/set/breed/mp\ger_ss\kosaken_mg.set,ger_ss,kosaken_mg,100,vet_2,1,100,100,0.9,"['""dp"" filling ""ammo dp27_mag"" 47', '""ammo dp27_mag"" 235', '""bandage"" 3', '""sandbag_kit"" 1']",0.75,1,0.8,n/a,1,1,2,2,1,1,0.50,0.50,0.50
./resource/gamelogic/set/breed/mp\ger_ss\kosaken_mg_asst.set,ger_ss,kosaken_mg_asst,100,vet_2,1,100,100,0.9,"['""mosin"" filled', '""ammo mosin_clip"" 60', '""ammo dp27_mag"" 141', '""bandage"" 3', '""grenade m24"" 1']",0.75,1,0.8,n/a,1,1,2,2,1,1,0.50,0.50,0.50
./resource/gamelogic/set/breed/mp\ger_ss\kosaken_rifle.set,ger_ss,kosaken_rifle,100,vet_2,1,100,100,0.9,"['""mosin"" filled', '""ammo mosin_clip"" 60', '""ammo dp27_mag"" 47', '""bandage"" 3', '""grenade m24"" 1']",0.75,1,0.8,n/a,1,1,1,2,1,1,0.50,0.50,0.50
./resource/gamelogic/set/breed/mp\ger_ss\kosaken_sl.set,ger_ss,kosaken_sl,100,vet_2,1,100,100,0.9,"['""ppsh41"" filled', '""ammo ppsh41_mag"" 142', '""bandage"" 3', '""grenade m24"" 2']",0.75,1,0.8,n/a,2,3,2,2,1,2,0.50,0.50,0.50
./resource/gamelogic/set/breed/mp\ger_ss\kosaken_sl_asst.set,ger_ss,kosaken_sl_asst,100,vet_2,1,100,100,0.9,"['""ppsh41"" filled', '""ammo ppsh41_mag"" 142', '""bandage"" 3', '""grenade m24"" 2']",0.75,1,0.8,n/a,2,3,2,2,1,2,0.50,0.50,0.50
./resource/gamelogic/set/breed/mp\ger_ss\kosaken_smg.set,ger_ss,kosaken_smg,100,vet_2,1,100,100,0.9,"['""ppsh41"" filled', '""ammo ppsh41_mag"" 142', '""bandage"" 3', '""grenade m24"" 1']",0.75,1,0.8,n/a,1,2,1,1,1,1,0.50,0.50,0.50
./resource/gamelogic/set/breed/mp\ger_ss\light_mortar.set,ger_ss,light_mortar,150,vet_3,1,100,100,0.9,"['""mortar_legrw_36"" filled', '""ammo mortar50 ger fg"" 12', '""bandage"" 3']",0.75,1,0.8,n/a,4,3,2,5,2,4,0.75,0.75,0.75
./resource/gamelogic/set/breed/mp\ger_ss\light_mortar2.set,ger_ss,light_mortar2,150,vet_4,1,100,100,0.9,"['""mauzer"" filled', '""ammo mauser_clip"" 60', '""ammo mortar50 ger fg"" 8', '""bandage"" 3', '""grenade m24"" 2', '""sandbag_kit""']",0.75,1,0.8,n/a,4,3,2,5,2,4,1.0,1.00,1.00
./resource/gamelogic/set/breed/mp\ger_ss\lssah_pzgren_at.set,ger_ss,lssah_pzgren_at,200,vet_7,lvl5,100,100,0.9,"['""weapon panzershreck"" filled', '""ammo panzershreck"" 7', '""valter"" filled', '""ammo walther_mag"" 16', '""bandage"" 5', '""grenade hohlladung"" 1']",0.95,1,1,n/a,5,3,3,5,5,4,1.75,1.75,1.75
./resource/gamelogic/set/breed/mp\ger_ss\lssah_pzgren_at2.set,ger_ss,lssah_pzgren_at2,200,vet_7,lvl5,100,100,0.9,"['""mauzer_vet"" filled', '""ammo mauser_clip"" 60', '""bandage"" 5', '""grenade m39"" 2', '""grenade hohlladung"" 1', '""ammo panzershreck"" 5']",0.95,1,1,n/a,4,3,3,5,5,4,1.75,1.75,1.75
./resource/gamelogic/set/breed/mp\ger_ss\lssah_pzgren_mg.set,ger_ss,lssah_pzgren_mg,200,vet_7,lvl5,100,100,0.9,"['""mg42_inf_250"" filled', '""ammo mg_mauser belt"" 300', '""valter"" filled', '""ammo walther_mag"" 16', '""bandage"" 5', '""sandbag_kit""', '""barrel_case""']",0.85,1,0.9,n/a,4,3,5,5,4,4,1.75,1.75,1.75
./resource/gamelogic/set/breed/mp\ger_ss\lssah_pzgren_mg_39.set,ger_ss,lssah_pzgren_mg_39,200,vet_7,lvl5,100,100,0.9,"['""mg34"" filled', '""ammo mg_mauser drum"" 300', '""valter"" filled', '""ammo walther_mag"" 16', '""bandage"" 5', '""sandbag_kit""', '""barrel_case""']",0.85,1,0.9,n/a,4,3,5,5,4,4,1.75,1.75,1.75
./resource/gamelogic/set/breed/mp\ger_ss\lssah_pzgren_mg_asst.set,ger_ss,lssah_pzgren_mg_asst,200,vet_7,lvl5,100,100,0.9,"['""mauzer_vet"" filled', '""ammo mauser_clip"" 60', '""ammo mg_mauser belt"" 600', '""bandage"" 5', '""grenade m24"" 2', '""sandbag_kit""']",0.85,1,0.9,n/a,4,3,5,5,4,4,1.75,1.75,1.75
./resource/gamelogic/set/breed/mp\ger_ss\lssah_pzgren_pzfst.set,ger_ss,lssah_pzgren_pzfst,200,vet_7,lvl5,100,100,0.9,"['""g43"" filling ""ammo g43_mag"" 10', '""ammo g43_mag"" 20', '""ammo mauser_clip"" 60', '""ammo mg_mauser drum"" 50', '""bandage"" 5', '""grenade m24"" 2', '""m24x5 grenade""', '""sandbag_kit""', '""panzerfaust weapon"" filled']",0.85,1,0.9,n/a,4,3,3,5,5,4,1.75,1.75,1.75
./resource/gamelogic/set/breed/mp\ger_ss\lssah_pzgren_pzfst60_sa.set,ger_ss,lssah_pzgren_pzfst60_sa,200,vet_7,lvl5,100,100,0.9,"['""g43"" filling ""ammo g43_mag"" 10', '""ammo g43_mag"" 20', '""ammo mauser_clip"" 60', '""ammo mg_mauser drum"" 50', '""bandage"" 5', '""grenade m24"" 2', '""m24x5 grenade""', '""sandbag_kit""', '""panzerfaust_60 weapon"" filled']",0.85,1,0.9,n/a,4,3,3,5,5,4,1.75,1.75,1.75
./resource/gamelogic/set/breed/mp\ger_ss\lssah_pzgren_pzfst_stg.set,ger_ss,lssah_pzgren_pzfst_stg,200,vet_7,lvl5,100,100,0.9,"['""sg44"" filled', '""ammo stg44_mag"" 180', '""bandage"" 5', '""grenade m24"" 2', '""grenade m24x5""', '""smoke grenade""', '""panzerfaust weapon"" filled']",0.85,1,0.9,n/a,4,5,3,3,5,4,1.75,1.75,1.75
./resource/gamelogic/set/breed/mp\ger_ss\lssah_pzgren_rifle.set,ger_ss,lssah_pzgren_rifle,200,vet_7,lvl5,100,100,0.9,"['""mauzer_vet"" filled', '""ammo mauser_clip"" 60', '""ammo mg_mauser drum"" 50', '""bandage"" 5', '""grenade m24"" 2', '""m24x5 grenade""', '""sandbag_kit""']",0.85,1,0.9,n/a,4,3,3,5,4,4,1.75,1.75,1.75
./resource/gamelogic/set/breed/mp\ger_ss\lssah_pzgren_sa.set,ger_ss,lssah_pzgren_sa,200,vet_7,lvl5,100,100,0.9,"['""g43"" filling ""ammo g43_mag"" 10', '""ammo g43_mag"" 20', '""ammo mauser_clip"" 60', '""ammo mg_mauser drum"" 50', '""bandage"" 5', '""grenade m24"" 2', '""smoke grenade"" 1', '""m24x5 grenade""', '""sandbag_kit""']",0.85,1,0.9,n/a,4,3,3,5,4,4,1.75,1.75,1.75
./resource/gamelogic/set/breed/mp\ger_ss\lssah_pzgren_sa_41.set,ger_ss,lssah_pzgren_sa_41,200,vet_7,lvl5,100,100,0.9,"['""g41"" filled', '""ammo mauser_clip"" 80', '""ammo mg_mauser drum"" 50', '""bandage"" 5', '""grenade m24"" 2', '""m24x5 grenade""', '""sandbag_kit""']",0.85,1,0.9,n/a,4,3,3,5,4,4,1.75,1.75,1.75
./resource/gamelogic/set/breed/mp\ger_ss\lssah_pzgren_sl_asst.set,ger_ss,lssah_pzgren_sl_asst,200,vet_7,lvl5,100,100,0.9,"['""mauzer_s"" filled', '""ammo mauser_clip"" 60', '""ammo mg_mauser drum"" 50', '""bandage"" 5', '""grenade m24"" 2', '""smoke grenade"" 2']",0.85,1,0.9,n/a,4,3,3,5,4,4,1.75,1.75,1.75
./resource/gamelogic/set/breed/mp\ger_ss\lssah_pzgren_sl_asst_sa.set,ger_ss,lssah_pzgren_sl_asst_sa,200,vet_7,lvl5,100,100,0.9,"['""g43_scope"" filling ""ammo g43_mag"" 10', '""ammo g43_mag"" 20', '""ammo mauser_clip"" 60', '""ammo mg_mauser drum"" 50', '""bandage"" 5', '""grenade m24"" 2', '""smoke grenade"" 2']",0.85,1,0.9,n/a,4,3,3,5,4,4,1.75,1.75,1.75
./resource/gamelogic/set/breed/mp\ger_ss\lssah_pzgren_sl_smg.set,ger_ss,lssah_pzgren_sl_smg,200,vet_7,lvl5,100,100,0.9,"['""mp40"" filled', '""ammo mp40_mag"" 192', '""bandage"" 5', '""grenade m24"" 2', '""grenade m24x5""', '""smoke grenade"" 2']",0.85,1,0.9,n/a,4,5,4,4,4,4,1.75,1.75,1.75
./resource/gamelogic/set/breed/mp\ger_ss\lssah_pzgren_sl_stg.set,ger_ss,lssah_pzgren_sl_stg,200,vet_7,lvl5,100,100,0.9,"['""sg44"" filled', '""ammo stg44_mag"" 180', '""bandage"" 5', '""grenade m24"" 2', '""grenade m24x5""', '""smoke grenade"" 2']",0.85,1,0.9,n/a,4,5,4,4,4,4,1.75,1.75,1.75
./resource/gamelogic/set/breed/mp\ger_ss\lssah_pzgren_smg.set,ger_ss,lssah_pzgren_smg,200,vet_7,lvl5,100,100,0.9,"['""mp40"" filled', '""ammo mp40_mag"" 192', '""bandage"" 5', '""grenade m24"" 2', '""grenade m24x5""', '""smoke grenade""']",0.85,1,0.9,n/a,4,5,3,3,4,4,1.75,1.75,1.75
./resource/gamelogic/set/breed/mp\ger_ss\lssah_pzgren_stg.set,ger_ss,lssah_pzgren_stg,200,vet_7,lvl5,100,100,0.9,"['""sg44"" filled', '""ammo stg44_mag"" 180', '""bandage"" 5', '""grenade m24"" 2', '""grenade m24x5""', '""smoke grenade""']",0.85,1,0.9,n/a,4,5,3,3,4,4,1.75,1.75,1.75
./resource/gamelogic/set/breed/mp\ger_ss\medic.set,ger_ss,medic,150,n/a,1,100,100,0.9,"['""mauzer"" filled', '""ammo mauser_clip"" 60', '""bandage"" 25', '""morphine"" 1']",0.75,1,0.8,n/a,4,3,2,4,2,4,n/a,n/a,n/a
./resource/gamelogic/set/breed/mp\ger_ss\oficer.set,ger_ss,oficer,250,oficer,1,100,100,1.0,"['""luger"" filled', '""ammo walther_mag"" 32', '""knife_ger""', '""binocular""']",0.85,1,0.9,n/a,5,5,5,5,5,5,-10.0,20.00,10.0
./resource/gamelogic/set/breed/mp\ger_ss\pzgren_mg.set,ger_ss,pzgren_mg,200,vet_5,lvl1,100,100,0.9,"['""mg42_inf"" filled', '""ammo mg_mauser drum"" 300', '""valter"" filled', '""ammo walther_mag"" 16', '""bandage"" 3', '""sandbag_kit""', '""barrel_case""']",0.75,1,0.8,n/a,4,3,5,3,4,4,1.25,1.25,1.25
./resource/gamelogic/set/breed/mp\ger_ss\pzgren_mg_39.set,ger_ss,pzgren_mg_39,200,vet_5,1,100,100,0.9,"['""mg34"" filled', '""ammo mg_mauser drum"" 300', '""valter"" filled', '""ammo walther_mag"" 16', '""bandage"" 3', '""sandbag_kit""', '""barrel_case""']",0.75,1,0.8,n/a,4,3,5,3,4,4,1.25,1.25,1.25
./resource/gamelogic/set/breed/mp\ger_ss\pzgren_mg_asst.set,ger_ss,pzgren_mg_asst,200,vet_5,lvl1,100,100,0.9,"['""mauzer"" filled', '""ammo mauser_clip"" 60', '""ammo mg_mauser belt"" 600', '""bandage"" 3', '""grenade m24"" 2', '""sandbag_kit""']",0.75,1,0.8,n/a,4,3,5,5,4,4,1.25,1.25,1.25
./resource/gamelogic/set/breed/mp\ger_ss\pzgren_pzfst.set,ger_ss,pzgren_pzfst,200,vet_5,lvl1,100,100,0.9,"['""mauzer"" filled', '""ammo mauser_clip"" 60', '""ammo mg_mauser drum"" 50', '""bandage"" 3', '""grenade m24"" 2', '""sandbag_kit""', '""panzerfaust_60 weapon"" filled']",0.75,1,0.8,n/a,4,3,4,5,5,4,1.25,1.25,1.25
./resource/gamelogic/set/breed/mp\ger_ss\pzgren_pzfst_sa.set,ger_ss,pzgren_pzfst_sa,200,vet_5,lvl1,100,100,0.9,"['""g43"" filling ""ammo g43_mag"" 10', '""ammo g43_mag"" 20', '""ammo mauser_clip"" 60', '""ammo mg_mauser drum"" 50', '""bandage"" 3', '""grenade m24"" 2', '""smoke grenade"" 1', '""sandbag_kit""', '""panzerfaust_60 weapon"" filled']",0.75,1,0.8,n/a,4,3,4,5,5,4,1.25,1.25,1.25
./resource/gamelogic/set/breed/mp\ger_ss\pzgren_rifle.set,ger_ss,pzgren_rifle,200,vet_5,1,100,100,0.9,"['""mauzer"" filled', '""ammo mauser_clip"" 60', '""ammo mg_mauser drum"" 50', '""bandage"" 3', '""grenade m24"" 2', '""sandbag_kit""']",0.75,1,0.8,n/a,4,3,4,5,4,4,1.25,1.25,1.25
./resource/gamelogic/set/breed/mp\ger_ss\pzgren_sa.set,ger_ss,pzgren_sa,200,vet_5,1,100,100,0.9,"['""g43"" filling ""ammo g43_mag"" 10', '""ammo g43_mag"" 20', '""ammo mauser_clip"" 60', '""ammo mg_mauser drum"" 50', '""bandage"" 3', '""grenade m24"" 2', '""smoke grenade"" 1', '""sandbag_kit""']",0.75,1,0.8,n/a,4,3,4,5,4,4,1.25,1.25,1.25
./resource/gamelogic/set/breed/mp\ger_ss\pzgren_sa_41.set,ger_ss,pzgren_sa_41,200,vet_5,1,100,100,0.9,"['""g41"" filled', '""ammo mauser_clip"" 80', '""ammo mg_mauser drum"" 50', '""bandage"" 3', '""grenade m24"" 2', '""smoke grenade"" 1', '""sandbag_kit""']",0.75,1,0.8,n/a,4,3,4,5,4,4,1.25,1.25,1.25
./resource/gamelogic/set/breed/mp\ger_ss\pzgren_sl_asst.set,ger_ss,pzgren_sl_asst,200,vet_5,1,100,100,0.9,"['""mauzer"" filled', '""ammo mauser_clip"" 60', '""ammo mg_mauser drum"" 50', '""bandage"" 3', '""grenade m24"" 2', '""sandbag_kit""']",0.75,1,0.8,n/a,4,3,4,5,4,4,1.25,1.25,1.25
./resource/gamelogic/set/breed/mp\ger_ss\pzgren_sl_asst_pzfst.set,ger_ss,pzgren_sl_asst_pzfst,200,vet_5,lvl1,100,100,0.9,"['""mauzer"" filled', '""ammo mauser_clip"" 60', '""ammo mg_mauser drum"" 50', '""bandage"" 3', '""grenade m24"" 2', '""sandbag_kit""', '""panzerfaust weapon"" filled']",0.75,1,0.8,n/a,4,3,4,5,5,4,1.25,1.25,1.25
./resource/gamelogic/set/breed/mp\ger_ss\pzgren_sl_smg.set,ger_ss,pzgren_sl_smg,200,vet_5,1,100,100,0.9,"['""mp40"" filled', '""ammo mp40_mag"" 192', '""bandage"" 3', '""grenade m24"" 2', '""grenade m24x5""', '""smoke grenade"" 2']",0.75,1,0.8,n/a,4,5,4,3,4,4,1.25,1.25,1.25
./resource/gamelogic/set/breed/mp\ger_ss\pzgren_sl_stg.set,ger_ss,pzgren_sl_stg,200,vet_5,lvl1,100,100,0.9,"['""sg44"" filled', '""ammo stg44_mag"" 180', '""bandage"" 3', '""grenade m24"" 2', '""grenade m24x5""', '""smoke grenade"" 2']",0.75,1,0.8,n/a,4,5,4,3,5,4,1.25,1.25,1.25
./resource/gamelogic/set/breed/mp\ger_ss\pzgren_stg.set,ger_ss,pzgren_stg,200,vet_5,lvl1,100,100,0.9,"['""sg44"" filled', '""ammo stg44_mag"" 180', '""bandage"" 3', '""grenade m24"" 2', '""grenade m24x5""', '""smoke grenade"" 1']",0.75,1,0.8,n/a,4,5,4,3,4,4,1.25,1.25,1.25
./resource/gamelogic/set/breed/mp\ger_ss\saper.set,ger_ss,saper,150,saper,1,100,100,0.9,"['""mp40"" filled', '""ammo mp40_mag"" 192', '""mine_detector""', '""dynamite_ladung"" 2', '""hohlladung grenade""', '""trench_spade""']",0.85,1,0.9,n/a,4,4,2,3,2,4,1.0,1.00,1.0
./resource/gamelogic/set/breed/mp\ger_ss\sniper.set,ger_ss,sniper,350,sniper,1,100,100,1.0,"['""mauzer_s"" filled', '""ammo mauser_clip"" 60', '""bandage"" 5', '""smoke_paradrop_ammo grenade"" 1', '""plant"" 3', '""knife_ger""']",0.75,1,0.8,n/a,4,3,2,6,2,4,5.0,8.00,2.0
./resource/gamelogic/set/breed/mp\ger_ss\sniper2.set,ger_ss,sniper2,350,sniper,1,100,100,1.0,"['""mauzer_s_vet"" filled', '""ammo mauser_clip"" 60', '""ammo mauser_clip fg"" 20', '""bandage"" 5', '""smoke_paradrop_ammo grenade"" 1', '""plant"" 3', '""knife_ger""']",0.85,1,0.9,n/a,7,7,7,7,7,7,5.0,8.00,2.0
./resource/gamelogic/set/breed/mp\ger_ss\sniper2_early.set,ger_ss,sniper2_early,350,sniper,1,100,100,1.0,"['""mauzer_s_vet"" filled', '""ammo mauser_clip"" 60', '""bandage"" 5', '""smoke_paradrop_ammo grenade"" 1', '""plant"" 3', '""knife_ger""']",0.85,1,0.9,n/a,7,7,7,7,7,7,5.0,8.00,2.0
./resource/gamelogic/set/breed/mp\ger_ss\sniper3.set,ger_ss,sniper3,350,sniper,1,100,100,1.0,"['""g43_scope"" filling ""ammo g43_mag"" 10', '""ammo g43_mag"" 60', '""bandage"" 5', '""smoke_paradrop_ammo grenade"" 1', '""plant"" 3', '""knife_ger""']",0.75,1,0.8,n/a,4,3,2,6,2,4,5.0,8.00,2.0
./resource/gamelogic/set/breed/mp\ger_ss\ssvt_mg.set,ger_ss,ssvt_mg,100,vet_2,1,100,100,0.9,"['""zb30"" filled', '""ammo zb30_mag"" 300', '""valter"" filled', '""ammo walther_mag"" 16', '""bandage"" 3']",0.75,1,0.8,n/a,2,1,2,1,1,2,0.50,0.50,0.50
./resource/gamelogic/set/breed/mp\ger_ss\ssvt_mg_asst.set,ger_ss,ssvt_mg_asst,100,vet_2,1,100,100,0.9,"['""mauzer"" filled', '""ammo mauser_clip"" 60', '""bandage"" 3', '""grenade m24"" 2', '""ammo zb30_mag"" 280']",0.75,1,0.8,n/a,2,1,2,1,1,2,0.50,0.50,0.50
./resource/gamelogic/set/breed/mp\ger_ss\ssvt_pzfst.set,ger_ss,ssvt_pzfst,100,vet_2,1,100,100,0.9,"['""mauzer"" filled', '""ammo mauser_clip"" 60', '""bandage"" 3', '""grenade m24"" 2', '""panzerfaust_30 weapon"" filled']",0.75,1,0.8,n/a,1,1,1,2,2,2,0.50,0.50,0.50
./resource/gamelogic/set/breed/mp\ger_ss\ssvt_rifle.set,ger_ss,ssvt_rifle,100,vet_2,1,100,100,0.9,"['""mauzer"" filled', '""ammo mauser_clip"" 60', '""bandage"" 3', '""grenade m24"" 2']",0.75,1,0.8,n/a,1,1,1,2,1,2,0.50,0.50,0.50
./resource/gamelogic/set/breed/mp\ger_ss\ssvt_sl.set,ger_ss,ssvt_sl,150,vet_2,1,100,100,0.9,"['""mp41"" filled', '""ammo mp40_mag"" 192', '""bandage"" 3', '""grenade m24"" 2', '""smoke grenade"" 2']",0.75,1,0.8,n/a,2,3,2,2,2,2,0.50,0.50,0.50
./resource/gamelogic/set/breed/mp\ger_ss\ssvt_sl_asst.set,ger_ss,ssvt_sl_asst,150,vet_2,1,100,100,0.9,"['""mauzer"" filled', '""ammo mauser_clip"" 60', '""bandage"" 3', '""grenade m24"" 2']",0.75,1,0.8,n/a,2,2,1,3,2,2,0.50,0.50,0.50
./resource/gamelogic/set/breed/mp\ger_ss\ssvt_smg.set,ger_ss,ssvt_smg,100,vet_2,1,100,100,0.9,"['""mp41"" filled', '""ammo mp40_mag"" 192', '""bandage"" 3', '""grenade m24"" 2']",0.75,1,0.8,n/a,2,2,1,1,1,2,0.50,0.50,0.50
./resource/gamelogic/set/breed/mp\ger_ss\sturmgren_mg.set,ger_ss,sturmgren_mg,200,vet_5,1,100,100,0.9,"['""mg42_inf"" filled', '""ammo mg_mauser drum"" 300', '""valter"" filled', '""ammo walther_mag"" 16', '""bandage"" 3', '""barrel_case""']",0.75,1,0.8,n/a,4,3,5,3,4,4,1.25,1.25,1.25
./resource/gamelogic/set/breed/mp\ger_ss\sturmgren_mg_asst.set,ger_ss,sturmgren_mg_asst,200,vet_5,1,100,100,0.9,"['""mp40"" filled', '""ammo mp40_mag"" 192', '""ammo mg_mauser belt"" 600', '""bandage"" 3', '""grenade m24"" 2']",0.75,1,0.8,n/a,4,5,5,3,4,4,1.25,1.25,1.25
./resource/gamelogic/set/breed/mp\ger_ss\sturmgren_sa.set,ger_ss,sturmgren_sa,200,vet_5,1,100,100,0.9,"['""g43"" filling ""ammo g43_mag"" 10', '""ammo g43_mag"" 20', '""ammo mauser_clip"" 60', '""ammo mg_mauser drum"" 50', '""bandage"" 3', '""grenade m24"" 2', '""grenade m24x5"" -1 2']",0.75,1,0.8,n/a,4,3,3,5,4,4,1.25,1.25,1.25
./resource/gamelogic/set/breed/mp\ger_ss\sturmgren_sa_scope.set,ger_ss,sturmgren_sa_scope,200,vet_5,1,100,100,0.9,"['""g43_scope"" filling ""ammo g43_mag"" 10', '""ammo g43_mag"" 20', '""ammo mauser_clip"" 60', '""ammo mg_mauser drum"" 50', '""bandage"" 3', '""grenade m24"" 2', '""grenade m24x5"" -1 2', '""panzerfaust_60 weapon"" 0.5 0.5 filled']",0.75,1,0.8,n/a,4,3,3,5,4,4,1.25,1.25,1.25
./resource/gamelogic/set/breed/mp\ger_ss\sturmgren_sl.set,ger_ss,sturmgren_sl,200,vet_5,1,100,100,0.9,"['""sg44"" filled', '""ammo stg44_mag"" 180', '""bandage"" 3', '""grenade m24"" 2', '""grenade m24x5""', '""smoke grenade"" 2']",0.75,1,0.8,n/a,4,5,3,3,4,4,1.25,1.25,1.25
./resource/gamelogic/set/breed/mp\ger_ss\sturmgren_sl_asst.set,ger_ss,sturmgren_sl_asst,200,vet_4,1,100,100,0.9,"['""sg44"" filled', '""ammo stg44_mag"" 180', '""bandage"" 3', '""grenade m24"" 2', '""grenade m24x5"" -1 2', '""panzerfaust_60 weapon"" 0.5 0.5 filled', '""smoke grenade"" 1']",0.75,1,0.8,n/a,4,5,3,3,4,4,1.0,1.00,1.00
./resource/gamelogic/set/breed/mp\ger_ss\sturmgren_smg.set,ger_ss,sturmgren_smg,200,vet_5,1,100,100,0.9,"['""mp40"" filled', '""ammo mp40_mag"" 192', '""bandage"" 3', '""grenade m24"" 2', '""grenade m24x5"" -1 2', '""smoke grenade"" 1']",0.75,1,0.8,n/a,4,5,3,3,4,4,1.25,1.25,1.25
./resource/gamelogic/set/breed/mp\ger_ss\sturmgren_stg.set,ger_ss,sturmgren_stg,200,vet_5,1,100,100,0.9,"['""sg44"" filled', '""ammo stg44_mag"" 180', '""bandage"" 3', '""grenade m24"" 2', '""grenade m24x5"" -1 2', '""panzerfaust_60 weapon"" 0 1 filled', '""smoke grenade"" 1']",0.75,1,0.8,n/a,4,5,3,3,4,4,1.25,1.25,1.25
./resource/gamelogic/set/breed/mp\ger_ss\sturmgren_stg_pzf.set,ger_ss,sturmgren_stg_pzf,200,vet_5,1,100,100,0.9,"['""sg44"" filled', '""ammo stg44_mag"" 180', '""bandage"" 3', '""grenade m24"" 2', '""grenade m24x5"" -1 2', '""panzerfaust_60 weapon"" 1 filled']",0.75,1,0.8,n/a,4,5,3,3,4,4,1.25,1.25,1.25
./resource/gamelogic/set/breed/mp\ger_ss\sturmpio1.set,ger_ss,sturmpio1,150,vet_4,1,100,100,0.9,"['""mauzer"" filled', '""ammo mauser_clip"" 60', '""bandage"" 3', '""mine s_mine"" 14', '""sandbag_kit"" 2', '""grenade m24"" 2', '""panzerfaust_60 weapon"" filled', '""dynamite_ladung"" 2', '""smoke grenade"" 1', '""hohlladung grenade""', '""smoke grenade"" 1', '""ammo panzershreck"" 3', '""sandbag_kit"" 3', '""dynamite_ladung"" 1']",0.75,1,0.8,n/a,4,3,2,4,4,4,1.0,1.00,1.00
./resource/gamelogic/set/breed/mp\ger_ss\sturmpio2.set,ger_ss,sturmpio2,150,vet_4,1,100,100,0.9,"['""mauzer"" filled', '""ammo mauser_clip"" 60', '""bandage"" 3', '""hedgehog_kit"" 1', '""dynamite_ladung"" 2', '""trench_spade""', '""mine antitank"" 2', '""grenade m24"" 2', '""mine antitank"" 2', '""dynamite_ladung"" 4', '""hohlladung grenade""', '""hedgehog_kit"" 1', '""trench_spade""']",0.85,1,0.9,n/a,4,3,2,4,2,4,1.0,1.00,1.00
./resource/gamelogic/set/breed/mp\ger_ss\sturmpio3.set,ger_ss,sturmpio3,150,vet_4,1,100,100,0.9,"['""mauzer"" filled', '""ammo mauser_clip"" 60', '""bandage"" 3', '""mine antitank"" 4', '""grenade m24"" 2', '""mine_detector""', '""dynamite_ladung"" 2', '""mine s_mine"" 20', '""mine_detector""', '""trench_spade"" 1']",0.85,1,0.9,n/a,4,3,2,4,2,4,1.0,1.00,1.00
./resource/gamelogic/set/breed/mp\ger_ss\sturmpio4.set,ger_ss,sturmpio4,150,vet_4,1,100,100,0.9,"['""sg44"" filled', '""ammo stg44_mag"" 180', '""bandage"" 3', '""grenade m24"" 2', '""mine antitank"" 3', '""sandbag_kit"" 1', '""mine s_mine"" 6', '""trench_spade"" 1', '""dynamite_ladung"" 1', '""mine antitank"" 1', '""grenade m24"" 2', '""trench_spade"" 1', '""sandbag_kit"" 3', '""hedgehog_kit"" 1']",0.75,1,0.8,n/a,4,4,2,3,2,4,1.0,1.00,1.00
./resource/gamelogic/set/breed/mp\ger_ss\sturmpio_at.set,ger_ss,sturmpio_at,150,vet_4,1,100,100,0.9,"['""weapon panzershreck"" filled', '""bandage"" 3', '""hohlladung grenade""', '""ammo panzershreck"" 5', '""valter"" filled', '""ammo walther_mag"" 16', '""sandbag_kit""']",0.75,1,0.8,n/a,4,3,2,4,4,4,1.0,1.00,1.00
./resource/gamelogic/set/breed/mp\ger_ss\sturmpio_flamer.set,ger_ss,sturmpio_flamer,150,vet_4,1,100,100,0.9,"['""flame_thrower_g""', '""balloon_g"" filled', '""bandage"" 3']",0.75,1,0.8,n/a,4,4,2,3,2,4,1.0,1.00,1.00
./resource/gamelogic/set/breed/mp\ger_ss\sturmpio_mg.set,ger_ss,sturmpio_mg,150,vet_4,1,100,100,0.9,"['""mg42_inf"" filled', '""ammo mg_mauser drum"" 300', '""valter"" filled', '""ammo walther_mag"" 16', '""bandage"" 3', '""sandbag_kit"" 2', '""barrel_case""']",0.75,1,0.8,n/a,4,3,4,3,2,4,1.0,1.00,1.00
./resource/gamelogic/set/breed/mp\ger_ss\sturmpio_mg_asst.set,ger_ss,sturmpio_mg_asst,150,vet_4,1,100,100,0.9,"['""mauzer"" filled', '""ammo mauser_clip"" 60', '""ammo mg_mauser belt"" 600', '""grenade m24"" 2', '""bandage"" 3', '""trench_spade"" 1', '""smoke grenade"" 1']",0.75,1,0.8,n/a,4,3,4,4,2,4,1.0,1.00,1.00
./resource/gamelogic/set/breed/mp\ger_ss\sturmpio_sl.set,ger_ss,sturmpio_sl,200,vet_5,1,100,100,0.9,"['""sg44"" filled', '""ammo stg44_mag"" 180', '""bandage"" 3', '""grenade m24"" 2', '""grenade m24x5"" 1', '""smoke grenade"" 2', '""hohlladung grenade""', '""sandbag_kit"" 2']",0.85,1,0.9,n/a,4,5,3,4,2,5,1.25,1.25,1.25
./resource/gamelogic/set/breed/mp\ger_ss\tankman.set,ger_ss,tankman,100,tankman,tankcrew,100,100,0.8,"['""valter"" filled', '""ammo walther_mag"" 32']",1.10,1.10,1.05,3,5,4,3,3,1,5,0.25,1.2,0.25
./resource/gamelogic/set/breed/mp\ger_ss\tankman2.set,ger_ss,tankman2,150,tankman2,tankcrew,100,100,0.8,"['""mp40"" filled', '""ammo mp40_mag"" 96']",1.15,1.15,1.1,5,5,5,5,3,1,5,0.5,2.20,0.5
./resource/gamelogic/set/breed/mp\ger_ss\tk_pzgren_mg.set,ger_ss,tk_pzgren_mg,200,vet_6,lvl3,100,100,0.9,"['""mg42_inf_250"" filled', '""ammo mg_mauser belt"" 300', '""valter"" filled', '""ammo walther_mag"" 16', '""bandage"" 5', '""sandbag_kit""', '""barrel_case""']",0.85,1,0.9,n/a,4,3,5,5,4,4,1.50,1.50,1.50
./resource/gamelogic/set/breed/mp\ger_ss\tk_pzgren_mg_39.set,ger_ss,tk_pzgren_mg_39,200,vet_6,1_lvl2,100,100,0.9,"['""mg34"" filled', '""ammo mg_mauser drum"" 300', '""valter"" filled', '""ammo walther_mag"" 16', '""bandage"" 5', '""sandbag_kit""', '""barrel_case""']",0.85,1,0.9,n/a,4,3,5,5,4,4,1.50,1.50,1.50
./resource/gamelogic/set/breed/mp\ger_ss\tk_pzgren_mg_asst.set,ger_ss,tk_pzgren_mg_asst,200,vet_6,lvl3,100,100,0.9,"['""mauzer_vet"" filled', '""ammo mauser_clip"" 60', '""ammo mg_mauser belt"" 600', '""bandage"" 5', '""grenade m24"" 2', '""sandbag_kit""']",0.85,1,0.9,n/a,4,3,5,5,4,4,1.50,1.50,1.50
./resource/gamelogic/set/breed/mp\ger_ss\tk_pzgren_pzfst.set,ger_ss,tk_pzgren_pzfst,200,vet_6,lvl3,100,100,0.9,"['""mauzer_vet"" filled', '""ammo mauser_clip"" 60', '""ammo mg_mauser drum"" 50', '""bandage"" 5', '""grenade m24"" 2', '""m24x5 grenade""', '""sandbag_kit""', '""panzerfaust weapon"" filled']",0.85,1,0.9,n/a,4,3,3,5,5,4,1.50,1.50,1.50
./resource/gamelogic/set/breed/mp\ger_ss\tk_pzgren_pzfst60_sa.set,ger_ss,tk_pzgren_pzfst60_sa,200,vet_6,lvl3,100,100,0.9,"['""g43"" filling ""ammo g43_mag"" 10', '""ammo g43_mag"" 20', '""ammo mauser_clip"" 60', '""ammo mg_mauser drum"" 50', '""bandage"" 5', '""grenade m24"" 2', '""m24x5 grenade""', '""sandbag_kit""', '""panzerfaust_60 weapon"" filled']",0.85,1,0.9,n/a,4,3,3,5,5,4,1.50,1.50,1.50
./resource/gamelogic/set/breed/mp\ger_ss\tk_pzgren_pzfst_stg.set,ger_ss,tk_pzgren_pzfst_stg,200,vet_6,lvl3,100,100,0.9,"['""sg44"" filled', '""ammo stg44_mag"" 180', '""bandage"" 5', '""grenade m24"" 2', '""grenade m24x5""', '""smoke grenade""', '""panzerfaust weapon"" filled']",0.85,1,0.9,n/a,4,5,3,3,5,4,1.50,1.50,1.50
./resource/gamelogic/set/breed/mp\ger_ss\tk_pzgren_rifle.set,ger_ss,tk_pzgren_rifle,200,vet_6,lvl3,100,100,0.9,"['""mauzer_vet"" filled', '""ammo mauser_clip"" 60', '""ammo mg_mauser drum"" 50', '""bandage"" 5', '""grenade m24"" 2', '""m24x5 grenade""', '""sandbag_kit""']",0.85,1,0.9,n/a,4,3,3,5,4,4,1.50,1.50,1.50
./resource/gamelogic/set/breed/mp\ger_ss\tk_pzgren_sa.set,ger_ss,tk_pzgren_sa,200,vet_6,lvl3,100,100,0.9,"['""g43"" filling ""ammo g43_mag"" 10', '""ammo g43_mag"" 20', '""ammo mauser_clip"" 60', '""ammo mg_mauser drum"" 50', '""bandage"" 5', '""grenade m24"" 2', '""smoke grenade"" 1', '""m24x5 grenade""', '""sandbag_kit""']",0.85,1,0.9,n/a,4,3,3,5,4,4,1.50,1.50,1.50
./resource/gamelogic/set/breed/mp\ger_ss\tk_pzgren_sa_41.set,ger_ss,tk_pzgren_sa_41,200,vet_6,1_lvl2,100,100,0.9,"['""g41"" filled', '""ammo mauser_clip"" 80', '""ammo mg_mauser drum"" 50', '""bandage"" 5', '""grenade m24"" 2', '""smoke grenade"" 1', '""m24x5 grenade""', '""sandbag_kit""']",0.85,1,0.9,n/a,4,3,3,5,4,4,1.50,1.50,1.50
./resource/gamelogic/set/breed/mp\ger_ss\tk_pzgren_sl.set,ger_ss,tk_pzgren_sl,200,vet_6,lvl3,100,100,0.9,"['""mp40"" filled', '""ammo mp40_mag"" 192', '""bandage"" 5', '""grenade m24"" 2', '""grenade m24x5""', '""smoke grenade"" 2']",0.85,1,0.9,n/a,4,5,3,3,4,4,1.50,1.50,1.50
./resource/gamelogic/set/breed/mp\ger_ss\tk_pzgren_sl_asst.set,ger_ss,tk_pzgren_sl_asst,200,vet_6,lvl3,100,100,0.9,"['""mauzer_s"" filled', '""ammo mauser_clip"" 60', '""ammo mg_mauser drum"" 50', '""bandage"" 5', '""grenade m24"" 2', '""smoke grenade"" 2']",0.85,1,0.9,n/a,4,3,3,5,4,4,1.50,1.50,1.50
./resource/gamelogic/set/breed/mp\ger_ss\tk_pzgren_smg.set,ger_ss,tk_pzgren_smg,200,vet_6,1_lvl2,100,100,0.9,"['""mp40"" filled', '""ammo mp40_mag"" 192', '""bandage"" 5', '""grenade m24"" 2', '""grenade m24x5""', '""smoke grenade""']",0.85,1,0.9,n/a,4,5,3,3,4,4,1.50,1.50,1.50
./resource/gamelogic/set/breed/mp\ger_ss\tk_pzgren_stg.set,ger_ss,tk_pzgren_stg,200,vet_6,1_lvl2,100,100,0.9,"['""sg44"" filled', '""ammo stg44_mag"" 180', '""bandage"" 5', '""grenade m24"" 2', '""grenade m24x5""', '""smoke grenade""']",0.85,1,0.9,n/a,4,5,3,3,4,4,1.50,1.50,1.50
./resource/gamelogic/set/breed/mp\ger_ss\vehicle_supporter.set,ger_ss,vehicle_supporter,150,vehicle_supporter,tankcrew,100,100,0.9,"['""mauzer"" filled', '""ammo mauser_clip"" 60', '""bandage"" 3', '""grenade m24""']",0.85,1.05,1.05,4,3,3,5,3,2,4,0.50,2.00,0.25
./resource/gamelogic/set/breed/mp\ger_ss\vet_tankman.set,ger_ss,vet_tankman,100,tankman,tankcrew,100,100,0.8,"['""valter"" filled', '""ammo walther_mag"" 32']",1.10,1.10,1.05,5,5,4,5,3,1,5,0.25,1.2,0.25
./resource/gamelogic/set/breed/mp\ger_ss\vet_tankman2.set,ger_ss,vet_tankman2,150,tankman2,tankcrew,100,100,0.8,"['""mp40"" filled', '""ammo mp40_mag"" 96']",1.15,1.15,1.1,7,5,5,6,3,1,5,0.5,2.20,0.5
./resource/gamelogic/set/breed/mp\jap\ap_miner.set,jap,ap_miner,150,ap_miner,n/a,100,100,0.9,"['""type100smg"" filled', '""ammo type100_mag"" 180', '""mine antipersonnel"" 32', '""barbwire_kit""', '""bandage"" 5']",0.8,1,1,n/a,2,2,1,1,1,2,1.0,1.00,1.0
./resource/gamelogic/set/breed/mp\jap\at_miner.set,jap,at_miner,150,at_miner,n/a,100,100,0.9,"['""type100smg"" filled', '""ammo type100_mag"" 180', '""mine antitank"" 8', '""hedgehog_kit""', '""bandage"" 5']",0.8,1,1,n/a,2,2,1,1,1,2,1.0,1.00,1.0
./resource/gamelogic/set/breed/mp\jap\at_rifle.set,jap,at_rifle,150,at_rifle,1,100,100,0.9,"['""type_97_antitank"" filled', '""type100smg"" filled', '""ammo type100_mag"" 180', '""bandage"" 3', '""grenade type3at_a"" 1', '""ammo ptr"" 25']",0.8,1.0,1.0,n/a,2,2,1,3,1,2,1.0,1.50,1.0
./resource/gamelogic/set/breed/mp\jap\at_rifle2.set,jap,at_rifle2,150,at_rifle,1,100,100,0.9,"['""type100smg"" filled', '""ammo type100_mag"" 180', '""bandage"" 3', '""grenade type97"" 2', '""grenade type3at_a"" 1', '""ammo ptr"" 10']",0.8,1.0,1.0,n/a,2,2,1,3,1,2,1.0,1.50,1.0
./resource/gamelogic/set/breed/mp\jap\bazooker.set,jap,bazooker,150,bazooker,1,100,100,0.9,"['""weapon weapon type_4at"" filled', '""type100smg"" filled', '""ammo type100_mag"" 180', '""bandage"" 3', '""grenade type3at_a"" 1', '""ammo type_4"" 7']",0.8,1.0,1.0,n/a,2,2,1,1,3,2,1.0,1.50,1.0
./resource/gamelogic/set/breed/mp\jap\bazooker2.set,jap,bazooker2,150,bazooker,1,100,100,0.9,"['""type100smg"" filled', '""ammo type100_mag"" 180', '""bandage"" 3', '""grenade type97"" 2', '""grenade type3at_a"" 1', '""ammo type_4"" 3']",0.8,1.0,1.0,n/a,2,2,1,1,3,2,1.0,1.50,1.0
./resource/gamelogic/set/breed/mp\jap\bazooker3.set,jap,bazooker3,150,bazooker,1,100,100,0.9,"['""type99rifle_at"" filled', '""ammo rifle_grenade_at"" 25', '""bandage"" 3', '""grenade type97"" 2', '""grenade type3at_a"" 1']",0.8,1.0,1.0,n/a,2,2,1,3,3,2,1.0,1.50,1.0
./resource/gamelogic/set/breed/mp\jap\charger_rifle.set,jap,charger_rifle,250,vet_1,1,100,125,0.95,"['""type38rifle_bayonet"" filled', '""ammo arisaka6-5_clip"" 60', '""bandage"" 5', '""grenade type99"" 1', '""grenade type3at_a"" 1', '""knife_japan"" 1']",0.9,1.0,1.0,n/a,1,1,1,1,1,4,0.25,0.25,0.25
./resource/gamelogic/set/breed/mp\jap\charger_smg.set,jap,charger_smg,250,vet_1,1,100,125,0.95,"['""type100smg_bayonet"" filled', '""ammo type100_mag"" 180', '""bandage"" 5', '""grenade type99"" 1', '""grenade type3at_a"" 1', '""knife_japan"" 1']",0.9,1.0,1.0,n/a,1,1,1,1,1,4,0.25,0.25,0.25
./resource/gamelogic/set/breed/mp\jap\charger_smg2.set,jap,charger_smg2,250,vet_1,1,100,125,0.95,"['""type100_44_bayonet"" filled', '""ammo type100_mag"" 180', '""bandage"" 5', '""grenade type99"" 1', '""grenade type3at_a"" 1', '""knife_japan"" 1']",0.9,1.0,1.0,n/a,1,1,1,1,1,4,0.25,0.25,0.25
./resource/gamelogic/set/breed/mp\jap\elite.set,jap,elite,400,vet_4,elite,100,100,0.9,"['""type2rifle"" filled', '""ammo arisaka7-7_clip"" 100', '""bandage"" 5', '""grenade type97"" 2', '""grenade type3at_a"" 1', '""smoke grenade"" 1', '""plant"" 1']",0.9,1.0,1.0,n/a,7,7,7,7,7,7,1.0,1.00,1.00
./resource/gamelogic/set/breed/mp\jap\elite2.set,jap,elite2,400,vet_4,elite,100,100,0.9,"['""type2rifle"" filled', '""ammo arisaka7-7_clip"" 100', '""bandage"" 5', '""grenade type97"" 2', '""grenade type3at_a"" 1', '""smoke grenade"" 1', '""mine antipersonnel"" 5']",0.9,1.0,1.0,n/a,7,7,7,7,7,7,1.0,1.00,1.00
./resource/gamelogic/set/breed/mp\jap\elite3.set,jap,elite3,400,vet_4,elite,100,100,0.9,"['""type99_mg"" filled', '""ammo type99_mag"" 240', '""bandage"" 5', '""grenade type97"" 2', '""grenade type3at_a"" 1', '""sandbag_kit"" 1']",0.9,1.0,1.0,n/a,7,7,7,7,7,7,1.0,1.00,1.00
./resource/gamelogic/set/breed/mp\jap\elite4.set,jap,elite4,400,vet_2,elite,100,100,0.9,"['""type100smg"" filled', '""ammo type100_mag"" 240', '""bandage"" 5', '""grenade type97"" 2', '""grenade type3at_a"" 1', '""smoke grenade"" 1', '""mine antipersonnel"" 5']",0.9,1.0,1.0,n/a,7,7,7,7,7,7,0.50,0.50,0.50
./resource/gamelogic/set/breed/mp\jap\elite4b.set,jap,elite4b,400,vet_7,elite,100,100,0.9,"['""type100_44"" filled', '""ammo type100_mag"" 240', '""bandage"" 5', '""grenade type97"" 2', '""grenade type3at_a"" 1', '""smoke grenade"" 1', '""mine antipersonnel"" 5']",0.9,1.0,1.0,n/a,7,7,7,7,7,7,1.75,1.75,1.75
./resource/gamelogic/set/breed/mp\jap\elite_at.set,jap,elite_at,400,vet_4,elite,100,100,0.9,"['""weapon weapon type_4at"" filled', '""type100smg"" filled', '""ammo type100_mag"" 180', '""bandage"" 3', '""grenade type3at_a"" 1', '""ammo type_4"" 7']",0.9,1.0,1.0,n/a,7,7,7,7,7,7,1.0,1.00,1.00
./resource/gamelogic/set/breed/mp\jap\elite_ig1.set,jap,elite_ig1,300,vet_5,1,100,100,0.9,"['""type99rifle"" filled', '""ammo arisaka7-7_clip"" 60', '""bandage"" 5', '""grenade type97"" 4', '""grenade type3at_a"" 2', '""mine antipersonnel"" 5', '""sandbag_kit"" 2', '""knife_japan"" 1']",0.9,1.0,1.0,n/a,3,3,3,5,3,5,1.25,1.25,1.25
./resource/gamelogic/set/breed/mp\jap\elite_ig1b.set,jap,elite_ig1b,300,vet_5,1,100,100,0.9,"['""type38rifle"" filled', '""ammo arisaka6-5_clip"" 60', '""bandage"" 5', '""grenade type97"" 4', '""grenade type3at_a"" 2', '""mine antipersonnel"" 5', '""knife_japan"" 1']",0.9,1.0,1.0,n/a,3,3,3,5,3,5,1.25,1.25,1.25
./resource/gamelogic/set/breed/mp\jap\elite_ig1bh.set,jap,elite_ig1bh,300,vet_5,1,100,100,0.9,"['""type_4_rifle"" filled', '""ammo arisaka6-5_clip"" 60', '""bandage"" 5', '""grenade type97"" 4', '""grenade type3at_a"" 2', '""mine antipersonnel"" 5', '""knife_japan"" 1']",0.9,1.0,1.0,n/a,3,3,3,5,3,5,1.25,1.25,1.25
./resource/gamelogic/set/breed/mp\jap\elite_ig1h.set,jap,elite_ig1h,300,vet_5,1,100,100,0.9,"['""type_4_rifle"" filled', '""ammo arisaka7-7_clip"" 60', '""bandage"" 5', '""grenade type97"" 4', '""grenade type3at_a"" 2', '""mine antipersonnel"" 5', '""sandbag_kit"" 2', '""knife_japan"" 1']",0.9,1.0,1.0,n/a,3,3,3,5,3,5,1.25,1.25,1.25
./resource/gamelogic/set/breed/mp\jap\elite_ig2.set,jap,elite_ig2,300,vet_5,1,100,100,0.9,"['""type99_mg"" filled', '""ammo type99_mag"" 180', '""bandage"" 5', '""grenade type97"" 2', '""grenade type3at_a"" 1', '""knife_japan"" 1']",0.9,1.0,1.0,n/a,3,3,5,3,3,5,1.25,1.25,1.25
./resource/gamelogic/set/breed/mp\jap\elite_ig3.set,jap,elite_ig3,300,vet_5,1,100,100,0.9,"['""type100smg"" filled', '""ammo type100_mag"" 180', '""bandage"" 5', '""grenade type97"" 4', '""grenade type3at_a"" 2', '""mine antipersonnel"" 5', '""smoke grenade"" 1', '""knife_japan"" 1']",0.9,1.0,1.0,n/a,3,5,3,3,3,5,1.25,1.25,1.25
./resource/gamelogic/set/breed/mp\jap\elite_ig3b.set,jap,elite_ig3b,300,vet_5,1,100,100,0.9,"['""type100_44"" filled', '""ammo type100_mag"" 180', '""bandage"" 5', '""grenade type97"" 4', '""grenade type3at_a"" 2', '""mine antipersonnel"" 5', '""smoke grenade"" 1', '""knife_japan"" 1']",0.9,1.0,1.0,n/a,3,5,3,3,3,5,1.25,1.25,1.25
./resource/gamelogic/set/breed/mp\jap\elite_ig4.set,jap,elite_ig4,300,vet_5,1,100,100,0.9,"['""type100smg"" filled', '""ammo type100_mag"" 180', '""bandage"" 5', '""grenade type97"" 2', '""grenade type3at_a"" 1', '""weapon weapon type_4at"" filled', '""ammo type_4"" 5', '""knife_japan"" 1']",0.9,1.0,1.0,n/a,3,5,3,3,5,5,1.25,1.25,1.25
./resource/gamelogic/set/breed/mp\jap\elite_ig_grenadier.set,jap,elite_ig_grenadier,300,vet_5,1,100,100,0.9,"['""type99rifle"" filled', '""ammo arisaka7-7_clip"" 60', '""type99rifle_at"" filled', '""ammo rifle_grenade_at"" 6', '""bandage"" 5', '""grenade type97"" 4', '""grenade type3at_a"" 2']",0.9,1.0,1.0,n/a,3,3,3,5,3,5,1.25,1.25,1.25
./resource/gamelogic/set/breed/mp\jap\elite_takasago_lmg.set,jap,elite_takasago_lmg,350,vet_6,elite,100,125,0.9,"['""type99_mg"" filled', '""ammo type99_mag"" 180', '""bandage"" 5', '""grenade type97"" 2', '""grenade type3at_a"" 1', '""sandbag_kit"" 1', '""knife_japan"" 1']",1.0,1.0,1.0,n/a,6,4,6,4,4,6,1.50,1.50,1.50
./resource/gamelogic/set/breed/mp\jap\elite_takasago_rifle.set,jap,elite_takasago_rifle,350,vet_6,elite,100,125,0.9,"['""type38rifle_bayonet"" filled', '""ammo arisaka6-5_clip"" 60', '""bandage"" 5', '""grenade type97"" 3', '""grenade type3at_a"" 1', '""smoke grenade"" 1', '""dynamite"" 1', '""knife_japan"" 1']",1.0,1.0,1.0,n/a,6,4,4,6,4,6,1.50,1.50,1.50
./resource/gamelogic/set/breed/mp\jap\elite_takasago_rifle2.set,jap,elite_takasago_rifle2,350,vet_6,elite,100,125,0.9,"['""type99rifle_bayonet"" filled', '""ammo arisaka7-7_clip"" 60', '""bandage"" 5', '""grenade type97"" 3', '""grenade type3at_a"" 1', '""smoke grenade"" 1', '""dynamite"" 1', '""knife_japan"" 1']",1.0,1.0,1.0,n/a,6,4,4,6,4,6,1.50,1.50,1.50
./resource/gamelogic/set/breed/mp\jap\elite_takasago_smg.set,jap,elite_takasago_smg,350,vet_6,elite,100,125,0.9,"['""type100smg_bayonet"" filled', '""ammo type100_mag"" 180', '""bandage"" 5', '""grenade type97"" 4', '""grenade type3at_a"" 2', '""smoke grenade"" 1', '""dynamite"" 2', '""knife_japan"" 1']",1.0,1.0,1.0,n/a,6,6,4,4,4,6,1.50,1.50,1.50
./resource/gamelogic/set/breed/mp\jap\elite_takasago_smg2.set,jap,elite_takasago_smg2,350,vet_6,elite,100,125,0.9,"['""type100_44_bayonet"" filled', '""ammo type100_mag"" 180', '""bandage"" 5', '""grenade type97"" 4', '""grenade type3at_a"" 2', '""smoke grenade"" 1', '""dynamite"" 2', '""knife_japan"" 1']",1.0,1.0,1.0,n/a,6,6,4,4,4,6,1.50,1.50,1.50
./resource/gamelogic/set/breed/mp\jap\elite_vehicle_supporter.set,jap,elite_vehicle_supporter,150,vehicle_supporter,tankcrew,100,100,0.9,"['""type44_carbine"" filled', '""ammo arisaka6-5_clip"" 60', '""bandage"" 3', '""grenade type97"" 1']",1.0,1.0,1.0,8,2,2,5,5,1,2,0.50,2.00,0.25
./resource/gamelogic/set/breed/mp\jap\flamer.set,jap,flamer,150,flamer,n/a,100,100,0.9,"['""flame_thrower_g""', '""balloon_g"" filled', '""bandage"" 3']",0.8,1,1,n/a,2,2,1,1,1,2,1.0,1.00,1.0
./resource/gamelogic/set/breed/mp\jap\flamer2.set,jap,flamer2,150,flamer,1,100,100,0.9,"['""type100smg"" filled', '""ammo type100_mag"" 180', '""bandage"" 3', '""grenade type97"" 2', '""grenade type3at_a"" 1']",0.8,1.0,1.0,n/a,2,2,1,1,1,2,1.0,1.00,1.0
./resource/gamelogic/set/breed/mp\jap\home_guard.set,jap,home_guard,100,vet_1,1,100,100,0.8,"['""type99rifle"" filled', '""ammo arisaka7-7_clip"" 60', '""bandage"" 3']",0.6,0.8,0.8,n/a,1,1,1,1,1,2,0.25,0.25,0.25
./resource/gamelogic/set/breed/mp\jap\home_guard2.set,jap,home_guard2,100,vet_1,1,100,100,0.8,"['""mp28"" filled', '""ammo mp28_mag"" 180', '""bandage"" 3']",0.6,0.8,0.8,n/a,1,1,1,1,1,2,0.25,0.25,0.25
./resource/gamelogic/set/breed/mp\jap\kamikaze.set,jap,kamikaze,300,kamikaze,1,100,150,1.1,"['""grenade type99at"" 1']",0.8,1.0,1.0,n/a,2,2,1,1,1,2,1.0,0.50,0.25
./resource/gamelogic/set/breed/mp\jap\light_mortar.set,jap,light_mortar,150,vet_3,1,100,100,0.9,"['""type44_carbine"" filled', '""ammo arisaka6-5_clip"" 60', '""type89_grenadelauncher"" filled', '""ammo 5cm_grenade fg"" 8', '""bandage"" 5']",0.8,1.0,1.0,n/a,2,1,1,3,1,2,0.75,0.75,0.75
./resource/gamelogic/set/breed/mp\jap\medic.set,jap,medic,150,n/a,n/a,100,100,0.9,"['""type99rifle"" filled', '""ammo arisaka7-7_clip"" 60', '""bandage"" 30', '""morphine""']",0.8,1,1,n/a,2,2,1,2,1,2,n/a,n/a,n/a
./resource/gamelogic/set/breed/mp\jap\mg3_asst.set,jap,mg3_asst,150,vet_3,n/a,100,100,0.9,"['""type99rifle"" filled', '""ammo arisaka7-7_clip"" 200', '""bandage"" 3', '""grenade type97""', '""sandbag_kit""', '""mine antipersonnel"" 2']",0.8,1,1,n/a,2,1,3,3,1,2,0.75,0.75,0.75
./resource/gamelogic/set/breed/mp\jap\mgun.set,jap,mgun,150,vet_3,1,100,100,0.9,"['""type99_mg"" filled', '""ammo type99_mag"" 180', '""bandage"" 3', '""sandbag_kit"" 1']",0.8,1.0,1.0,n/a,1,1,3,1,1,2,0.75,0.75,0.75
./resource/gamelogic/set/breed/mp\jap\mgun2.set,jap,mgun2,150,vet_3,1,100,100,0.9,"['""type96_mg"" filled', '""ammo type96_mag"" 180', '""bandage"" 3', '""sandbag_kit"" 1']",0.8,1.0,1.0,n/a,1,1,3,1,1,2,0.75,0.75,0.75
./resource/gamelogic/set/breed/mp\jap\mgun3.set,jap,mgun3,150,vet_3,1,100,100,0.9,"['""type11_mg"" filled', '""ammo arisaka6-5_clip"" 180', '""bandage"" 3', '""sandbag_kit"" 1']",0.8,1.0,1.0,n/a,1,1,3,1,1,2,0.75,0.75,0.75
./resource/gamelogic/set/breed/mp\jap\mg_asst.set,jap,mg_asst,150,vet_3,n/a,100,100,0.9,"['""type99rifle"" filled', '""ammo arisaka7-7_clip"" 60', '""ammo type99_mag"" 240', '""bandage"" 3', '""grenade type97""', '""sandbag_kit""', '""mine antipersonnel"" 2']",0.8,1,1,n/a,2,1,3,3,1,2,0.75,0.75,0.75
./resource/gamelogic/set/breed/mp\jap\oficer.set,jap,oficer,250,oficer,n/a,100,100,1,"['""nambu"" filled', '""ammo nambu_mag"" 32', '""knife_japan""', '""binocular""', '""bandage"" 5']",1,1,1,n/a,3,3,3,3,3,3,-10.0,20.00,10.0
./resource/gamelogic/set/breed/mp\jap\radioman.set,jap,radioman,150,radioman,n/a,100,100,0.9,"['""type100smg"" filled', '""flaergun"" filled', '""ammo type100_mag"" 180', '""ammo flaer"" 50', '""bandage"" 3']",0.8,1,1,n/a,6,2,1,1,1,2,5.0,20.00,1.0
./resource/gamelogic/set/breed/mp\jap\rifle.set,jap,rifle,150,vet_3,1,100,100,0.9,"['""type99rifle"" filled', '""ammo arisaka7-7_clip"" 60', '""ammo type99_mag"" 30', '""bandage"" 3', '""grenade type97"" 1', '""grenade type3at"" 1', '""sandbag_kit"" 1', '""mine antipersonnel"" 2']",0.8,1.0,1.0,n/a,2,1,1,3,1,2,0.75,0.75,0.75
./resource/gamelogic/set/breed/mp\jap\rifle2.set,jap,rifle2,150,vet_2,1,100,100,0.9,"['""type99rifle_bayonet"" filled', '""ammo arisaka7-7_clip"" 60', '""ammo mgun"" 30', '""bandage"" 3', '""grenade type97"" 1', '""grenade type3at"" 1', '""sandbag_kit"" 1', '""smoke grenade""  1']",0.8,1.0,1.0,n/a,2,1,1,3,1,2,0.50,0.50,0.50
./resource/gamelogic/set/breed/mp\jap\rifle2b.set,jap,rifle2b,150,vet_2,1,100,100,0.9,"['""type38rifle_bayonet"" filled', '""ammo arisaka6-5_clip"" 60', '""ammo mgun"" 30', '""bandage"" 3', '""grenade type97"" 1', '""grenade type3at"" 1', '""sandbag_kit"" 1']",0.8,1.0,1.0,n/a,2,1,1,3,1,2,0.50,0.50,0.50
./resource/gamelogic/set/breed/mp\jap\rifleb.set,jap,rifleb,150,vet_3,1,100,100,0.9,"['""type38rifle"" filled', '""ammo arisaka6-5_clip"" 60', '""ammo type96_mag"" 30', '""bandage"" 3', '""grenade type97"" 1', '""grenade type3at"" 1', '""sandbag_kit"" 1', '""mine antipersonnel"" 2']",0.8,1.0,1.0,n/a,2,1,1,3,1,2,0.75,0.75,0.75
./resource/gamelogic/set/breed/mp\jap\rifle_grenadier.set,jap,rifle_grenadier,150,vet_3,1,100,100,0.9,"['""type99rifle"" filled', '""ammo arisaka7-7_clip"" 60', '""ammo type99_mag"" 30', '""type99rifle_at"" filled', '""ammo rifle_grenade_at"" 6', '""bandage"" 3', '""grenade type97"" 1', '""grenade type3at"" 1', '""sandbag_kit"" 1']",0.8,1.0,1.0,n/a,2,1,1,3,1,2,0.75,0.75,0.75
./resource/gamelogic/set/breed/mp\jap\saper.set,jap,saper,250,saper,1,100,100,0.9,"['""type100smg"" filled', '""ammo type100_mag"" 180', '""mine_detector""', '""dynamite"" 2', '""trench_spade""']",0.8,1.0,1.0,n/a,2,2,1,1,1,2,1.0,1.00,1.0
./resource/gamelogic/set/breed/mp\jap\smg.set,jap,smg,150,vet_3,1,100,100,0.9,"['""type100smg"" filled', '""ammo type100_mag"" 180', '""bandage"" 3', '""grenade type97"" 2', '""grenade type3at_a"" 1', '""smoke grenade"" 0 1']",0.8,1.0,1.0,n/a,2,3,1,1,1,2,0.75,0.75,0.75
./resource/gamelogic/set/breed/mp\jap\smg2.set,jap,smg2,150,vet_2,1,100,100,0.9,"['""type100smg_bayonet"" filled', '""ammo type100_mag"" 180', '""bandage"" 3', '""grenade type97"" 2', '""grenade type3at_a"" 1', '""smoke grenade""  1']",0.8,1.0,1.0,n/a,2,3,1,1,1,2,0.50,0.50,0.50
./resource/gamelogic/set/breed/mp\jap\smg2b.set,jap,smg2b,150,vet_2,1,100,100,0.9,"['""type100_44_bayonet"" filled', '""ammo type100_mag"" 180', '""bandage"" 3', '""grenade type97"" 2', '""grenade type3at_a"" 1', '""smoke grenade"" 0 1']",0.8,1.0,1.0,n/a,2,3,1,1,1,2,0.50,0.50,0.50
./resource/gamelogic/set/breed/mp\jap\smg3.set,jap,smg3,150,vet_2,1,100,100,0.9,"['""type2smg"" filled', '""ammo type2_mag"" 200', '""bandage"" 3', '""grenade type97"" 2', '""grenade type3at_a"" 1', '""smoke grenade"" 1']",0.8,1.0,1.0,n/a,2,2,1,1,1,2,0.50,0.50,0.50
./resource/gamelogic/set/breed/mp\jap\smgb.set,jap,smgb,150,vet_3,1,100,100,0.9,"['""type100_44"" filled', '""ammo type100_mag"" 180', '""bandage"" 3', '""grenade type97"" 2', '""grenade type3at_a"" 1', '""smoke grenade"" 0 1']",0.8,1.0,1.0,n/a,2,3,1,1,1,2,0.75,0.75,0.75
./resource/gamelogic/set/breed/mp\jap\sniper.set,jap,sniper,350,sniper,n/a,100,100,1,"['""type99sniper"" filled', '""ammo arisaka7-7_clip"" 100', '""bandage"" 5', '""plant"" 3', '""knife_japan""']",1,1,1,n/a,2,2,1,5,1,2,5.0,8.00,2.0
./resource/gamelogic/set/breed/mp\jap\sniper2.set,jap,sniper2,350,sniper,n/a,100,100,1,"['""type97sniper"" filled', '""ammo arisaka6-5_clip"" 100', '""bandage"" 5', '""plant"" 3', '""knife_japan""']",1,1,1,n/a,2,2,1,5,1,2,5.0,8.00,2.0
./resource/gamelogic/set/breed/mp\jap\squadleader.set,jap,squadleader,200,vet_4,1,100,100,0.9,"['""type100smg"" filled', '""ammo type100_mag"" 180', '""bandage"" 3', '""grenade type97"" 2', '""grenade type3at_a"" 2', '""smoke grenade"" 2']",0.8,1.0,1.0,n/a,4,4,3,4,1,3,1.0,1.00,1.00
./resource/gamelogic/set/breed/mp\jap\squadleader2.set,jap,squadleader2,200,vet_3,1,100,100,0.9,"['""type100smg_bayonet"" filled', '""ammo type100_mag"" 180', '""bandage"" 3', '""grenade type97"" 4', '""grenade type3at_a"" 1', '""smoke grenade"" 1']",0.8,1.0,1.0,n/a,3,4,2,3,1,2,0.75,0.75,0.75
./resource/gamelogic/set/breed/mp\jap\sturmovik.set,jap,sturmovik,400,vet_5,elite,100,100,0.9,"['""type100smg"" filled', '""ammo type100_mag"" 180', '""bandage"" 5', '""grenade type99"" 4', '""grenade type3at_a"" 2']",1.0,1.0,1.0,n/a,7,7,7,7,7,7,1.25,1.25,1.25
./resource/gamelogic/set/breed/mp\jap\sturmovik2.set,jap,sturmovik2,400,vet_5,elite,100,100,0.9,"['""type99_mg"" filled', '""ammo type99_mag"" 180', '""bandage"" 5', '""grenade type97"" 2', '""grenade type3at_a"" 1', '""dynamite"" 1']",1.0,1.0,1.0,n/a,7,7,7,7,7,7,1.25,1.25,1.25
./resource/gamelogic/set/breed/mp\jap\sturmovik3.set,jap,sturmovik3,400,vet_5,elite,100,100,0.9,"['""type100smg"" filled', '""ammo type100_mag"" 180', '""bandage"" 5', '""grenade type97"" 2', '""dynamite"" 1', '""weapon weapon type_4at"" filled', '""ammo type_4"" 5']",1.0,1.0,1.0,n/a,7,7,7,7,7,7,1.25,1.25,1.25
./resource/gamelogic/set/breed/mp\jap\sturmovik4.set,jap,sturmovik4,400,vet_5,elite,100,100,0.9,"['""type99rifle"" filled', '""ammo arisaka7-7_clip"" 60', '""bandage"" 5', '""grenade type99"" 2', '""grenade type3at_a"" 1']",1.0,1.0,1.0,n/a,7,7,7,7,7,7,1.25,1.25,1.25
./resource/gamelogic/set/breed/mp\jap\sturmovik4b.set,jap,sturmovik4b,400,vet_5,elite,100,100,0.9,"['""type2rifle"" filled', '""ammo arisaka7-7_clip"" 60', '""bandage"" 5', '""grenade type99"" 2', '""grenade type3at_a"" 1']",1.0,1.0,1.0,n/a,7,7,7,7,7,7,1.25,1.25,1.25
./resource/gamelogic/set/breed/mp\jap\sturmovik5.set,jap,sturmovik5,400,vet_5,elite,100,100,0.9,"['""weapon weapon type_4at"" filled', '""type100smg"" filled', '""ammo type100_mag"" 180', '""bandage"" 5', '""grenade type3at_a"" 1', '""ammo type_4"" 7']",1.0,1.0,1.0,n/a,7,7,7,7,7,7,1.25,1.25,1.25
./resource/gamelogic/set/breed/mp\jap\sturmovik5b.set,jap,sturmovik5b,400,vet_5,elite,100,100,0.9,"['""type100smg"" filled', '""ammo type100_mag"" 180', '""bandage"" 5', '""grenade type97"" 2', '""grenade type3at_a"" 1', '""ammo type_4"" 3']",1.0,1.0,1.0,n/a,7,7,7,7,7,7,1.25,1.25,1.25
./resource/gamelogic/set/breed/mp\jap\sturmovik6.set,jap,sturmovik6,400,vet_5,elite,100,100,0.9,"['""type99_mg"" filled', '""ammo type99_mag"" 180', '""bandage"" 5', '""grenade type97"" 2', '""dynamite"" 1', '""sandbag_kit"" 1']",1.0,1.0,1.0,n/a,7,7,7,7,7,7,1.25,1.25,1.25
./resource/gamelogic/set/breed/mp\jap\sturmovik6b.set,jap,sturmovik6b,400,vet_5,elite,100,100,0.9,"['""type38rifle"" filled', '""ammo arisaka6-5_clip"" 60', '""ammo type99_mag"" 90', '""bandage"" 5', '""grenade type97"" 4', '""grenade type3at_a"" 1']",1.0,1.0,1.0,n/a,7,7,7,7,7,7,1.25,1.25,1.25
./resource/gamelogic/set/breed/mp\jap\sturmovik6c.set,jap,sturmovik6c,400,vet_6,elite,100,100,0.9,"['""type96_mg"" filled', '""ammo type96_mag"" 180', '""bandage"" 5', '""grenade type97"" 2', '""dynamite"" 1', '""sandbag_kit"" 1']",1.0,1.0,1.0,n/a,7,7,7,7,7,7,1.50,1.50,1.50
./resource/gamelogic/set/breed/mp\jap\sturmovikb.set,jap,sturmovikb,400,vet_7,elite,100,100,0.9,"['""type100_44"" filled', '""ammo type100_mag"" 180', '""bandage"" 5', '""grenade type99"" 4', '""grenade type3at_a"" 2']",1.0,1.0,1.0,n/a,7,7,7,7,7,7,1.75,1.75,1.75
./resource/gamelogic/set/breed/mp\jap\tankman.set,jap,tankman,100,tankman,n/a,100,100,0.8,"['""nambu"" filled', '""ammo nambu_mag"" 24', '""bandage"" 3']",1.1,1.1,1.1,2,2,2,2,1,1,2,0.25,1.2,0.25
./resource/gamelogic/set/breed/mp\jap\tankman2.set,jap,tankman2,150,tankman2,n/a,100,100,0.8,"['""type100smg"" filled', '""ammo type100_mag"" 30', '""bandage"" 3']",1.15,1.15,1.15,4,2,2,3,1,1,2,0.5,2.20,0.5
./resource/gamelogic/set/breed/mp\jap\vehicle_supporter.set,jap,vehicle_supporter,150,vehicle_supporter,tankcrew,100,100,0.9,"['""type44_carbine"" filled', '""ammo arisaka6-5_clip"" 60', '""bandage"" 3', '""grenade type97"" 1']",1.0,1.0,1.0,4,2,2,3,2,1,2,0.50,2.00,0.25
./resource/gamelogic/set/breed/mp\rus\ap_miner.set,rus,ap_miner,150,ap_miner,n/a,100,100,0.9,"['""ppsh41"" filled', '""ammo ppsh41_mag"" 105', '""mine antipersonnel"" 33', '""barbwire_kit""', '""bandage"" 5']",0.75,1,0.8,n/a,2,2,1,1,1,2,1.0,1.00,1.0
./resource/gamelogic/set/breed/mp\rus\at_miner.set,rus,at_miner,150,at_miner,n/a,100,100,0.9,"['""ppsh41"" filled', '""ammo ppsh41_mag"" 105', '""mine antitank"" 8', '""hedgehog_kit""', '""bandage"" 5']",0.75,1,0.8,n/a,2,2,1,1,1,2,1.0,1.00,1.0
./resource/gamelogic/set/breed/mp\rus\at_rifle.set,rus,at_rifle,150,at_rifle,1,100,100,0.9,"['""ptrd"" filled', '""bandage"" 3', '""grenade rpg40"" 1', '""ammo ptr"" 25']",0.75,1,0.8,n/a,2,2,1,3,1,2,1.0,1.50,1.0
./resource/gamelogic/set/breed/mp\rus\at_rifle2.set,rus,at_rifle2,150,at_rifle,1,100,100,0.9,"['""ppsh"" filled', '""ammo ppsh_mag"" 142', '""bandage"" 3', '""grenade f1"" 2', '""grenade rpg40"" 1', '""smoke grenade"" 1', '""ammo ptr"" 10']",0.75,1,0.8,n/a,2,2,1,3,1,2,1.0,1.50,1.0
./resource/gamelogic/set/breed/mp\rus\at_rifle3.set,rus,at_rifle3,150,at_rifle,1_lvl3,100,100,0.9,"['""ptrs"" filled', '""bandage"" 5', '""grenade f1"" 2', '""ammo ptr"" 35']",0.85,1,0.9,n/a,2,1,1,3,1,3,1.0,1.50,1.0
./resource/gamelogic/set/breed/mp\rus\bazooker.set,rus,bazooker,150,bazooker,n/a,100,100,0.9,"['""weapon bazooka"" filled', '""bandage"" 3', '""grenade rpg40""', '""ammo bazooka"" 9']",0.75,1,0.8,n/a,2,2,1,1,3,2,1.0,1.50,1.0
./resource/gamelogic/set/breed/mp\rus\bazooker2.set,rus,bazooker2,150,bazooker,n/a,100,100,0.9,"['""ppsh"" filled', '""ammo ppsh_mag"" 142', '""bandage"" 3', '""grenade f1"" 2', '""grenade rpg40""', '""smoke grenade""', '""ammo bazooka"" 4']",0.75,1,0.8,n/a,2,2,1,1,3,2,1.0,1.50,1.0
./resource/gamelogic/set/breed/mp\rus\bsf_marine.set,rus,bsf_marine,350,vet_6,1,100,100,0.9,"['""mosin"" filled', '""ammo mosin_clip"" 60', '""ammo dp27_mag"" 47', '""bandage"" 5', '""grenade f1"" 2', '""rg42x3 grenade"" 1']",0.85,1,0.9,n/a,5,5,5,6,5,5,1.50,1.50,1.50
./resource/gamelogic/set/breed/mp\rus\bsf_marine2.set,rus,bsf_marine2,350,vet_6,1,100,100,0.9,"['""svt40"" filled', '""ammo svt40_mag"" 20', '""ammo mosin_clip"" 60', '""ammo dp27_mag"" 47', '""bandage"" 5', '""grenade f1"" 2', '""rg42x3 grenade"" 1']",0.85,1,0.9,n/a,5,5,5,6,5,5,1.50,1.50,1.50
./resource/gamelogic/set/breed/mp\rus\bsf_marine3.set,rus,bsf_marine3,350,vet_6,1,100,100,0.9,"['""dp"" filling ""ammo dp27_mag"" 47', '""ammo dp27_mag"" 235', '""bandage"" 5', '""grenade f1"" 2', '""rg42x3 grenade"" 1', '""sandbag_kit"" 1']",0.85,1,0.9,n/a,5,5,6,5,5,5,1.50,1.50,1.50
./resource/gamelogic/set/breed/mp\rus\bsf_marine_mg_asst.set,rus,bsf_marine_mg_asst,350,vet_6,1,100,100,0.9,"['""mosin"" filled', '""ammo mosin_clip"" 60', '""ammo dp27_mag"" 141', '""bandage"" 5', '""grenade f1"" 2']",0.85,1,0.9,n/a,5,5,6,6,5,5,1.50,1.50,1.50
./resource/gamelogic/set/breed/mp\rus\conscript_rifle.set,rus,conscript_rifle,100,vet_1,1,100,100,0.9,"['""mosin"" filled', '""ammo mosin_clip"" 40', '""bandage"" 3', '""grenade molotov_coctail"" 0 1']",0.75,1,0.8,n/a,1,1,1,1,1,2,0.25,0.25,0.25
./resource/gamelogic/set/breed/mp\rus\conscript_smg.set,rus,conscript_smg,100,vet_1,1,100,100,0.9,"['""ppsh"" filled', '""ammo ppsh_mag"" 142', '""bandage"" 3', '""grenade molotov_coctail"" 0 1']",0.75,1,0.8,n/a,1,1,1,1,1,2,0.25,0.25,0.25
./resource/gamelogic/set/breed/mp\rus\elite.set,rus,elite,200,vet_4,1,100,100,0.9,"['""mosin"" filled', '""ammo mosin_clip"" 60', '""ammo dp27_mag"" 47', '""bandage"" 5', '""grenade f1"" 2', '""rg42x3 grenade"" 1']",0.85,1,0.9,n/a,3,3,3,4,3,3,1.0,1.00,1.00
./resource/gamelogic/set/breed/mp\rus\elite2.set,rus,elite2,200,vet_4,1,100,100,0.9,"['""svt40"" filled', '""ammo svt40_mag"" 20', '""ammo mosin_clip"" 60', '""ammo dp27_mag"" 47', '""bandage"" 5', '""grenade f1"" 2', '""rg42x3 grenade"" 1']",0.85,1,0.9,n/a,3,3,3,4,3,3,1.0,1.00,1.00
./resource/gamelogic/set/breed/mp\rus\elite2_40.set,rus,elite2_40,200,vet_4,1,100,100,0.9,"['""svt40"" filled', '""ammo svt40_mag"" 20', '""ammo mosin_clip"" 60', '""ammo dp27_mag"" 47', '""bandage"" 5', '""grenade f1"" 2', '""rpg40 grenade"" 1']",0.85,1,0.9,n/a,3,3,3,4,3,3,1.0,1.00,1.00
./resource/gamelogic/set/breed/mp\rus\elite3.set,rus,elite3,200,vet_4,1,100,100,0.9,"['""dp"" filling ""ammo dp27_mag"" 47', '""ammo dp27_mag"" 235', '""bandage"" 5', '""grenade f1"" 2', '""rg42x3 grenade"" 1', '""sandbag_kit"" 1']",0.85,1,0.9,n/a,3,3,4,3,3,3,1.0,1.00,1.00
./resource/gamelogic/set/breed/mp\rus\elite3_39.set,rus,elite3_39,200,vet_4,1,100,100,0.9,"['""dp"" filling ""ammo dp27_mag"" 47', '""ammo dp27_mag"" 141', '""bandage"" 5', '""grenade f1"" 2', '""sandbag_kit"" 1']",0.85,1,0.9,n/a,3,3,4,3,3,3,1.0,1.00,1.00
./resource/gamelogic/set/breed/mp\rus\elite3_40.set,rus,elite3_40,200,vet_4,1,100,100,0.9,"['""dp"" filling ""ammo dp27_mag"" 47', '""ammo dp27_mag"" 141', '""bandage"" 5', '""grenade f1"" 2', '""rpg40 grenade"" 1', '""sandbag_kit"" 1']",0.85,1,0.9,n/a,3,3,4,3,3,3,1.0,1.00,1.00
./resource/gamelogic/set/breed/mp\rus\elite4.set,rus,elite4,300,vet_2,1,100,175,0.9,"['""ppsh"" filled', '""ammo ppsh_mag"" 142', '""bandage"" 5', '""grenade f1"" 2', '""grenade rpg43"" 1', '""smoke grenade"" 2']",0.85,1,0.9,n/a,4,5,4,4,3,4,0.50,0.50,0.50
./resource/gamelogic/set/breed/mp\rus\elite4_41.set,rus,elite4_41,300,vet_5,1,100,175,0.9,"['""ppsh"" filled', '""ammo ppsh_mag"" 142', '""bandage"" 5', '""grenade f1"" 2', '""grenade rpg40"" 1', '""smoke grenade"" 2']",0.85,1,0.9,n/a,4,5,4,4,3,4,1.25,1.25,1.25
./resource/gamelogic/set/breed/mp\rus\elite5.set,rus,elite5,300,vet_2,1,100,175,0.9,"['""mosin"" filled', '""ptrd"" filled', '""ammo mosin_clip"" 60', '""bandage"" 5', '""grenade f1"" 2', '""ammo ptr"" 25']",0.85,1,0.9,n/a,4,4,4,5,3,4,0.50,0.50,0.50
./resource/gamelogic/set/breed/mp\rus\elite5b.set,rus,elite5b,300,vet_5,1,100,175,0.9,"['""mosin"" filled', '""ammo mosin_clip"" 60', '""ammo dp27_mag"" 47', '""bandage"" 5', '""grenade f1"" 2']",0.85,1,0.9,n/a,4,4,4,5,3,4,1.25,1.25,1.25
./resource/gamelogic/set/breed/mp\rus\elite6.set,rus,elite6,300,vet_2,1,100,100,0.9,"['""dp"" filling ""ammo dp27_mag"" 47', '""ammo dp27_mag"" 235', '""bandage"" 5', '""smoke_paradrop_ammo grenade"" 1', '""sandbag_kit"" 1']",0.85,1,0.9,n/a,4,4,5,4,3,4,0.50,0.50,0.50
./resource/gamelogic/set/breed/mp\rus\elite_39.set,rus,elite_39,200,vet_4,1,100,100,0.9,"['""mosin"" filled', '""ammo mosin_clip"" 60', '""ammo dp27_mag"" 47', '""bandage"" 5', '""grenade f1"" 2']",0.85,1,0.9,n/a,3,3,3,4,3,3,1.0,1.00,1.00
./resource/gamelogic/set/breed/mp\rus\elite_40.set,rus,elite_40,200,vet_4,1,100,100,0.9,"['""mosin"" filled', '""ammo mosin_clip"" 60', '""ammo dp27_mag"" 47', '""bandage"" 5', '""grenade f1"" 2', '""rpg40 grenade""']",0.85,1,0.9,n/a,3,3,3,4,3,3,1.0,1.00,1.00
./resource/gamelogic/set/breed/mp\rus\elite_at.set,rus,elite_at,200,vet_4,1,100,100,0.9,"['""weapon bazooka"" filled', '""ppsh"" filled', '""ammo ppsh_mag"" 142', '""bandage"" 3', '""grenade rpg40"" 1', '""ammo bazooka"" 7']",0.85,1,0.9,n/a,3,4,3,3,4,3,1.0,1.00,1.00
./resource/gamelogic/set/breed/mp\rus\elite_mg_asst.set,rus,elite_mg_asst,200,vet_4,1,100,100,0.9,"['""mosin"" filled', '""ammo mosin_clip"" 60', '""ammo dp27_mag"" 141', '""bandage"" 5', '""grenade f1"" 2']",0.85,1,0.9,n/a,3,3,4,4,3,3,1.0,1.00,1.00
./resource/gamelogic/set/breed/mp\rus\elite_tankman.set,rus,elite_tankman,100,tankman,n/a,100,100,0.8,"['""nagan"" filled', '""ammo nagant_clip"" 28', '""bandage"" 3']",1.15,1.15,1.05,8,4,4,5,1,1,3,0.25,1.2,0.25
./resource/gamelogic/set/breed/mp\rus\elite_tankman2.set,rus,elite_tankman2,150,tankman2,n/a,100,100,0.8,"['""ppsh41"" filled', '""ammo ppsh41_mag"" 105', '""bandage"" 3']",1.2,1.2,1.1,10,4,4,7,1,1,3,0.5,2.20,0.5
./resource/gamelogic/set/breed/mp\rus\flamer.set,rus,flamer,150,flamer,n/a,100,100,0.9,"['""flame_thrower""', '""balloon"" filled', '""bandage"" 3']",0.75,1,0.8,n/a,2,2,1,2,1,2,1.0,1.00,1.0
./resource/gamelogic/set/breed/mp\rus\flamer2.set,rus,flamer2,150,flamer,1,100,100,0.9,"['""ppsh"" filled', '""ammo ppsh_mag"" 213', '""bandage"" 3', '""grenade f1"" 2', '""grenade rpg40"" 1', '""smoke grenade"" 1']",0.75,1,0.8,n/a,2,2,1,2,1,2,1.0,1.00,1.0
./resource/gamelogic/set/breed/mp\rus\flamer3.set,rus,flamer3,150,flamer,n/a,100,100,0.9,"['""flame_thrower""', '""balloon"" filling ""fuel"" 80', '""bandage"" 3']",0.75,1,0.8,n/a,2,3,1,3,1,3,1.0,1.00,1.0
./resource/gamelogic/set/breed/mp\rus\guards_shock_flame.set,rus,guards_shock_flame,200,vet_6,1_lvl3,100,100,0.9,"['""flame_thrower""', '""balloon"" filled']",0.75,1,0.8,n/a,3,4,2,2,2,3,1.50,1.50,1.50
./resource/gamelogic/set/breed/mp\rus\guards_shock_mg.set,rus,guards_shock_mg,200,vet_6,1_lvl3,100,100,0.9,"['""dp"" filling ""ammo dp27_mag"" 47', '""ammo dp27_mag"" 235', '""bandage"" 3', '""grenade f1"" 2', '""ru_backpack_meshok""']",0.75,1,0.8,n/a,3,2,4,2,2,3,1.50,1.50,1.50
./resource/gamelogic/set/breed/mp\rus\guards_shock_mg_asst.set,rus,guards_shock_mg_asst,200,vet_6,1_lvl3,100,100,0.9,"['""mosin_vet"" filled', '""ammo mosin_clip"" 60', '""ammo dp27_mag"" 141', '""bandage"" 3', '""grenade f1"" 2', '""ru_backpack_meshok""']",0.75,1,0.8,n/a,3,2,4,4,2,3,1.50,1.50,1.50
./resource/gamelogic/set/breed/mp\rus\guards_shock_rifle.set,rus,guards_shock_rifle,200,vet_6,1_lvl3,100,100,0.9,"['""mosin_vet"" filled', '""ammo mosin_clip"" 60', '""ammo dp27_mag"" 47', '""bandage"" 3', '""grenade f1"" 2', '""grenade rpg40"" 1', '""ru_backpack_meshok""']",0.75,1,0.8,n/a,3,2,2,4,2,3,1.50,1.50,1.50
./resource/gamelogic/set/breed/mp\rus\guards_shock_sa.set,rus,guards_shock_sa,200,vet_6,1_lvl3,100,100,0.9,"['""svt40"" filled', '""ammo svt40_mag"" 20', '""ammo mosin_clip"" 60', '""ammo dp27_mag"" 47', '""bandage"" 3', '""grenade f1"" 2', '""grenade rpg40"" 1', '""ru_backpack_meshok""']",0.75,1,0.8,n/a,3,2,2,4,2,3,1.50,1.50,1.50
./resource/gamelogic/set/breed/mp\rus\guards_shock_sl.set,rus,guards_shock_sl,200,vet_6,1_lvl3,100,100,0.9,"['""svt40"" filled', '""ammo svt40_mag"" 20', '""ammo mosin_clip"" 60', '""bandage"" 3', '""grenade f1"" 2', '""grenade smoke"" 2', '""ru_backpack_meshok""']",0.75,1,0.8,n/a,4,3,3,4,3,4,1.50,1.50,1.50
./resource/gamelogic/set/breed/mp\rus\guards_shock_sl_smg.set,rus,guards_shock_sl_smg,200,vet_6,1_lvl3,100,100,0.9,"['""pps43"" filled', '""ammo pps43_mag"" 210', '""bandage"" 3', '""grenade f1"" 2', '""grenade smoke"" 2', '""ru_backpack_meshok""']",0.75,1,0.8,n/a,3,4,2,2,2,3,1.50,1.50,1.50
./resource/gamelogic/set/breed/mp\rus\guards_shock_smg.set,rus,guards_shock_smg,200,vet_6,1_lvl3,100,100,0.9,"['""ppsh41"" filled', '""ammo ppsh41_mag"" 210', '""bandage"" 3', '""grenade f1"" 2', '""grenade rpg40"" 1', '""ru_backpack_meshok""']",0.75,1,0.8,n/a,3,4,2,2,2,3,1.50,1.50,1.50
./resource/gamelogic/set/breed/mp\rus\guards_shock_smg2.set,rus,guards_shock_smg2,200,vet_6,1_lvl3,100,100,0.9,"['""ppsh"" filled', '""ammo ppsh_mag"" 142', '""bandage"" 3', '""grenade f1"" 2', '""grenade rpg40"" 1', '""ru_backpack_meshok""']",0.75,1,0.8,n/a,3,4,2,2,2,3,1.50,1.50,1.50
./resource/gamelogic/set/breed/mp\rus\guards_shock_smg3.set,rus,guards_shock_smg3,200,vet_6,1_lvl3,100,100,0.9,"['""pps43"" filled', '""ammo pps43_mag"" 210', '""bandage"" 3', '""grenade f1"" 2', '""grenade rpg40"" 1', '""ru_backpack_meshok""']",0.75,1,0.8,n/a,3,4,2,2,2,3,1.50,1.50,1.50
./resource/gamelogic/set/breed/mp\rus\guard_at_rifle.set,rus,guard_at_rifle,150,vet_5,1_lvl3,100,100,0.9,"['""ptrs"" filled', '""bandage"" 5', '""grenade f1"" 2', '""ammo ptr"" 35']",0.85,1,0.9,n/a,2,1,1,3,1,3,1.25,1.25,1.25
./resource/gamelogic/set/breed/mp\rus\guard_at_rifle2.set,rus,guard_at_rifle2,150,vet_5,1_lvl3,100,100,0.9,"['""mosin"" filled', '""ammo mosin_clip"" 60', '""bandage"" 5', '""grenade f1"" 2', '""grenade rpg43"" 1', '""ammo ptr"" 15']",0.85,1,0.9,n/a,2,1,1,3,1,3,1.25,1.25,1.25
./resource/gamelogic/set/breed/mp\rus\guard_mg.set,rus,guard_mg,150,vet_5,1_lvl3,100,100,0.9,"['""dp"" filling ""ammo dp27_mag"" 47', '""ammo dp27_mag"" 235', '""bandage"" 5', '""sandbag_kit"" 1']",0.85,1,0.9,n/a,2,1,3,3,1,3,1.25,1.25,1.25
./resource/gamelogic/set/breed/mp\rus\guard_mg_asst.set,rus,guard_mg_asst,150,vet_5,1_lvl3,100,100,0.9,"['""mosin"" filled', '""ammo mosin_clip"" 60', '""ammo dp27_mag"" 141', '""bandage"" 5', '""grenade f1"" 2']",0.85,1,0.9,n/a,2,1,3,3,1,3,1.25,1.25,1.25
./resource/gamelogic/set/breed/mp\rus\guard_rifle.set,rus,guard_rifle,150,vet_5,1_lvl3,100,100,0.9,"['""mosin"" filled', '""ammo mosin_clip"" 60', '""ammo dp27_mag"" 47', '""bandage"" 5', '""grenade f1"" 2']",0.85,1,0.9,n/a,2,1,1,3,1,3,1.25,1.25,1.25
./resource/gamelogic/set/breed/mp\rus\guard_sa.set,rus,guard_sa,150,vet_5,1_lvl3,100,100,0.9,"['""svt40"" filled', '""ammo svt40_mag"" 20', '""ammo mosin_clip"" 60', '""ammo dp27_mag"" 47', '""bandage"" 5', '""grenade f1"" 2']",0.85,1,0.9,n/a,2,1,1,3,1,3,1.25,1.25,1.25
./resource/gamelogic/set/breed/mp\rus\guard_sl.set,rus,guard_sl,200,vet_5,1_lvl3,100,100,0.9,"['""ppsh"" filled', '""ammo ppsh_mag"" 142', '""bandage"" 5', '""grenade f1"" 2', '""grenade smoke"" 2']",0.85,1,0.9,n/a,2,3,2,3,2,3,1.25,1.25,1.25
./resource/gamelogic/set/breed/mp\rus\guard_smg.set,rus,guard_smg,150,vet_5,1_lvl3,100,100,0.9,"['""ppsh"" filled', '""ammo ppsh_mag"" 142', '""bandage"" 5', '""grenade f1"" 2', '""grenade rpg43"" 1']",0.85,1,0.9,n/a,2,3,1,1,1,3,1.25,1.25,1.25
./resource/gamelogic/set/breed/mp\rus\guard_smg2.set,rus,guard_smg2,150,vet_5,1_lvl3,100,100,0.9,"['""pps43"" filled', '""ammo pps43_mag"" 210', '""bandage"" 5', '""grenade f1"" 2', '""grenade rpg43"" 1']",0.85,1,0.9,n/a,2,3,1,1,1,3,1.25,1.25,1.25
./resource/gamelogic/set/breed/mp\rus\guard_smg_41.set,rus,guard_smg_41,150,vet_5,1_lvl3,100,100,0.9,"['""ppsh"" filled', '""ammo ppsh_mag"" 142', '""bandage"" 5', '""grenade f1"" 2', '""grenade rpg40"" 1']",0.85,1,0.9,n/a,2,3,1,1,1,3,1.25,1.25,1.25
./resource/gamelogic/set/breed/mp\rus\guard_vehicle_supporter.set,rus,guard_vehicle_supporter,150,vehicle_supporter,tankcrew_lvl3,100,100,0.9,"['""ppsh41"" filled', '""ammo ppsh41_mag"" 105', '""bandage"" 5', '""grenade f1"" 1']",0.85,1.0,1.0,5,2,3,3,2,2,3,0.50,2.00,0.25
./resource/gamelogic/set/breed/mp\rus\home_guard.set,rus,home_guard,100,vet_1,1,100,100,0.9,"['""mosin"" filled', '""ammo mosin_clip"" 30', '""bandage"" 3', '""grenade molotov_coctail"" 0 1']",0.75,0.8,0.8,n/a,1,1,1,1,1,2,0.25,0.25,0.25
./resource/gamelogic/set/breed/mp\rus\home_guard2.set,rus,home_guard2,100,vet_1,1,100,100,0.9,"['""ppsh"" filled', '""ammo ppsh_mag"" 71', '""bandage"" 3', '""grenade molotov_coctail"" 0 1']",0.75,0.8,0.8,n/a,1,1,1,1,1,2,0.25,0.25,0.25
./resource/gamelogic/set/breed/mp\rus\home_guard2_39.set,rus,home_guard2_39,100,n/a,1,100,100,0.9,"['""ppd40"" filled', '""ammo ppd40_mag"" 71', '""bandage"" 3']",0.75,0.8,0.8,n/a,1,1,1,1,1,2,n/a,n/a,n/a
./resource/gamelogic/set/breed/mp\rus\home_guard3.set,rus,home_guard3,100,vet_1,1,100,100,0.9,"['""mp38"" filled', '""ammo mp40_mag"" 96', '""bandage"" 3', '""grenade molotov_coctail"" 0 1']",0.75,0.8,0.8,n/a,1,1,1,1,1,2,0.25,0.25,0.25
./resource/gamelogic/set/breed/mp\rus\home_guard_at.set,rus,home_guard_at,100,vet_1,1,100,100,0.9,"['""mauzer"" filled', '""ammo mauser_clip"" 30', '""bandage"" 3', '""panzerfaust_30 weapon"" filled', '""grenade molotov_coctail"" 0 1']",0.75,0.8,0.8,n/a,1,1,1,1,1,2,0.25,0.25,0.25
./resource/gamelogic/set/breed/mp\rus\home_guard_mg.set,rus,home_guard_mg,100,vet_1,1,100,100,0.9,"['""mg34"" filled', '""ammo mg_mauser drum"" 150', '""bandage"" 3', '""grenade molotov_coctail"" 0 1']",0.75,0.8,0.8,n/a,1,1,1,1,1,2,0.25,0.25,0.25
./resource/gamelogic/set/breed/mp\rus\medic.set,rus,medic,150,n/a,1,100,100,0.9,"['""mosin"" filled', '""ammo mosin_clip"" 60', '""bandage"" 25', '""morphine"" 1']",0.75,1,0.8,n/a,2,1,1,2,1,2,n/a,n/a,n/a
./resource/gamelogic/set/breed/mp\rus\mgun.set,rus,mgun,150,vet_3,1,100,100,0.9,"['""dp"" filling ""ammo dp27_mag"" 47', '""ammo dp27_mag"" 235', '""bandage"" 3', '""sandbag_kit"" 1']",0.75,1,0.8,n/a,2,2,3,2,1,3,0.75,0.75,0.75
./resource/gamelogic/set/breed/mp\rus\mgun_41.set,rus,mgun_41,150,vet_2,1,100,100,0.9,"['""dp"" filling ""ammo dp27_mag"" 47', '""ammo dp27_mag"" 235', '""bandage"" 3', '""sandbag_kit"" 1']",0.75,1,0.8,n/a,1,1,2,1,1,2,0.50,0.50,0.50
./resource/gamelogic/set/breed/mp\rus\mgun_asst.set,rus,mgun_asst,150,vet_3,1,100,100,0.9,"['""mosin"" filled', '""ammo mosin_clip"" 60', '""ammo dp27_mag"" 141', '""bandage"" 3', '""grenade f1"" 1', '""sandbag_kit"" 1']",0.75,1,0.8,n/a,2,1,3,3,1,3,0.75,0.75,0.75
./resource/gamelogic/set/breed/mp\rus\mgun_asst_41.set,rus,mgun_asst_41,150,vet_2,1,100,100,0.9,"['""mosin"" filled', '""ammo mosin_clip"" 60', '""ammo dp27_mag"" 141', '""bandage"" 3', '""grenade f1"" 1', '""sandbag_kit"" 1']",0.75,1,0.8,n/a,2,1,2,2,1,2,0.50,0.50,0.50
./resource/gamelogic/set/breed/mp\rus\oficer.set,rus,oficer,250,oficer,n/a,100,100,1,"['""tt"" filled', '""ammo tt_mag"" 32', '""knife_rus""', '""binocular""', '""bandage"" 5']",0.85,1,0.9,n/a,3,3,3,3,3,3,-10.0,20.00,10.0
./resource/gamelogic/set/breed/mp\rus\para_mg.set,rus,para_mg,400,vet_7,elite,100,100,0.9,"['""dt"" filling ""ammo dt29_mag"" 60', '""ammo dt29_mag"" 240', '""bandage"" 5', '""grenade f1"" 2', '""ru_roll""']",0.75,1,0.8,n/a,7,7,7,7,7,7,1.75,1.75,1.75
./resource/gamelogic/set/breed/mp\rus\para_mg_asst.set,rus,para_mg_asst,400,vet_7,elite,100,100,0.9,"['""mosin_vet"" filled', '""ammo mosin_clip"" 60', '""ammo dt29_mag"" 180', '""bandage"" 5', '""grenade f1"" 2', '""ru_roll""']",0.75,1,0.8,n/a,7,7,7,7,7,7,1.75,1.75,1.75
./resource/gamelogic/set/breed/mp\rus\para_rifle.set,rus,para_rifle,400,vet_7,elite,100,100,0.9,"['""mosin_vet"" filled', '""ammo mosin_clip"" 60', '""ammo dt29_mag"" 60', '""bandage"" 5', '""grenade f1"" 2', '""rpg43 grenade"" 1', '""ru_roll""', '""smoke grenade"" 1']",0.75,1,0.8,n/a,7,7,7,7,7,7,1.75,1.75,1.75
./resource/gamelogic/set/breed/mp\rus\para_sa.set,rus,para_sa,400,vet_7,elite,100,100,0.9,"['""svt40"" filled', '""ammo svt40_mag"" 20', '""ammo mosin_clip"" 60', '""ammo dt29_mag"" 60', '""bandage"" 5', '""grenade f1"" 2', '""rpg43 grenade"" 1', '""ru_roll""', '""smoke grenade"" 1']",0.75,1,0.8,n/a,7,7,7,7,7,7,1.75,1.75,1.75
./resource/gamelogic/set/breed/mp\rus\para_sl.set,rus,para_sl,400,vet_7,elite,100,100,0.9,"['""pps43"" filled', '""ammo pps43_mag"" 105', '""bandage"" 5', '""grenade f1"" 2', '""grenade smoke"" 2', '""ru_roll""']",0.75,1,0.8,n/a,7,7,7,7,7,7,1.75,1.75,1.75
./resource/gamelogic/set/breed/mp\rus\para_smg.set,rus,para_smg,400,vet_7,elite,100,100,0.9,"['""ppsh41"" filled', '""ammo ppsh41_mag"" 105', '""bandage"" 5', '""grenade f1"" 2', '""rpg43 grenade"" 1', '""ru_roll""', '""smoke grenade"" 1']",0.75,1,0.8,n/a,7,7,7,7,7,7,1.75,1.75,1.75
./resource/gamelogic/set/breed/mp\rus\para_smg2.set,rus,para_smg2,400,vet_7,elite,100,100,0.9,"['""ppsh"" filled', '""ammo ppsh_mag"" 142', '""bandage"" 5', '""grenade f1"" 2', '""rpg43 grenade"" 1', '""ru_roll""', '""smoke grenade"" 1']",0.75,1,0.8,n/a,7,7,7,7,7,7,1.75,1.75,1.75
./resource/gamelogic/set/breed/mp\rus\para_smg3.set,rus,para_smg3,400,vet_7,elite,100,100,0.9,"['""pps43"" filled', '""ammo pps43_mag"" 105', '""bandage"" 5', '""grenade f1"" 2', '""rpg43 grenade"" 1', '""ru_roll""', '""smoke grenade"" 1']",0.75,1,0.8,n/a,7,7,7,7,7,7,1.75,1.75,1.75
./resource/gamelogic/set/breed/mp\rus\radioman.set,rus,radioman,150,radioman,n/a,100,100,0.9,"['""ppsh"" filled', '""flaergun"" filled', '""ammo ppsh_mag"" 142', '""ammo flaer"" 50', '""bandage"" 3']",0.75,1,0.8,n/a,6,2,1,1,1,2,5.0,20.00,1.0
./resource/gamelogic/set/breed/mp\rus\radioman_mortar.set,rus,radioman_mortar,150,radioman,1,100,100,0.9,"['""ppsh"" filled', '""mortar_flaergun"" filled', '""ammo ppsh_mag"" 142', '""ammo mortar_flaer"" 5', '""bandage"" 3']",0.75,1,0.8,n/a,2,2,1,1,1,2,5.0,20.00,1.0
./resource/gamelogic/set/breed/mp\rus\rifle.set,rus,rifle,150,vet_3,1,100,100,0.9,"['""mosin"" filled', '""ammo mosin_clip"" 60', '""ammo dp27_mag"" 47', '""bandage"" 3', '""grenade f1"" 1', '""grenade molotov_coctail"" 0 1', '""sandbag_kit"" 1']",0.75,1,0.8,n/a,2,1,1,3,1,3,0.75,0.75,0.75
./resource/gamelogic/set/breed/mp\rus\rifle2.set,rus,rifle2,150,vet_2,1,100,100,0.9,"['""mosin"" filled', '""ammo mosin_clip"" 60', '""bandage"" 3', '""grenade f1"" 1', '""grenade molotov_coctail"" 0 1', '""sandbag_kit"" 1']",0.75,1,0.8,n/a,2,1,1,3,1,3,0.50,0.50,0.50
./resource/gamelogic/set/breed/mp\rus\rifle2_41.set,rus,rifle2_41,150,vet_2,1,100,100,0.9,"['""mosin"" filled', '""ammo mosin_clip"" 60', '""bandage"" 3', '""grenade f1"" 1', '""grenade molotov_coctail"" 0 1', '""sandbag_kit"" 1']",0.75,1,0.8,n/a,2,1,1,2,1,2,0.50,0.50,0.50
./resource/gamelogic/set/breed/mp\rus\rifle3.set,rus,rifle3,150,vet_2,1,100,100,0.9,"['""mosin"" filled', '""ammo mosin_clip"" 60', '""ammo dp27_mag"" 47', '""bandage"" 3', '""grenade f1"" 1', '""grenade molotov_coctail"" 0 1', '""sandbag_kit"" 1']",0.75,1,0.8,n/a,2,1,1,2,1,2,0.50,0.50,0.50
./resource/gamelogic/set/breed/mp\rus\rifle_41.set,rus,rifle_41,150,vet_2,1,100,100,0.9,"['""mosin"" filled', '""ammo mosin_clip"" 60', '""ammo dp27_mag"" 47', '""bandage"" 3', '""grenade f1"" 1', '""grenade molotov_coctail"" 0 1', '""sandbag_kit"" 1']",0.75,1,0.8,n/a,2,1,1,2,1,2,0.50,0.50,0.50
./resource/gamelogic/set/breed/mp\rus\rifle_sa.set,rus,rifle_sa,150,vet_3,1,100,100,0.9,"['""svt40"" filled', '""ammo svt40_mag"" 20', '""ammo mosin_clip"" 60', '""ammo dp27_mag"" 47', '""bandage"" 3', '""grenade f1"" 1', '""grenade molotov_coctail"" 0 1', '""sandbag_kit"" 1']",0.75,1,0.8,n/a,2,1,1,3,1,2,0.75,0.75,0.75
./resource/gamelogic/set/breed/mp\rus\saper.set,rus,saper,150,saper,1,100,100,0.9,"['""ppsh41"" filled', '""ammo ppsh41_mag"" 105', '""mine_detector""', '""dynamite"" 2', '""trench_spade""']",0.85,1,0.9,n/a,2,2,1,1,1,2,1.0,1.00,1.0
./resource/gamelogic/set/breed/mp\rus\sapper_rifle1.set,rus,sapper_rifle1,150,vet_3,1,100,100,0.9,"['""mosin"" filled', '""ammo mosin_clip"" 60', '""bandage"" 3', '""grenade f1"" 2', '""mine antitank"" 6', '""sandbag_kit"" 1']",0.85,1,0.9,n/a,2,1,1,3,2,2,0.75,0.75,0.75
./resource/gamelogic/set/breed/mp\rus\sapper_rifle2.set,rus,sapper_rifle2,150,vet_3,1,100,100,0.9,"['""mosin"" filled', '""ammo mosin_clip"" 60', '""bandage"" 3', '""grenade f1"" 2', '""mine antipersonnel"" 18', '""trench_spade"" 1', '""mine antipersonnel"" 4', '""sandbag_kit"" 1']",0.85,1,0.9,n/a,2,1,1,3,2,2,0.75,0.75,0.75
./resource/gamelogic/set/breed/mp\rus\sapper_rifle3.set,rus,sapper_rifle3,150,vet_3,1,100,100,0.9,"['""mosin"" filled', '""ammo mosin_clip"" 60', '""bandage"" 3', '""grenade f1"" 2', '""mine_detector""', '""hedgehog_kit""', '""trench_spade"" 1', '""sandbag_kit"" 1']",0.85,1,0.9,n/a,2,1,1,3,2,2,0.75,0.75,0.75
./resource/gamelogic/set/breed/mp\rus\sapper_rifle4.set,rus,sapper_rifle4,150,vet_3,1,100,100,0.9,"['""mosin"" filled', '""ammo mosin_clip"" 60', '""bandage"" 3', '""grenade f1"" 2', '""trench_spade"" 2', '""sandbag_kit"" 3']",0.85,1,0.9,n/a,2,1,1,3,2,2,0.75,0.75,0.75
./resource/gamelogic/set/breed/mp\rus\sapper_sl.set,rus,sapper_sl,150,vet_3,1,100,100,0.9,"['""pps43"" filled', '""ammo pps43_mag"" 210', '""bandage"" 3', '""grenade f1"" 2', '""grenade smoke"" 2', '""sandbag_kit"" 2']",0.85,1,0.9,n/a,2,4,2,2,2,3,0.75,0.75,0.75
./resource/gamelogic/set/breed/mp\rus\sapper_smg.set,rus,sapper_smg,150,vet_3,1,100,100,0.9,"['""pps43"" filled', '""ammo pps43_mag"" 210', '""bandage"" 3', '""grenade f1"" 2', '""mine antipersonnel"" 16', '""grenade satchel"" 1', '""mine antipersonnel"" 4', '""grenade satchel"" 1']",0.85,1,0.9,n/a,2,3,1,1,2,2,0.75,0.75,0.75
./resource/gamelogic/set/breed/mp\rus\sapper_smg2.set,rus,sapper_smg2,150,vet_3,1,100,100,0.9,"['""ppsh"" filled', '""ammo ppsh_mag"" 142', '""grenade satchel"" 3', '""mine antitank"" 4', '""bandage"" 3', '""grenade f1"" 2', '""mine antitank"" 1']",0.85,1,0.9,n/a,2,3,1,1,2,2,0.75,0.75,0.75
./resource/gamelogic/set/breed/mp\rus\scout.set,rus,scout,350,scout,1,100,300,0.9,"['""nagan_pb"" filled', '""ppsh"" filled', '""ammo ppsh_mag"" 142', '""ammo nagant_clip"" 21', '""bandage"" 5', '""grenade f1"" 4', '""smoke grenade"" 2', '""smoke_paradrop_ammo_heavy grenade"" 1', '""rg42x3 grenade"" 4', '""grenade molotov_coctail"" 2', '""dynamite"" 2', '""knife_rus"" 1', '""matchbox"" 1']",0.95,1,1,n/a,4,4,4,4,4,4,3.0,8.00,2.0
./resource/gamelogic/set/breed/mp\rus\shock_flame.set,rus,shock_flame,200,vet_4,1,100,100,0.9,"['""flame_thrower""', '""balloon"" filled']",0.75,1,0.8,n/a,3,4,2,2,2,3,1.0,1.00,1.00
./resource/gamelogic/set/breed/mp\rus\shock_mg.set,rus,shock_mg,200,vet_4,1,100,100,0.9,"['""dp"" filling ""ammo dp27_mag"" 47', '""ammo dp27_mag"" 235', '""bandage"" 3', '""grenade f1"" 2', '""ru_backpack_meshok2""']",0.75,1,0.8,n/a,3,2,4,2,2,3,1.0,1.00,1.00
./resource/gamelogic/set/breed/mp\rus\shock_mg_asst.set,rus,shock_mg_asst,200,vet_4,1,100,100,0.9,"['""mosin"" filled', '""ammo mosin_clip"" 60', '""ammo dp27_mag"" 141', '""bandage"" 3', '""grenade f1"" 2', '""ru_backpack_meshok2""']",0.75,1,0.8,n/a,3,2,4,4,2,3,1.0,1.00,1.00
./resource/gamelogic/set/breed/mp\rus\shock_rifle.set,rus,shock_rifle,200,vet_4,1,100,100,0.9,"['""mosin"" filled', '""ammo mosin_clip"" 60', '""ammo dp27_mag"" 47', '""bandage"" 3', '""grenade f1"" 2', '""grenade molotov_coctail"" 0 1', '""grenade rpg40"" 1', '""smoke grenade"" 1', '""ru_backpack_meshok2""']",0.75,1,0.8,n/a,3,2,2,4,2,3,1.0,1.00,1.00
./resource/gamelogic/set/breed/mp\rus\shock_sa.set,rus,shock_sa,200,vet_4,1,100,100,0.9,"['""svt40"" filled', '""ammo svt40_mag"" 20', '""ammo mosin_clip"" 60', '""ammo dp27_mag"" 47', '""bandage"" 3', '""grenade f1"" 2', '""grenade molotov_coctail"" 0 1', '""grenade rpg40"" 1', '""smoke grenade"" 1', '""ru_backpack_meshok2""']",0.75,1,0.8,n/a,3,2,2,4,2,3,1.0,1.00,1.00
./resource/gamelogic/set/breed/mp\rus\shock_sl.set,rus,shock_sl,200,vet_4,1,100,100,0.9,"['""mosin"" filled', '""ammo mosin_clip"" 60', '""ammo dp27_mag"" 47', '""bandage"" 3', '""grenade f1"" 2', '""grenade molotov_coctail"" 0 1', '""grenade smoke"" 2', '""ru_backpack_meshok2""']",0.75,1,0.8,n/a,4,3,3,4,3,4,1.0,1.00,1.00
./resource/gamelogic/set/breed/mp\rus\shock_sl_smg.set,rus,shock_sl_smg,200,vet_4,1,100,100,0.9,"['""ppsh"" filled', '""ammo ppsh_mag"" 142', '""bandage"" 3', '""grenade f1"" 2', '""grenade molotov_coctail"" 0 1', '""grenade smoke"" 2', '""ru_backpack_meshok2""']",0.75,1,0.8,n/a,3,4,2,2,2,3,1.0,1.00,1.00
./resource/gamelogic/set/breed/mp\rus\shock_smg.set,rus,shock_smg,200,vet_4,1,100,100,0.9,"['""ppsh41"" filled', '""ammo ppsh41_mag"" 210', '""bandage"" 3', '""grenade f1"" 2', '""grenade molotov_coctail"" 0 1', '""grenade rpg40"" 1', '""smoke grenade"" 1', '""ru_backpack_meshok2""']",0.75,1,0.8,n/a,3,4,2,2,2,3,1.0,1.00,1.00
./resource/gamelogic/set/breed/mp\rus\shock_smg2.set,rus,shock_smg2,200,vet_4,1,100,100,0.9,"['""ppsh"" filled', '""ammo ppsh_mag"" 142', '""bandage"" 3', '""grenade f1"" 2', '""grenade molotov_coctail"" 0 1', '""grenade rpg40"" 1', '""smoke grenade"" 1', '""ru_backpack_meshok2""']",0.75,1,0.8,n/a,3,4,2,2,2,3,1.0,1.00,1.00
./resource/gamelogic/set/breed/mp\rus\shock_smg3.set,rus,shock_smg3,200,vet_4,1,100,100,0.9,"['""pps43"" filled', '""ammo pps43_mag"" 210', '""bandage"" 3', '""grenade f1"" 2', '""grenade molotov_coctail"" 0 1', '""grenade rpg40"" 1', '""smoke grenade"" 1', '""ru_backpack_meshok2""']",0.75,1,0.8,n/a,3,4,2,2,2,3,1.0,1.00,1.00
./resource/gamelogic/set/breed/mp\rus\shock_smg_pzfst.set,rus,shock_smg_pzfst,200,vet_4,1,100,100,0.9,"['""ppsh41"" filled', '""ammo ppsh41_mag"" 210', '""bandage"" 3', '""grenade f1"" 2', '""grenade molotov_coctail"" 0 1', '""grenade rpg40"" 1', '""smoke grenade"" 1', '""ru_backpack_meshok2""', '""panzerfaust_60 weapon"" filled']",0.75,1,0.8,n/a,3,4,2,2,2,3,1.0,1.00,1.00
./resource/gamelogic/set/breed/mp\rus\smg.set,rus,smg,150,vet_3,1,100,100,0.9,"['""ppsh"" filled', '""ammo ppsh_mag"" 142', '""bandage"" 3', '""grenade f1"" 1.5 0.5', '""grenade molotov_coctail"" 0 1', '""grenade rpg40"" 0 1', '""smoke grenade"" 1']",0.75,1,0.8,n/a,2,3,1,1,1,3,0.75,0.75,0.75
./resource/gamelogic/set/breed/mp\rus\smg2.set,rus,smg2,150,vet_2,1,100,100,0.9,"['""ppsh"" filled', '""ammo ppsh_mag"" 142', '""bandage"" 3', '""grenade f1"" 1.5 0.5', '""grenade molotov_coctail"" 0 1', '""grenade rpg40"" 0 1', '""smoke grenade"" 1']",0.75,1,0.8,n/a,2,3,1,1,1,3,0.50,0.50,0.50
./resource/gamelogic/set/breed/mp\rus\smg2_39.set,rus,smg2_39,150,vet_2,1,100,100,0.9,"['""ppd40"" filled', '""ammo ppd40_mag"" 142', '""bandage"" 3', '""grenade f1"" 1.5 0.5', '""grenade molotov_coctail"" 0 1', '""smoke grenade"" 1']",0.75,1,0.8,n/a,2,2,1,1,1,2,0.50,0.50,0.50
./resource/gamelogic/set/breed/mp\rus\smg2_40.set,rus,smg2_40,150,vet_2,1,100,100,0.9,"['""ppd40"" filled', '""ammo ppd40_mag"" 142', '""bandage"" 3', '""grenade f1"" 1.5 0.5', '""grenade molotov_coctail"" 0 1', '""grenade rpg40"" 0 1', '""smoke grenade"" 1']",0.75,1,0.8,n/a,2,2,1,1,1,2,0.50,0.50,0.50
./resource/gamelogic/set/breed/mp\rus\smg2_41.set,rus,smg2_41,150,vet_2,1,100,100,0.9,"['""ppsh"" filled', '""ammo ppsh_mag"" 142', '""bandage"" 3', '""grenade f1"" 1.5 0.5', '""grenade molotov_coctail"" 0 1', '""grenade rpg40"" 0 1', '""smoke grenade"" 1']",0.75,1,0.8,n/a,2,2,1,1,1,2,0.50,0.50,0.50
./resource/gamelogic/set/breed/mp\rus\smg2_43.set,rus,smg2_43,150,vet_3,1,100,100,0.9,"['""pps43"" filled', '""ammo pps43_mag"" 210', '""bandage"" 3', '""grenade f1"" 1.5 0.5', '""grenade molotov_coctail"" 0 1', '""grenade rpg40"" 0 1', '""smoke grenade"" 1']",0.75,1,0.8,n/a,2,3,1,1,1,3,0.75,0.75,0.75
./resource/gamelogic/set/breed/mp\rus\smg3.set,rus,smg3,250,vet_2,1,100,100,0.9,"['""ppsh41"" filled', '""ammo ppsh41_mag"" 210', '""bandage"" 3', '""grenade f1"" 1.5 0.5', '""grenade molotov_coctail"" 0 1', '""grenade rpg40"" 0 1', '""smoke grenade"" 1']",0.75,1,0.8,n/a,3,4,2,2,2,3,0.50,0.50,0.50
./resource/gamelogic/set/breed/mp\rus\smg4.set,rus,smg4,250,vet_4,1,100,100,0.9,"['""ppsh41"" filled', '""ammo ppsh41_mag"" 210', '""bandage"" 3', '""grenade f1"" 1.5 0.5', '""grenade molotov_coctail"" 0 1', '""grenade rpg40"" 0 1', '""smoke grenade"" 1']",0.75,1,0.8,n/a,3,4,2,2,2,3,1.0,1.00,1.00
./resource/gamelogic/set/breed/mp\rus\smg_39.set,rus,smg_39,150,vet_2,1,100,100,0.9,"['""ppd40"" filled', '""ammo ppd40_mag"" 142', '""bandage"" 3', '""grenade f1"" 1.5 0.5', '""grenade molotov_coctail"" 0 1', '""smoke grenade"" 1']",0.75,1,0.8,n/a,2,2,1,1,1,2,0.50,0.50,0.50
./resource/gamelogic/set/breed/mp\rus\smg_40.set,rus,smg_40,150,vet_2,1,100,100,0.9,"['""ppd40"" filled', '""ammo ppd40_mag"" 142', '""bandage"" 3', '""grenade f1"" 1.5 0.5', '""grenade molotov_coctail"" 0 1', '""grenade rpg40"" 0 1', '""smoke grenade"" 1']",0.75,1,0.8,n/a,2,2,1,1,1,2,0.50,0.50,0.50
./resource/gamelogic/set/breed/mp\rus\smg_41.set,rus,smg_41,150,vet_2,1,100,100,0.9,"['""ppsh"" filled', '""ammo ppsh_mag"" 142', '""bandage"" 3', '""grenade f1"" 1.5 0.5', '""grenade molotov_coctail"" 0 1', '""grenade rpg40"" 0 1', '""smoke grenade"" 1']",0.75,1,0.8,n/a,2,2,1,1,1,2,0.50,0.50,0.50
./resource/gamelogic/set/breed/mp\rus\sniper.set,rus,sniper,350,sniper,1,100,100,1.0,"['""mosin_s"" filled', '""ammo mosin_clip"" 120', '""bandage"" 5', '""smoke_paradrop_ammo grenade"" 1', '""plant"" 3', '""knife_rus""']",0.75,1,0.8,n/a,2,2,1,5,1,2,5.0,8.00,2.0
./resource/gamelogic/set/breed/mp\rus\sniper2.set,rus,sniper2,350,sniper,1,100,100,1.0,"['""mosin_s"" filled', '""ammo mosin_clip"" 100', '""ammo mosin_clip fg"" 20', '""bandage"" 5', '""smoke_paradrop_ammo grenade"" 1', '""plant"" 3', '""knife_rus""']",0.85,1,0.9,n/a,4,4,4,6,4,4,5.0,8.00,2.0
./resource/gamelogic/set/breed/mp\rus\sniper3.set,rus,sniper3,350,sniper,1,100,100,1.0,"['""svt40_s"" filled', '""ammo svt40_mag"" 20', '""ammo mosin_clip"" 100', '""bandage"" 5', '""smoke_paradrop_ammo grenade"" 1', '""plant"" 3', '""knife_rus""']",0.75,1,0.8,n/a,2,2,1,5,1,2,5.0,8.00,2.0
./resource/gamelogic/set/breed/mp\rus\squadleader.set,rus,squadleader,200,vet_4,1,100,100,0.9,"['""mosin"" filled', '""ammo mosin_clip"" 60', '""bandage"" 3', '""grenade f1"" 2', '""grenade rpg40"" 1', '""smoke grenade"" 1']",0.85,1,0.9,n/a,4,4,3,4,2,3,1.0,1.00,1.00
./resource/gamelogic/set/breed/mp\rus\squadleader2.set,rus,squadleader2,200,vet_3,1,100,100,0.9,"['""ppsh"" filled', '""ammo ppsh_mag"" 142', '""bandage"" 3', '""grenade f1"" 2', '""grenade rpg40"" 1', '""smoke grenade"" 2']",0.85,1,0.9,n/a,4,4,3,4,2,3,0.75,0.75,0.75
./resource/gamelogic/set/breed/mp\rus\squadleader2_39.set,rus,squadleader2_39,200,vet_3,1,100,100,0.9,"['""ppd40"" filled', '""ammo ppd40_mag"" 142', '""bandage"" 3', '""grenade f1"" 2', '""smoke grenade"" 2']",0.85,1,0.9,n/a,3,3,2,3,1,2,0.75,0.75,0.75
./resource/gamelogic/set/breed/mp\rus\squadleader2_40.set,rus,squadleader2_40,200,vet_3,1,100,100,0.9,"['""ppd40"" filled', '""ammo ppd40_mag"" 142', '""bandage"" 3', '""grenade f1"" 2', '""grenade rpg40"" 1', '""smoke grenade"" 2']",0.85,1,0.9,n/a,3,3,2,3,1,2,0.75,0.75,0.75
./resource/gamelogic/set/breed/mp\rus\squadleader2_41.set,rus,squadleader2_41,200,vet_3,1,100,100,0.9,"['""ppsh"" filled', '""ammo ppsh_mag"" 142', '""bandage"" 3', '""grenade f1"" 2', '""grenade rpg40"" 1', '""smoke grenade"" 2']",0.85,1,0.9,n/a,3,3,2,3,1,2,0.75,0.75,0.75
./resource/gamelogic/set/breed/mp\rus\squadleader2_43.set,rus,squadleader2_43,200,vet_4,1,100,100,0.9,"['""pps43"" filled', '""ammo pps43_mag"" 210', '""bandage"" 3', '""grenade f1"" 2', '""grenade rpg40"" 1', '""smoke grenade"" 2']",0.85,1,0.9,n/a,4,4,3,4,2,3,1.0,1.00,1.00
./resource/gamelogic/set/breed/mp\rus\squadleader_39.set,rus,squadleader_39,200,vet_3,1,100,100,0.9,"['""mosin"" filled', '""ammo mosin_clip"" 60', '""bandage"" 3', '""grenade f1"" 2', '""smoke grenade"" 1']",0.85,1,0.9,n/a,3,3,2,3,1,2,0.75,0.75,0.75
./resource/gamelogic/set/breed/mp\rus\squadleader_40.set,rus,squadleader_40,200,vet_3,1,100,100,0.9,"['""mosin"" filled', '""ammo mosin_clip"" 60', '""bandage"" 3', '""grenade f1"" 2', '""grenade rpg40"" 1', '""smoke grenade"" 1']",0.85,1,0.9,n/a,3,3,2,3,1,2,0.75,0.75,0.75
./resource/gamelogic/set/breed/mp\rus\squadleader_41.set,rus,squadleader_41,200,vet_3,1,100,100,0.9,"['""mosin"" filled', '""ammo mosin_clip"" 60', '""bandage"" 3', '""grenade f1"" 2', '""grenade rpg40"" 1', '""smoke grenade"" 1']",0.85,1,0.9,n/a,3,3,2,3,1,2,0.75,0.75,0.75
./resource/gamelogic/set/breed/mp\rus\squadleader_smg.set,rus,squadleader_smg,200,vet_4,1,100,100,0.9,"['""pps43"" filled', '""ammo pps43_mag"" 210', '""bandage"" 3', '""grenade f1"" 2', '""grenade rpg40"" 1', '""smoke grenade"" 1']",0.85,1,0.9,n/a,4,4,3,4,2,3,1.0,1.00,1.00
./resource/gamelogic/set/breed/mp\rus\sturmovik.set,rus,sturmovik,350,vet_5,elite,100,100,0.9,"['""pps43"" filled', '""ammo pps43_mag"" 210', '""bandage"" 5', '""grenade f1"" 2', '""rpg43 grenade""', '""smoke grenade""', '""jelet_mac_gop_dark""']",0.95,1,1,n/a,5,6,5,5,4,5,1.25,1.25,1.25
./resource/gamelogic/set/breed/mp\rus\sturmovik2.set,rus,sturmovik2,350,vet_5,elite,100,100,0.9,"['""dt"" filling ""ammo dt29_mag"" 60', '""ammo dt29_mag"" 240', '""bandage"" 5', '""grenade f1"" 2', '""rpg43 grenade"" 1', '""dynamite"" 1', '""jelet_mac_gop_dark""']",0.95,1,1,n/a,5,5,6,5,4,5,1.25,1.25,1.25
./resource/gamelogic/set/breed/mp\rus\sturmovik2_39.set,rus,sturmovik2_39,350,vet_5,elite,100,100,0.9,"['""dt"" filling ""ammo dt29_mag"" 60', '""ammo dt29_mag"" 240', '""bandage"" 5', '""grenade f1"" 2', '""molotov_coctail grenade"" 1', '""dynamite"" 1', '""jelet_mac_gop_dark""']",0.95,1,1,n/a,5,5,6,5,4,5,1.25,1.25,1.25
./resource/gamelogic/set/breed/mp\rus\sturmovik2_40.set,rus,sturmovik2_40,350,vet_6,elite,100,100,0.9,"['""dt"" filling ""ammo dt29_mag"" 60', '""ammo dt29_mag"" 240', '""bandage"" 5', '""grenade f1"" 2', '""rpg40 grenade"" 1', '""dynamite"" 1', '""jelet_mac_gop_dark""']",0.95,1,1,n/a,5,5,6,5,4,5,1.50,1.50,1.50
./resource/gamelogic/set/breed/mp\rus\sturmovik3.set,rus,sturmovik3,350,vet_5,elite,100,100,0.9,"['""sks"" filled', '""ammo sks_clip"" 80', '""bandage"" 5', '""grenade f1"" 2', '""smoke grenade""', '""dynamite"" 1', '""weapon bazooka"" filled', '""ammo bazooka"" 5', '""jelet_mac_gop_dark""']",0.95,1,1,n/a,5,5,5,6,6,5,1.25,1.25,1.25
./resource/gamelogic/set/breed/mp\rus\sturmovik3_39.set,rus,sturmovik3_39,350,vet_6,elite,100,100,0.9,"['""mosin"" filled', '""ammo mosin_clip"" 60', '""bandage"" 5', '""grenade f1"" 2', '""smoke grenade""', '""grenade molotov_coctail""', '""dynamite"" 1', '""jelet_mac_gop_dark""']",0.95,1,1,n/a,5,5,5,6,4,5,1.50,1.50,1.50
./resource/gamelogic/set/breed/mp\rus\sturmovik3_40.set,rus,sturmovik3_40,350,vet_6,elite,100,100,0.9,"['""svt40"" filled', '""ammo svt40_mag"" 20', '""ammo mosin_clip"" 60', '""bandage"" 5', '""grenade f1"" 2', '""smoke grenade""', '""dynamite"" 1', '""rpg40 grenade"" 1', '""jelet_mac_gop_dark""']",0.95,1,1,n/a,5,5,5,6,4,5,1.50,1.50,1.50
./resource/gamelogic/set/breed/mp\rus\sturmovik3_42.set,rus,sturmovik3_42,350,vet_6,elite,100,100,0.9,"['""svt40"" filled', '""ammo svt40_mag"" 20', '""ammo mosin_clip"" 60', '""bandage"" 5', '""grenade f1"" 2', '""smoke grenade""', '""dynamite""', '""weapon bazooka"" filled', '""ammo bazooka"" 5', '""jelet_mac_gop_dark""']",0.95,1,1,n/a,5,5,5,6,6,5,1.50,1.50,1.50
./resource/gamelogic/set/breed/mp\rus\sturmovik4.set,rus,sturmovik4,350,vet_5,elite,100,100,0.9,"['""mosin"" filled', '""ammo mosin_clip"" 60', '""bandage"" 5', '""grenade f1"" 4', '""rpg43 grenade"" 2', '""smoke grenade"" 2', '""jelet_mac_gop_dark""']",0.95,1,1,n/a,5,5,5,6,4,5,1.25,1.25,1.25
./resource/gamelogic/set/breed/mp\rus\sturmovik4b.set,rus,sturmovik4b,350,vet_5,elite,100,100,0.9,"['""svt40"" filled', '""ammo svt40_mag"" 20', '""ammo mosin_clip"" 60', '""bandage"" 5', '""grenade f1"" 4', '""rpg43 grenade"" 1', '""dynamite"" 1', '""jelet_mac_gop_dark""']",0.95,1,1,n/a,5,5,5,6,4,5,1.25,1.25,1.25
./resource/gamelogic/set/breed/mp\rus\sturmovik4b_40.set,rus,sturmovik4b_40,350,vet_6,elite,100,100,0.9,"['""svt40"" filled', '""ammo svt40_mag"" 20', '""ammo mosin_clip"" 60', '""bandage"" 5', '""grenade f1"" 4', '""rpg40 grenade"" 1', '""dynamite"" 1', '""jelet_mac_gop_dark""']",0.95,1,1,n/a,5,5,5,6,4,5,1.50,1.50,1.50
./resource/gamelogic/set/breed/mp\rus\sturmovik4_39.set,rus,sturmovik4_39,350,vet_6,elite,100,100,0.9,"['""mosin"" filled', '""ammo mosin_clip"" 60', '""bandage"" 5', '""grenade f1"" 4', '""molotov_coctail grenade"" 2', '""smoke grenade"" 2', '""jelet_mac_gop_dark""']",0.95,1,1,n/a,5,5,5,6,4,5,1.50,1.50,1.50
./resource/gamelogic/set/breed/mp\rus\sturmovik4_40.set,rus,sturmovik4_40,350,vet_6,elite,100,100,0.9,"['""mosin"" filled', '""ammo mosin_clip"" 60', '""bandage"" 5', '""grenade f1"" 4', '""rpg40 grenade"" 2', '""smoke grenade"" 2', '""jelet_mac_gop_dark""']",0.95,1,1,n/a,5,5,5,6,4,5,1.50,1.50,1.50
./resource/gamelogic/set/breed/mp\rus\sturmovik5.set,rus,sturmovik5,350,vet_5,elite,100,100,0.9,"['""weapon bazooka"" filled', '""ppsh"" filled', '""ammo ppsh_mag"" 142', '""bandage"" 5', '""rpg43 grenade"" 1', '""ammo bazooka"" 7', '""jelet_mac_gop_dark""']",0.95,1,1,n/a,5,6,5,5,6,5,1.25,1.25,1.25
./resource/gamelogic/set/breed/mp\rus\sturmovik5b.set,rus,sturmovik5b,350,vet_5,elite,100,100,0.9,"['""ppsh"" filled', '""ammo ppsh_mag"" 142', '""bandage"" 5', '""grenade f1"" 2', '""rpg43 grenade"" 1', '""smoke grenade"" 1', '""ammo bazooka"" 3', '""jelet_mac_gop_dark""']",0.95,1,1,n/a,5,6,5,5,6,5,1.25,1.25,1.25
./resource/gamelogic/set/breed/mp\rus\sturmovik5b_42.set,rus,sturmovik5b_42,350,vet_6,elite,100,100,0.9,"['""ppsh"" filled', '""ammo ppsh_mag"" 142', '""bandage"" 5', '""grenade f1"" 2', '""rpg40 grenade"" 1', '""smoke grenade"" 1', '""ammo bazooka"" 3', '""jelet_mac_gop_dark""']",0.95,1,1,n/a,5,6,5,5,6,5,1.50,1.50,1.50
./resource/gamelogic/set/breed/mp\rus\sturmovik5_42.set,rus,sturmovik5_42,350,vet_6,elite,100,100,0.9,"['""weapon bazooka"" filled', '""ppsh"" filled', '""ammo ppsh_mag"" 142', '""bandage"" 5', '""rpg40 grenade"" 1', '""ammo bazooka"" 7', '""jelet_mac_gop_dark""']",0.95,1,1,n/a,5,6,5,5,6,5,1.50,1.50,1.50
./resource/gamelogic/set/breed/mp\rus\sturmovik6.set,rus,sturmovik6,350,vet_5,elite,100,100,0.9,"['""dp"" filling ""ammo dp27_mag"" 47', '""ammo dp27_mag"" 235', '""bandage"" 5', '""grenade f1"" 2', '""smoke grenade""', '""dynamite""', '""sandbag_kit"" 1', '""jelet_mac_gop_dark""']",0.95,1,1,n/a,5,5,6,5,4,5,1.25,1.25,1.25
./resource/gamelogic/set/breed/mp\rus\sturmovik6b.set,rus,sturmovik6b,350,vet_5,elite,100,100,0.9,"['""mosin"" filled', '""ammo mosin_clip"" 60', '""ammo dp27_mag"" 141', '""bandage"" 5', '""grenade f1"" 2', '""rpg43 grenade""', '""smoke grenade""', '""jelet_mac_gop_dark""']",0.95,1,1,n/a,5,5,5,6,4,5,1.25,1.25,1.25
./resource/gamelogic/set/breed/mp\rus\sturmovik6b_39.set,rus,sturmovik6b_39,350,vet_6,elite,100,100,0.9,"['""mosin"" filled', '""ammo mosin_clip"" 60', '""ammo dp27_mag"" 141', '""bandage"" 5', '""grenade f1"" 2', '""molotov_coctail grenade""', '""smoke grenade""', '""jelet_mac_gop_dark""']",0.95,1,1,n/a,5,5,5,6,4,5,1.50,1.50,1.50
./resource/gamelogic/set/breed/mp\rus\sturmovik6b_40.set,rus,sturmovik6b_40,350,vet_6,elite,100,100,0.9,"['""mosin"" filled', '""ammo mosin_clip"" 60', '""ammo dp27_mag"" 141', '""bandage"" 5', '""grenade f1"" 2', '""rpg40 grenade""', '""smoke grenade""', '""jelet_mac_gop_dark""']",0.95,1,1,n/a,5,5,5,6,4,5,1.50,1.50,1.50
./resource/gamelogic/set/breed/mp\rus\sturmovik6c.set,rus,sturmovik6c,350,vet_6,elite,100,100,0.9,"['""mosin"" filled', '""ammo mosin_clip"" 60', '""ammo dt29_mag"" 180', '""bandage"" 5', '""grenade f1"" 2', '""rpg43 grenade"" 1', '""smoke grenade"" 1', '""jelet_mac_gop_dark""']",0.95,1,1,n/a,5,5,5,6,4,5,1.50,1.50,1.50
./resource/gamelogic/set/breed/mp\rus\sturmovik6c_40.set,rus,sturmovik6c_40,350,vet_6,elite,100,100,0.9,"['""mosin"" filled', '""ammo mosin_clip"" 60', '""ammo dt29_mag"" 180', '""bandage"" 5', '""grenade f1"" 2', '""rpg40 grenade"" 1', '""smoke grenade"" 1', '""jelet_mac_gop_dark""']",0.95,1,1,n/a,5,5,5,6,4,5,1.50,1.50,1.50
./resource/gamelogic/set/breed/mp\rus\sturmovik_39.set,rus,sturmovik_39,350,vet_5,elite,100,100,0.9,"['""ppd40"" filled', '""ammo ppd40_mag"" 142', '""bandage"" 5', '""grenade f1"" 2', '""grenade molotov_coctail""', '""smoke grenade""', '""jelet_mac_gop_dark""']",0.95,1,1,n/a,5,6,5,5,4,5,1.25,1.25,1.25
./resource/gamelogic/set/breed/mp\rus\sturmovik_40.set,rus,sturmovik_40,350,vet_5,elite,100,100,0.9,"['""ppd40"" filled', '""ammo ppd40_mag"" 142', '""bandage"" 5', '""grenade f1"" 2', '""rpg40 grenade""', '""smoke grenade""', '""jelet_mac_gop_dark""']",0.95,1,1,n/a,5,6,5,5,4,5,1.25,1.25,1.25
./resource/gamelogic/set/breed/mp\rus\sturmovik_41.set,rus,sturmovik_41,350,vet_6,elite,100,100,0.9,"['""ppsh41"" filled', '""ammo ppsh41_mag"" 210', '""bandage"" 5', '""grenade f1"" 2', '""rpg40 grenade""', '""smoke grenade""', '""jelet_mac_gop_dark""']",0.95,1,1,n/a,5,6,5,5,4,5,1.50,1.50,1.50
./resource/gamelogic/set/breed/mp\rus\tankman.set,rus,tankman,100,tankman,n/a,100,100,0.8,"['""nagan"" filled', '""ammo nagant_clip"" 28', '""bandage"" 3']",1.1,1.1,0.9,2,3,3,2,1,1,2,0.25,1.2,0.25
./resource/gamelogic/set/breed/mp\rus\tankman2.set,rus,tankman2,150,tankman2,n/a,100,100,0.8,"['""ppsh41"" filled', '""ammo ppsh41_mag"" 105', '""bandage"" 3']",1.2,1.1,0.95,4,3,3,3,1,1,2,0.5,2.20,0.5
./resource/gamelogic/set/breed/mp\rus\tankman2_41.set,rus,tankman2_41,150,tankman2,n/a,100,100,0.8,"['""ppsh41"" filled', '""ammo ppsh41_mag"" 105', '""bandage"" 3']",1.1,1,0.95,3,2,2,2,1,1,2,0.5,2.20,0.5
./resource/gamelogic/set/breed/mp\rus\tankman_41.set,rus,tankman_41,100,tankman,n/a,100,100,0.8,"['""nagan"" filled', '""ammo nagant_clip"" 28', '""bandage"" 3']",1,1,0.9,2,2,2,2,1,1,2,0.25,1.2,0.25
./resource/gamelogic/set/breed/mp\rus\vehicle_supporter.set,rus,vehicle_supporter,150,vehicle_supporter,tankcrew,100,100,0.9,"['""ppsh41"" filled', '""ammo ppsh41_mag"" 105', '""bandage"" 3', '""grenade f1"" 1']",0.85,1.0,1.0,4,2,2,3,2,2,3,0.50,2.00,0.25
./resource/gamelogic/set/breed/mp\rus\vehicle_supporter_41.set,rus,vehicle_supporter_41,150,vehicle_supporter,tankcrew,100,100,0.9,"['""ppsh41"" filled', '""ammo ppsh41_mag"" 105', '""bandage"" 3', '""grenade f1"" 1']",0.85,1.0,1.0,3,2,2,2,1,1,2,0.50,2.00,0.25
./resource/gamelogic/set/breed/mp\rus\vet_tankman.set,rus,vet_tankman,100,tankman,tankcrew,100,100,0.8,"['""nagan"" filled', '""ammo nagant_clip"" 28']",1.0,1.0,0.9,5,4,4,3,1,1,2,0.25,1.2,0.25
./resource/gamelogic/set/breed/mp\rus\vet_tankman2.set,rus,vet_tankman2,150,tankman2,tankcrew,100,100,0.8,"['""ppsh41"" filled', '""ammo ppsh41_mag"" 105']",1.1,1.0,0.95,7,4,4,5,1,1,2,0.5,2.20,0.5
./resource/gamelogic/set/breed/mp\rus_guard\ap_miner.set,rus_guard,ap_miner,150,ap_miner,n/a,100,100,0.9,"['""ppsh41"" filled', '""ammo ppsh41_mag"" 105', '""mine antipersonnel"" 25', '""barbwire_kit""', '""bandage"" 5']",0.75,1,0.8,n/a,2,2,1,1,1,2,1.0,1.00,1.0
./resource/gamelogic/set/breed/mp\rus_guard\at_miner.set,rus_guard,at_miner,150,at_miner,n/a,100,100,0.9,"['""ppsh41"" filled', '""ammo ppsh41_mag"" 105', '""mine antitank"" 8', '""hedgehog_kit""', '""bandage"" 5']",0.75,1,0.8,n/a,2,2,1,1,1,2,1.0,1.00,1.0
./resource/gamelogic/set/breed/mp\rus_guard\at_rifle.set,rus_guard,at_rifle,150,at_rifle,1_lvl3,100,100,0.9,"['""ptrs"" filled', '""bandage"" 3', '""grenade rpg43"" 1', '""ammo ptr"" 35']",0.75,1,0.8,n/a,2,2,1,3,1,2,1.0,1.50,1.0
./resource/gamelogic/set/breed/mp\rus_guard\at_rifle2.set,rus_guard,at_rifle2,150,at_rifle,1_lvl3,100,100,0.9,"['""ppsh"" filled', '""ammo ppsh_mag"" 142', '""bandage"" 3', '""grenade f1"" 2', '""grenade rpg43"" 1', '""smoke grenade"" 1', '""ammo ptr"" 10']",0.75,1,0.8,n/a,2,2,1,3,1,2,1.0,1.50,1.0
./resource/gamelogic/set/breed/mp\rus_guard\bazooker.set,rus_guard,bazooker,150,bazooker,1_lvl3,100,100,0.9,"['""weapon bazooka"" filled', '""bandage"" 3', '""grenade rpg43"" 1', '""ammo bazooka"" 7']",0.75,1,0.8,n/a,2,2,1,1,3,2,1.0,1.50,1.0
./resource/gamelogic/set/breed/mp\rus_guard\bazooker2.set,rus_guard,bazooker2,150,bazooker,1_lvl3,100,100,0.9,"['""ppsh"" filled', '""ammo ppsh_mag"" 142', '""bandage"" 3', '""grenade f1"" 2', '""grenade rpg43"" 1', '""smoke grenade"" 1', '""ammo bazooka"" 3']",0.75,1,0.8,n/a,2,2,1,1,3,2,1.0,1.50,1.0
./resource/gamelogic/set/breed/mp\rus_guard\bazooker2_piat.set,rus_guard,bazooker2_piat,150,bazooker,1_lvl3,100,100,0.9,"['""ppsh"" filled', '""ammo ppsh_mag"" 142', '""bandage"" 3', '""grenade f1"" 2', '""grenade rpg43"" 1', '""smoke grenade"" 1', '""ammo piatrocket"" 3']",0.75,1,0.8,n/a,2,2,1,1,3,2,1.0,1.50,1.0
./resource/gamelogic/set/breed/mp\rus_guard\bazooker_piat.set,rus_guard,bazooker_piat,150,bazooker,1_lvl3,100,100,0.9,"['""weapon piatrocket"" filled', '""bandage"" 3', '""ammo piatrocket"" 7', '""grenade rpg43"" 1']",0.75,1,0.8,n/a,2,2,1,1,3,2,1.0,1.50,1.0
./resource/gamelogic/set/breed/mp\rus_guard\elite_guards_shock_flame.set,rus_guard,elite_guards_shock_flame,250,vet_7,lvl5,100,100,0.9,"['""flame_thrower""', '""balloon"" filled']",0.75,1,0.8,n/a,3,4,2,2,2,3,1.75,1.75,1.75
./resource/gamelogic/set/breed/mp\rus_guard\elite_guards_shock_mg.set,rus_guard,elite_guards_shock_mg,250,vet_7,lvl5,100,100,0.9,"['""dt"" filling ""ammo dt29_mag"" 60', '""ammo dt29_mag"" 240', '""bandage"" 3', '""grenade f1"" 2', '""ru_backpack_meshok""']",0.75,1,0.8,n/a,3,2,4,2,2,3,1.75,1.75,1.75
./resource/gamelogic/set/breed/mp\rus_guard\elite_guards_shock_mg2.set,rus_guard,elite_guards_shock_mg2,250,vet_7,lvl5,100,100,0.9,"['""mg34"" filled', '""ammo mg_mauser drum"" 300', '""bandage"" 3', '""grenade f1"" 2', '""ru_backpack_meshok""']",0.75,1,0.8,n/a,3,2,4,2,2,3,1.75,1.75,1.75
./resource/gamelogic/set/breed/mp\rus_guard\elite_guards_shock_mg2_asst.set,rus_guard,elite_guards_shock_mg2_asst,250,n/a,lvl5,100,100,0.9,"['""mosin_vet"" filled', '""ammo mosin_clip"" 60', '""ammo mg_mauser drum"" 300', '""bandage"" 3', '""grenade f1"" 2', '""ru_backpack_meshok""']",0.75,1,0.8,n/a,3,2,4,4,2,3,n/a,n/a,n/a
./resource/gamelogic/set/breed/mp\rus_guard\elite_guards_shock_mg_asst.set,rus_guard,elite_guards_shock_mg_asst,250,vet_7,lvl5,100,100,0.9,"['""mosin_vet"" filled', '""ammo mosin_clip"" 60', '""ammo dt29_mag"" 240', '""bandage"" 3', '""grenade f1"" 2', '""ru_backpack_meshok""']",0.75,1,0.8,n/a,3,2,4,4,2,3,1.75,1.75,1.75
./resource/gamelogic/set/breed/mp\rus_guard\elite_guards_shock_rifle.set,rus_guard,elite_guards_shock_rifle,250,vet_7,lvl5,100,100,0.9,"['""mosin_vet"" filled', '""ammo mosin_clip"" 60', '""ammo dt29_mag"" 60', '""bandage"" 3', '""grenade f1"" 2', '""grenade molotov_coctail"" 0 1', '""grenade rpg43"" 1', '""smoke grenade"" 1', '""ru_backpack_meshok""']",0.75,1,0.8,n/a,3,2,2,4,2,3,1.75,1.75,1.75
./resource/gamelogic/set/breed/mp\rus_guard\elite_guards_shock_sa.set,rus_guard,elite_guards_shock_sa,250,vet_7,lvl5,100,100,0.9,"['""svt40"" filled', '""ammo svt40_mag"" 20', '""ammo mosin_clip"" 60', '""ammo dt29_mag"" 60', '""bandage"" 3', '""grenade f1"" 2', '""grenade molotov_coctail"" 0 1', '""grenade rpg43"" 1', '""smoke grenade"" 1', '""ru_backpack_meshok""']",0.75,1,0.8,n/a,3,2,2,4,2,3,1.75,1.75,1.75
./resource/gamelogic/set/breed/mp\rus_guard\elite_guards_shock_sl.set,rus_guard,elite_guards_shock_sl,250,vet_7,lvl5,100,100,0.9,"['""svt40"" filled', '""ammo svt40_mag"" 20', '""ammo mosin_clip"" 60', '""bandage"" 3', '""grenade f1"" 2', '""grenade molotov_coctail"" 0 1', '""grenade smoke"" 2', '""ru_backpack_meshok""']",0.75,1,0.8,n/a,4,3,3,4,3,4,1.75,1.75,1.75
./resource/gamelogic/set/breed/mp\rus_guard\elite_guards_shock_sl_smg.set,rus_guard,elite_guards_shock_sl_smg,250,vet_7,lvl5,100,100,0.9,"['""pps43"" filled', '""ammo pps43_mag"" 210', '""bandage"" 3', '""grenade f1"" 2', '""grenade molotov_coctail"" 0 1', '""grenade smoke"" 2', '""ru_backpack_meshok""']",0.75,1,0.8,n/a,3,4,2,2,2,3,1.75,1.75,1.75
./resource/gamelogic/set/breed/mp\rus_guard\elite_guards_shock_smg.set,rus_guard,elite_guards_shock_smg,250,vet_7,lvl5,100,100,0.9,"['""ppsh41"" filled', '""ammo ppsh41_mag"" 210', '""bandage"" 3', '""grenade f1"" 2', '""grenade molotov_coctail"" 0 1', '""grenade rpg43"" 1', '""smoke grenade"" 1', '""ru_backpack_meshok""']",0.75,1,0.8,n/a,3,4,2,2,2,3,1.75,1.75,1.75
./resource/gamelogic/set/breed/mp\rus_guard\elite_guards_shock_smg2.set,rus_guard,elite_guards_shock_smg2,250,vet_7,lvl5,100,100,0.9,"['""ppsh"" filled', '""ammo ppsh_mag"" 213', '""bandage"" 3', '""grenade f1"" 2', '""grenade molotov_coctail"" 0 1', '""grenade rpg43"" 1', '""smoke grenade"" 1', '""ru_backpack_meshok""']",0.75,1,0.8,n/a,3,4,2,2,2,3,1.75,1.75,1.75
./resource/gamelogic/set/breed/mp\rus_guard\elite_guards_shock_smg3.set,rus_guard,elite_guards_shock_smg3,250,vet_7,lvl5,100,100,0.9,"['""pps43"" filled', '""ammo pps43_mag"" 210', '""bandage"" 3', '""grenade f1"" 2', '""grenade molotov_coctail"" 0 1', '""grenade rpg43"" 1', '""smoke grenade"" 1', '""ru_backpack_meshok""']",0.75,1,0.8,n/a,3,4,2,2,2,3,1.75,1.75,1.75
./resource/gamelogic/set/breed/mp\rus_guard\elite_guard_mg.set,rus_guard,elite_guard_mg,200,vet_6,lvl5,100,100,0.9,"['""dt"" filling ""ammo dt29_mag"" 60', '""ammo dt29_mag"" 240', '""bandage"" 5', '""sandbag_kit"" 1']",0.85,1,0.9,n/a,2,1,3,3,1,3,1.50,1.50,1.50
./resource/gamelogic/set/breed/mp\rus_guard\elite_guard_mg_asst.set,rus_guard,elite_guard_mg_asst,200,vet_6,lvl5,100,100,0.9,"['""mosin_vet"" filled', '""ammo mosin_clip"" 60', '""ammo dt29_mag"" 240', '""bandage"" 5', '""grenade f1"" 2']",0.85,1,0.9,n/a,2,1,3,3,1,3,1.50,1.50,1.50
./resource/gamelogic/set/breed/mp\rus_guard\elite_guard_rifle.set,rus_guard,elite_guard_rifle,200,vet_6,lvl5,100,100,0.9,"['""mosin_vet"" filled', '""ammo mosin_clip"" 60', '""ammo dt29_mag"" 60', '""bandage"" 5', '""grenade f1"" 2', '""grenade molotov_coctail"" 0 1', '""grenade rpg43"" 0.25 1']",0.85,1,0.9,n/a,2,1,1,3,1,3,1.50,1.50,1.50
./resource/gamelogic/set/breed/mp\rus_guard\elite_guard_sa.set,rus_guard,elite_guard_sa,200,vet_6,lvl5,100,100,0.9,"['""svt40"" filled', '""ammo svt40_mag"" 20', '""ammo mosin_clip"" 60', '""ammo dt29_mag"" 60', '""bandage"" 5', '""grenade f1"" 2', '""grenade molotov_coctail"" 0 1', '""grenade rpg43"" 0.25 1']",0.85,1,0.9,n/a,2,1,1,3,1,3,1.50,1.50,1.50
./resource/gamelogic/set/breed/mp\rus_guard\elite_guard_sl.set,rus_guard,elite_guard_sl,250,vet_6,lvl5,100,100,0.9,"['""ppsh41"" filled', '""ammo ppsh41_mag"" 210', '""bandage"" 5', '""grenade f1"" 2', '""grenade molotov_coctail"" 0 1', '""grenade smoke"" 2', '""grenade rpg43"" 0.25 1']",0.85,1,0.9,n/a,2,3,2,3,2,3,1.50,1.50,1.50
./resource/gamelogic/set/breed/mp\rus_guard\elite_guard_smg.set,rus_guard,elite_guard_smg,200,vet_6,lvl5,100,100,0.9,"['""ppsh41"" filled', '""ammo ppsh41_mag"" 210', '""bandage"" 5', '""grenade f1"" 2', '""grenade molotov_coctail"" 0 1', '""grenade rpg43"" 1', '""smoke grenade"" 1']",0.85,1,0.9,n/a,2,3,1,1,1,3,1.50,1.50,1.50
./resource/gamelogic/set/breed/mp\rus_guard\elite_guard_smg2.set,rus_guard,elite_guard_smg2,200,vet_6,lvl5,100,100,0.9,"['""pps43"" filled', '""ammo pps43_mag"" 210', '""bandage"" 5', '""grenade f1"" 2', '""grenade molotov_coctail"" 0 1', '""grenade rpg43"" 1', '""smoke grenade"" 1']",0.85,1,0.9,n/a,2,3,1,1,1,3,1.50,1.50,1.50
./resource/gamelogic/set/breed/mp\rus_guard\elite_tankman.set,rus_guard,elite_tankman,400,tankman,tankcrew,100,100,1,"['""ppsh41"" filling ""ammo ppsh41_mag"" 35', '""ammo ppsh41_mag"" 210', '""bandage"" 5', '""grenade f1"" 2', '""grenade rpg43"" 1']",1.15,1.15,1.05,8,3,3,5,3,3,3,0.25,1.2,0.25
./resource/gamelogic/set/breed/mp\rus_guard\elite_tankman2.set,rus_guard,elite_tankman2,400,tankman2,tankcrew,100,100,1,"['""pps43"" filling ""ammo pps43_mag"" 35', '""ammo pps43_mag"" 210', '""bandage"" 5', '""grenade f1"" 2', '""grenade rpg43"" 1']",1.2,1.2,1.1,10,4,5,7,3,3,4,0.5,2.20,0.5
./resource/gamelogic/set/breed/mp\rus_guard\guards_shock_flame.set,rus_guard,guards_shock_flame,250,vet_6,1_lvl3,100,100,0.9,"['""flame_thrower""', '""balloon"" filled']",0.75,1,0.8,n/a,3,4,2,2,2,3,1.50,1.50,1.50
./resource/gamelogic/set/breed/mp\rus_guard\guards_shock_mg.set,rus_guard,guards_shock_mg,250,vet_6,1_lvl3,100,100,0.9,"['""dp"" filling ""ammo dp27_mag"" 47', '""ammo dp27_mag"" 235', '""bandage"" 3', '""grenade f1"" 2', '""ru_backpack_meshok""']",0.75,1,0.8,n/a,3,2,4,2,2,3,1.50,1.50,1.50
./resource/gamelogic/set/breed/mp\rus_guard\guards_shock_mg_asst.set,rus_guard,guards_shock_mg_asst,250,vet_6,1_lvl3,100,100,0.9,"['""mosin_vet"" filled', '""ammo mosin_clip"" 60', '""ammo dp27_mag"" 141', '""bandage"" 3', '""grenade f1"" 2', '""ru_backpack_meshok""']",0.75,1,0.8,n/a,3,2,4,4,2,3,1.50,1.50,1.50
./resource/gamelogic/set/breed/mp\rus_guard\guards_shock_rifle.set,rus_guard,guards_shock_rifle,250,vet_6,1_lvl3,100,100,0.9,"['""mosin_vet"" filled', '""ammo mosin_clip"" 60', '""ammo dp27_mag"" 47', '""bandage"" 3', '""grenade f1"" 2', '""grenade molotov_coctail"" 0 1', '""grenade rpg40"" 1', '""smoke grenade"" 1', '""ru_backpack_meshok""']",0.75,1,0.8,n/a,3,2,2,4,2,3,1.50,1.50,1.50
./resource/gamelogic/set/breed/mp\rus_guard\guards_shock_sa.set,rus_guard,guards_shock_sa,250,vet_6,1_lvl3,100,100,0.9,"['""svt40"" filled', '""ammo svt40_mag"" 20', '""ammo mosin_clip"" 60', '""ammo dp27_mag"" 47', '""bandage"" 3', '""grenade f1"" 2', '""grenade molotov_coctail"" 0 1', '""grenade rpg40"" 1', '""smoke grenade"" 1', '""ru_backpack_meshok""']",0.75,1,0.8,n/a,3,2,2,4,2,3,1.50,1.50,1.50
./resource/gamelogic/set/breed/mp\rus_guard\guards_shock_sl.set,rus_guard,guards_shock_sl,250,vet_6,1_lvl3,100,100,0.9,"['""svt40"" filled', '""ammo svt40_mag"" 20', '""ammo mosin_clip"" 60', '""bandage"" 3', '""grenade f1"" 2', '""grenade molotov_coctail"" 0 1', '""grenade smoke"" 2', '""ru_backpack_meshok""']",0.75,1,0.8,n/a,4,3,3,4,3,4,1.50,1.50,1.50
./resource/gamelogic/set/breed/mp\rus_guard\guards_shock_sl_smg.set,rus_guard,guards_shock_sl_smg,250,vet_6,1_lvl3,100,100,0.9,"['""pps43"" filled', '""ammo pps43_mag"" 210', '""bandage"" 3', '""grenade f1"" 2', '""grenade molotov_coctail"" 0 1', '""grenade smoke"" 2', '""ru_backpack_meshok""']",0.75,1,0.8,n/a,3,4,2,2,2,3,1.50,1.50,1.50
./resource/gamelogic/set/breed/mp\rus_guard\guards_shock_smg.set,rus_guard,guards_shock_smg,250,vet_6,1_lvl3,100,100,0.9,"['""ppsh41"" filled', '""ammo ppsh41_mag"" 210', '""bandage"" 3', '""grenade f1"" 2', '""grenade molotov_coctail"" 0 1', '""grenade rpg40"" 1', '""smoke grenade"" 1', '""ru_backpack_meshok""']",0.75,1,0.8,n/a,3,4,2,2,2,3,1.50,1.50,1.50
./resource/gamelogic/set/breed/mp\rus_guard\guards_shock_smg2.set,rus_guard,guards_shock_smg2,250,vet_6,1_lvl3,100,100,0.9,"['""ppsh"" filled', '""ammo ppsh_mag"" 213', '""bandage"" 3', '""grenade f1"" 2', '""grenade molotov_coctail"" 0 1', '""grenade rpg40"" 1', '""smoke grenade"" 1', '""ru_backpack_meshok""']",0.75,1,0.8,n/a,3,4,2,2,2,3,1.50,1.50,1.50
./resource/gamelogic/set/breed/mp\rus_guard\guards_shock_smg3.set,rus_guard,guards_shock_smg3,250,vet_6,1_lvl3,100,100,0.9,"['""pps43"" filled', '""ammo pps43_mag"" 210', '""bandage"" 3', '""grenade f1"" 2', '""grenade molotov_coctail"" 0 1', '""grenade rpg40"" 1', '""smoke grenade"" 1', '""ru_backpack_meshok""']",0.75,1,0.8,n/a,3,4,2,2,2,3,1.50,1.50,1.50
./resource/gamelogic/set/breed/mp\rus_guard\guard_mg.set,rus_guard,guard_mg,200,vet_5,1_lvl3,100,100,0.9,"['""dp"" filling ""ammo dp27_mag"" 47', '""ammo dp27_mag"" 235', '""bandage"" 5', '""sandbag_kit"" 1']",0.85,1,0.9,n/a,2,1,3,3,1,3,1.25,1.25,1.25
./resource/gamelogic/set/breed/mp\rus_guard\guard_mg_asst.set,rus_guard,guard_mg_asst,200,vet_5,1_lvl3,100,100,0.9,"['""mosin_vet"" filled', '""ammo mosin_clip"" 60', '""ammo dp27_mag"" 141', '""bandage"" 5', '""grenade f1"" 2']",0.85,1,0.9,n/a,2,1,3,3,1,3,1.25,1.25,1.25
./resource/gamelogic/set/breed/mp\rus_guard\guard_rifle.set,rus_guard,guard_rifle,200,vet_5,1_lvl3,100,100,0.9,"['""mosin_vet"" filled', '""ammo mosin_clip"" 60', '""ammo dp27_mag"" 47', '""bandage"" 5', '""grenade f1"" 2', '""grenade molotov_coctail"" 0 1', '""grenade rpg43"" 0 1', '""grenade rpg40"" 0 1']",0.85,1,0.9,n/a,2,1,1,3,1,3,1.25,1.25,1.25
./resource/gamelogic/set/breed/mp\rus_guard\guard_sa.set,rus_guard,guard_sa,200,vet_5,1_lvl3,100,100,0.9,"['""svt40"" filled', '""ammo svt40_mag"" 20', '""ammo mosin_clip"" 60', '""ammo dp27_mag"" 47', '""bandage"" 5', '""grenade f1"" 2', '""grenade molotov_coctail"" 0 1', '""grenade rpg43"" 0 1', '""grenade rpg40"" 0 1']",0.85,1,0.9,n/a,2,1,1,3,1,3,1.25,1.25,1.25
./resource/gamelogic/set/breed/mp\rus_guard\guard_sl.set,rus_guard,guard_sl,250,vet_5,1_lvl3,100,100,0.9,"['""ppsh41"" filled', '""ammo ppsh41_mag"" 210', '""bandage"" 5', '""grenade f1"" 2', '""grenade molotov_coctail"" 0 1', '""grenade smoke"" 2', '""grenade rpg43"" 0 1', '""grenade rpg40"" 0 1']",0.85,1,0.9,n/a,2,3,2,3,2,3,1.25,1.25,1.25
./resource/gamelogic/set/breed/mp\rus_guard\guard_smg.set,rus_guard,guard_smg,200,vet_5,1_lvl3,100,100,0.9,"['""ppsh41"" filled', '""ammo ppsh41_mag"" 210', '""bandage"" 5', '""grenade f1"" 2', '""grenade molotov_coctail"" 0 1', '""grenade rpg43"" 0 1', '""grenade rpg40"" 0 1', '""smoke grenade"" 1']",0.85,1,0.9,n/a,2,3,1,1,1,3,1.25,1.25,1.25
./resource/gamelogic/set/breed/mp\rus_guard\guard_smg2.set,rus_guard,guard_smg2,200,vet_5,1_lvl3,100,100,0.9,"['""pps43"" filled', '""ammo pps43_mag"" 210', '""bandage"" 5', '""grenade f1"" 2', '""grenade molotov_coctail"" 0 1', '""grenade rpg43"" 0 1', '""grenade rpg40"" 0 1', '""smoke grenade"" 1']",0.85,1,0.9,n/a,2,3,1,1,1,3,1.25,1.25,1.25
./resource/gamelogic/set/breed/mp\rus_guard\oficer.set,rus_guard,oficer,250,oficer,1_lvl3,100,100,1.0,"['""tt"" filled', '""ammo tt_mag"" 32', '""knife_rus""', '""binocular""']",0.85,1,0.9,n/a,3,3,3,3,3,3,-10.0,20.00,10.0
./resource/gamelogic/set/breed/mp\rus_guard\recon_rifle.set,rus_guard,recon_rifle,150,vet_3,1,100,100,0.9,"['""mosin"" filled', '""ammo mosin_clip"" 60', '""bandage"" 5', '""grenade f1"" 1', '""grenade molotov_coctail"" 0 1']",0.85,1,0.9,n/a,2,1,1,3,1,3,0.75,0.75,0.75
./resource/gamelogic/set/breed/mp\rus_guard\recon_sl.set,rus_guard,recon_sl,150,vet_3,1,100,100,0.9,"['""pps43"" filled', '""ammo pps43_mag"" 105', '""bandage"" 5', '""grenade f1"" 1', '""grenade molotov_coctail"" 0 1']",0.85,1,0.9,n/a,3,4,2,2,2,4,0.75,0.75,0.75
./resource/gamelogic/set/breed/mp\rus_guard\recon_smg.set,rus_guard,recon_smg,150,vet_3,1,100,100,0.9,"['""ppsh"" filled', '""ammo ppsh_mag"" 142', '""bandage"" 5', '""grenade f1"" 1', '""grenade molotov_coctail"" 0 1']",0.85,1,0.9,n/a,2,3,1,1,1,3,0.75,0.75,0.75
./resource/gamelogic/set/breed/mp\rus_guard\recon_smg2.set,rus_guard,recon_smg2,150,vet_3,1,100,100,0.9,"['""pps43"" filled', '""ammo pps43_mag"" 105', '""bandage"" 5', '""grenade f1"" 1', '""grenade molotov_coctail"" 0 1']",0.85,1,0.9,n/a,2,3,1,1,1,3,0.75,0.75,0.75
./resource/gamelogic/set/breed/mp\rus_guard\sapper_rifle1.set,rus_guard,sapper_rifle1,150,vet_3,1_lvl3,100,100,0.9,"['""mosin"" filled', '""ammo mosin_clip"" 60', '""bandage"" 3', '""grenade f1"" 2', '""mine antitank"" 6', '""sandbag_kit"" 1']",0.85,1,0.9,n/a,2,1,1,3,2,2,0.75,0.75,0.75
./resource/gamelogic/set/breed/mp\rus_guard\sapper_rifle2.set,rus_guard,sapper_rifle2,150,vet_3,1_lvl3,100,100,0.9,"['""mosin"" filled', '""ammo mosin_clip"" 60', '""bandage"" 3', '""grenade f1"" 2', '""mine antipersonnel"" 18', '""trench_spade"" 1', '""mine antipersonnel"" 4', '""sandbag_kit"" 1']",0.85,1,0.9,n/a,2,1,1,3,2,2,0.75,0.75,0.75
./resource/gamelogic/set/breed/mp\rus_guard\sapper_rifle3.set,rus_guard,sapper_rifle3,150,vet_3,1_lvl3,100,100,0.9,"['""mosin"" filled', '""ammo mosin_clip"" 60', '""bandage"" 3', '""grenade f1"" 2', '""mine_detector""', '""hedgehog_kit""', '""trench_spade"" 1', '""sandbag_kit"" 1']",0.85,1,0.9,n/a,2,1,1,3,2,2,0.75,0.75,0.75
./resource/gamelogic/set/breed/mp\rus_guard\sapper_rifle4.set,rus_guard,sapper_rifle4,150,vet_3,1_lvl3,100,100,0.9,"['""mosin"" filled', '""ammo mosin_clip"" 60', '""bandage"" 3', '""grenade f1"" 2', '""trench_spade"" 2', '""sandbag_kit"" 3']",0.85,1,0.9,n/a,2,1,1,3,2,2,0.75,0.75,0.75
./resource/gamelogic/set/breed/mp\rus_guard\sapper_rifle5.set,rus_guard,sapper_rifle5,150,vet_5,1_lvl3,100,100,0.9,"['""mosin"" filled', '""ammo mosin_clip"" 60', '""grenade satchel"" 3', '""mine antitank"" 4', '""bandage"" 3', '""grenade f1"" 2', '""mine antitank"" 1']",0.85,1,0.9,n/a,2,1,1,3,2,2,1.25,1.25,1.25
./resource/gamelogic/set/breed/mp\rus_guard\sapper_sl.set,rus_guard,sapper_sl,150,vet_3,1_lvl3,100,100,0.9,"['""pps43"" filled', '""ammo pps43_mag"" 210', '""bandage"" 3', '""grenade f1"" 2', '""grenade smoke"" 2', '""sandbag_kit"" 2']",0.85,1,0.9,n/a,2,4,2,2,2,3,0.75,0.75,0.75
./resource/gamelogic/set/breed/mp\rus_guard\sapper_smg.set,rus_guard,sapper_smg,150,vet_3,1_lvl3,100,100,0.9,"['""pps43"" filled', '""ammo pps43_mag"" 210', '""bandage"" 3', '""grenade f1"" 2', '""mine antipersonnel"" 16', '""grenade satchel"" 1', '""mine antipersonnel"" 4', '""grenade satchel"" 1']",0.85,1,0.9,n/a,2,3,1,1,2,2,0.75,0.75,0.75
./resource/gamelogic/set/breed/mp\rus_guard\sapper_smg2.set,rus_guard,sapper_smg2,150,vet_3,1_lvl3,100,100,0.9,"['""ppsh"" filled', '""ammo ppsh_mag"" 142', '""grenade satchel"" 3', '""mine antitank"" 4', '""bandage"" 3', '""grenade f1"" 2', '""mine antitank"" 1']",0.85,1,0.9,n/a,2,3,1,1,2,2,0.75,0.75,0.75
./resource/gamelogic/set/breed/mp\rus_guard\sniper.set,rus_guard,sniper,350,sniper,1_lvl3,100,100,1.0,"['""mosin_s_vet"" filled', '""ammo mosin_clip"" 120', '""bandage"" 5', '""smoke_paradrop_ammo grenade"" 1', '""plant"" 3', '""knife_rus""']",0.75,1,0.8,n/a,2,2,1,4,1,2,5.0,8.00,2.0
./resource/gamelogic/set/breed/mp\rus_guard\sniper2.set,rus_guard,sniper2,350,sniper,lvl5,100,100,1.0,"['""mosin_s_elite"" filling ""ammo mosin_clip fg"" 5', '""ammo mosin_clip fg"" 120', '""bandage"" 5', '""smoke_paradrop_ammo grenade"" 1', '""plant"" 3', '""knife_rus""', '""jelet_mac_gop_dark""']",0.85,1,0.9,n/a,2,2,2,4,2,4,5.0,8.00,2.0
./resource/gamelogic/set/breed/mp\rus_guard\sniper3.set,rus_guard,sniper3,350,sniper,1_lvl3,100,100,1.0,"['""svt40_s_vet"" filled', '""ammo svt40_mag"" 20', '""ammo mosin_clip"" 100', '""bandage"" 5', '""smoke_paradrop_ammo grenade"" 1', '""plant"" 3', '""knife_rus""']",0.75,1,0.8,n/a,2,2,1,4,1,2,5.0,8.00,2.0
./resource/gamelogic/set/breed/mp\rus_guard\tankman.set,rus_guard,tankman,150,tankman,1,100,100,0.9,"['""nagan"" filled', '""ammo nagant_clip"" 28', '""bandage"" 3']",1,1,1,3,5,5,3,2,2,5,0.25,1.2,0.25
./resource/gamelogic/set/breed/mp\rus_guard\tankman2.set,rus_guard,tankman2,150,tankman2,1,100,100,0.9,"['""pps43"" filling ""ammo pps43_mag"" 35', '""ammo pps43_mag"" 210', '""bandage"" 3', '""grenade f1"" 1']",1.1,1,1,5,5,5,5,5,4,5,0.5,2.20,0.5
./resource/gamelogic/set/breed/mp\rus_guard\vehicle_supporter.set,rus_guard,vehicle_supporter,150,vehicle_supporter,tankcrew_lvl3,100,100,0.9,"['""mosin"" filled', '""ammo mosin_clip"" 60', '""bandage"" 3', '""grenade f1"" 1']",0.85,1.0,1.0,4,2,2,3,2,2,3,0.50,2.00,0.25
./resource/gamelogic/set/breed/mp\rus_guard\vet_tankman.set,rus_guard,vet_tankman,200,tankman,tankcrew,100,100,0.9,"['""ppsh41"" filling ""ammo ppsh41_mag"" 35', '""ammo ppsh41_mag"" 210', '""bandage"" 5', '""grenade f1"" 2']",1.0,1.0,0.9,5,5,5,5,5,5,5,0.25,1.2,0.25
./resource/gamelogic/set/breed/mp\rus_guard\vet_tankman2.set,rus_guard,vet_tankman2,200,tankman2,tankcrew,100,100,0.9,"['""pps43"" filling ""ammo pps43_mag"" 35', '""ammo pps43_mag"" 210', '""bandage"" 5', '""grenade f1"" 2']",1.1,1.0,0.95,7,6,6,6,6,6,6,0.5,2.20,0.5
./resource/gamelogic/set/breed/mp\usa\ammo_bearer_57mm.set,usa,ammo_bearer_57mm,150,n/a,1,100,100,0.9,"['""garand"" filled', '""ammo garand_clip"" 80', '""bandage"" 3', '""ammo_box_small_us_57mm"" 1']",0.75,1,0.8,n/a,2,2,2,3,1,3,n/a,n/a,n/a
./resource/gamelogic/set/breed/mp\usa\ammo_bearer_76mm.set,usa,ammo_bearer_76mm,150,n/a,1,100,100,0.9,"['""garand"" filled', '""ammo garand_clip"" 80', '""ammo_box_small_us_76mm"" 1', '""bandage"" 3']",0.75,1,0.8,n/a,2,2,2,3,1,3,n/a,n/a,n/a
./resource/gamelogic/set/breed/mp\usa\ap_miner.set,usa,ap_miner,150,ap_miner,n/a,100,100,0.9,"['""m3a"" filled', '""ammo m3a_mag"" 192', '""mine antipersonnel"" 32', '""barbwire_kit""', '""bandage"" 5']",0.75,1,0.8,n/a,2,3,2,2,1,3,1.0,1.00,1.0
./resource/gamelogic/set/breed/mp\usa\armor_bazooker.set,usa,armor_bazooker,150,bazooker,1,100,100,0.9,"['""weapon bazooka"" filled', '""garand"" filled', '""ammo garand_clip"" 80', '""bandage"" 3', '""ammo bazooka"" 7', '""ammo bazooka wp"" 1 1']",0.75,1,0.8,n/a,2,2,2,3,4,3,1.0,1.50,1.0
./resource/gamelogic/set/breed/mp\usa\armor_mgun.set,usa,armor_mgun,150,vet_3,1,100,100,0.9,"['""bar_rifle"" filled', '""ammo bar_mag"" 240', '""bandage"" 3', '""sandbag_kit"" 1']",0.75,1,0.8,n/a,2,2,3,3,1,3,0.75,0.75,0.75
./resource/gamelogic/set/breed/mp\usa\armor_rifle.set,usa,armor_rifle,150,vet_3,1,100,100,0.9,"['""garand"" filled', '""ammo garand_clip"" 80', '""bandage"" 3', '""grenade m61"" 1', '""m15_smoke grenade"" 0.5 0.5', '""sandbag_kit"" 1']",0.75,1,0.8,n/a,2,2,2,3,1,3,0.75,0.75,0.75
./resource/gamelogic/set/breed/mp\usa\armor_rifle_grenadier.set,usa,armor_rifle_grenadier,150,vet_3,1,100,100,0.9,"['""garand"" filled', '""ammo garand_clip"" 80', '""bandage"" 3', '""sandbag_kit"" 1', '""garand_grenade"" filling ""ammo m1garand_grenade fg"" 1', '""m1garand_grenade fg"" 5 1', '""m1garand_grenade ap"" 1 1', '""m1garand_grenade wp"" 0.2 1']",0.75,1,0.8,n/a,2,2,2,3,1,3,0.75,0.75,0.75
./resource/gamelogic/set/breed/mp\usa\armor_squadleader.set,usa,armor_squadleader,200,vet_4,1,100,100,0.9,"['""garand"" filled', '""ammo garand_clip"" 80', '""bandage"" 3', '""grenade m61"" 2', '""smoke grenade"" 1.5 0.5', '""m15_smoke grenade"" 0.5 0.5']",0.85,1,0.9,n/a,3,3,3,4,2,4,1.0,1.00,1.00
./resource/gamelogic/set/breed/mp\usa\at_miner.set,usa,at_miner,150,at_miner,n/a,100,100,0.9,"['""m3a"" filled', '""ammo m3a_mag"" 192', '""mine antitank"" 8', '""hedgehog_kit""', '""bandage"" 5']",0.75,1,0.8,n/a,2,3,2,2,1,3,1.0,1.00,1.0
./resource/gamelogic/set/breed/mp\usa\a_ar.set,usa,a_ar,150,vet_3,1,100,100,0.9,"['""bar_rifle"" filled', '""ammo bar_mag"" 240', '""bandage"" 3', '""sandbag_kit"" 1']",0.75,1,0.8,n/a,2,2,3,3,1,3,0.75,0.75,0.75
./resource/gamelogic/set/breed/mp\usa\a_at.set,usa,a_at,150,bazooker,1,100,100,0.9,"['""weapon bazooka"" filled', '""garand"" filled', '""ammo garand_clip"" 80', '""bandage"" 3', '""ammo bazooka"" 7', '""ammo bazooka wp"" 1 1']",0.75,1,0.8,n/a,2,2,2,3,4,3,1.0,1.50,1.0
./resource/gamelogic/set/breed/mp\usa\a_r.set,usa,a_r,150,vet_3,1,100,100,0.9,"['""garand"" filled', '""ammo garand_clip"" 80', '""bandage"" 3', '""grenade m61"" 1', '""m15_smoke grenade"" 0.5 0.5', '""sandbag_kit"" 1']",0.75,1,0.8,n/a,2,2,2,3,1,3,0.75,0.75,0.75
./resource/gamelogic/set/breed/mp\usa\a_r_g.set,usa,a_r_g,150,vet_3,1,100,100,0.9,"['""garand"" filled', '""ammo garand_clip"" 80', '""bandage"" 3', '""sandbag_kit"" 1', '""garand_grenade"" filling ""ammo m1garand_grenade fg"" 1', '""m1garand_grenade fg"" 5 1', '""m1garand_grenade ap"" 1 1', '""m1garand_grenade wp"" 0.2 1']",0.75,1,0.8,n/a,2,2,2,3,1,3,0.75,0.75,0.75
./resource/gamelogic/set/breed/mp\usa\a_sl.set,usa,a_sl,200,vet_4,1,100,100,0.9,"['""garand"" filled', '""ammo garand_clip"" 80', '""bandage"" 3', '""grenade m61"" 2', '""smoke grenade"" 1.5 0.5', '""m15_smoke grenade"" 0.5 0.5']",0.85,1,0.9,n/a,3,3,3,4,2,4,1.0,1.00,1.00
./resource/gamelogic/set/breed/mp\usa\bazooker.set,usa,bazooker,150,bazooker,1,100,100,0.9,"['""weapon bazooka"" filled', '""garand"" filled', '""ammo garand_clip"" 80', '""bandage"" 3', '""ammo bazooka"" 7', '""ammo bazooka wp"" 1 1']",0.75,1,0.8,n/a,2,2,2,3,4,3,1.0,1.50,1.0
./resource/gamelogic/set/breed/mp\usa\bazooker2.set,usa,bazooker2,150,bazooker,1,100,100,0.9,"['""garand"" filled', '""ammo garand_clip"" 80', '""bandage"" 3', '""grenade m61"" 2', '""smoke grenade"" 1', '""ammo bazooka"" 3', '""ammo bazooka wp"" 1 1']",0.75,1,0.8,n/a,2,2,2,3,4,3,1.0,1.50,1.0
./resource/gamelogic/set/breed/mp\usa\devil_brigade_demo.set,usa,devil_brigade_demo,350,vet_6,elite,100,100,0.9,"['""garand"" filled', '""ammo garand_clip"" 80', '""colt"" filled', '""ammo colt_mag"" 14', '""bandage"" 5', '""grenade m61"" 2', '""smoke grenade""', '""grenade satchel"" 3']",0.95,1,1,n/a,6,6,6,6,6,6,1.50,1.50,1.50
./resource/gamelogic/set/breed/mp\usa\devil_brigade_grenadier.set,usa,devil_brigade_grenadier,350,vet_6,elite,100,100,0.9,"['""garand"" filled', '""ammo garand_clip"" 80', '""colt"" filled', '""ammo colt_mag"" 14', '""bandage"" 5', '""garand_grenade"" filling ""ammo m1garand_grenade fg"" 1', '""m1garand_grenade fg"" 5 1', '""m1garand_grenade ap"" 1 1', '""m1garand_grenade wp"" 0.2 1']",0.95,1,1,n/a,6,6,6,6,6,6,1.50,1.50,1.50
./resource/gamelogic/set/breed/mp\usa\devil_brigade_mg.set,usa,devil_brigade_mg,350,vet_6,elite,100,100,0.9,"['""johnson_m1941_rifle"" filled', '""ammo m1941lmg_mag"" 240', '""colt"" filled', '""ammo colt_mag"" 14', '""bandage"" 5', '""grenade m61"" 2', '""dynamite"" 1']",0.95,1,1,n/a,6,6,6,6,6,6,1.50,1.50,1.50
./resource/gamelogic/set/breed/mp\usa\devil_brigade_radio.set,usa,devil_brigade_radio,350,vet_6,elite,100,100,0.9,"['""garand"" filled', '""ammo garand_clip"" 80', '""colt"" filled', '""ammo colt_mag"" 14', '""bandage"" 5', '""grenade m61"" 2', '""smoke grenade""', '""mortar_60_flaregun"" filled', '""ammo mortar_60_flare"" 5']",0.95,1,1,n/a,6,6,6,6,6,6,1.50,1.50,1.50
./resource/gamelogic/set/breed/mp\usa\devil_brigade_rifle.set,usa,devil_brigade_rifle,350,vet_6,elite,100,100,0.9,"['""garand"" filled', '""ammo garand_clip"" 80', '""colt"" filled', '""ammo colt_mag"" 14', '""bandage"" 5', '""grenade m61"" 2', '""smoke grenade""', '""m15_smoke grenade"" 0.5 0.5']",0.95,1,1,n/a,6,6,6,6,6,6,1.50,1.50,1.50
./resource/gamelogic/set/breed/mp\usa\devil_brigade_sl.set,usa,devil_brigade_sl,350,vet_6,elite,100,100,0.9,"['""thompson"" filled', '""ammo thompson_m1a1_mag"" 150', '""colt"" filled', '""ammo colt_mag"" 14', '""bandage"" 5', '""grenade m61"" 2', '""smoke grenade"" 1.5 0.5', '""m15_smoke grenade"" 0.5 0.5']",0.95,1,1,n/a,6,6,6,6,6,6,1.50,1.50,1.50
./resource/gamelogic/set/breed/mp\usa\elite.set,usa,elite,250,vet_4,1,100,100,0.9,"['""m1a1_carbine"" filled', '""ammo m1carbine_mag"" 90', '""bandage"" 5', '""grenade m61"" 2', '""grenade n73at"" 1', '""grenade satchel"" 1', '""smoke grenade"" 1.5 0.5', '""m15_smoke grenade"" 0.5 0.5']",0.85,1,0.9,4,4,4,4,5,4,4,1.0,1.00,1.00
./resource/gamelogic/set/breed/mp\usa\elite2.set,usa,elite2,250,vet_4,1,100,100,0.9,"['""thompson"" filled', '""ammo thompson_m1a1_mag"" 150', '""bandage"" 5', '""grenade m61"" 2', '""grenade n73at"" 1', '""smoke grenade"" 1.5 0.5', '""m15_smoke grenade"" 0.5 0.5', '""grenade satchel"" 1']",0.85,1,0.9,n/a,4,5,4,4,4,4,1.0,1.00,1.00
./resource/gamelogic/set/breed/mp\usa\elite3.set,usa,elite3,250,vet_4,1,100,100,0.9,"['""bar_rifle"" filled', '""ammo bar_mag"" 240', '""bandage"" 5', '""grenade m61"" 2', '""grenade n73at"" 1', '""sandbag_kit"" 1']",0.85,1,0.9,n/a,4,4,5,5,4,4,1.0,1.00,1.00
./resource/gamelogic/set/breed/mp\usa\elite3b.set,usa,elite3b,250,vet_5,1,100,100,0.9,"['""browning_m19a6"" filled', '""ammo springfield_belt"" 250', '""m1a1_carbine"" filled', '""ammo m1carbine_mag"" 90', '""bandage"" 5', '""grenade m61"" 2', '""grenade n73at"" 1', '""sandbag_kit"" 1']",0.85,1,0.9,n/a,4,4,5,5,4,4,1.25,1.25,1.25
./resource/gamelogic/set/breed/mp\usa\elite3b_asst.set,usa,elite3b_asst,250,vet_5,1,100,100,0.9,"['""m1a1_carbine"" filled', '""ammo m1carbine_mag"" 90', '""ammo springfield_belt"" 600', '""bandage"" 5', '""grenade m61"" 2', '""sandbag_kit"" 1']",0.85,1,0.9,n/a,4,4,5,5,4,4,1.25,1.25,1.25
./resource/gamelogic/set/breed/mp\usa\elite3_asst.set,usa,elite3_asst,250,vet_5,1,100,100,0.9,"['""garand"" filled', '""ammo garand_clip"" 80', '""ammo bar_mag"" 240', '""bandage"" 5', '""grenade m61"" 2', '""sandbag_kit"" 1']",0.85,1,0.9,n/a,4,4,5,5,4,4,1.25,1.25,1.25
./resource/gamelogic/set/breed/mp\usa\elite4.set,usa,elite4,200,vet_2,1,100,100,0.9,"['""thompson"" filled', '""ammo thompson_m1a1_mag"" 150', '""bandage"" 5', '""grenade m61"" 2', '""grenade n73at"" 1', '""smoke grenade"" 2']",0.85,1,0.9,n/a,3,4,3,3,3,3,0.50,0.50,0.50
./resource/gamelogic/set/breed/mp\usa\elite4_sgt.set,usa,elite4_sgt,250,vet_5,1,100,100,0.9,"['""thompson"" filled', '""ammo thompson_m1a1_mag"" 150', '""bandage"" 5', '""grenade m61"" 2', '""grenade n73at"" 1', '""smoke grenade"" 1.5 0.5', '""m15_smoke grenade"" 0.5 0.5']",0.85,1,0.9,n/a,3,5,3,3,3,3,1.25,1.25,1.25
./resource/gamelogic/set/breed/mp\usa\elite5.set,usa,elite5,200,vet_2,1,100,100,0.9,"['""garand"" filled', '""ammo garand_clip"" 80', '""bandage"" 5', '""grenade m61"" 2', '""grenade n73at"" 1', '""smoke grenade"" 2', '""dynamite""', '""sandbag_kit"" 1']",0.85,1,0.9,n/a,3,3,3,4,3,3,0.50,0.50,0.50
./resource/gamelogic/set/breed/mp\usa\elite5_grenadier.set,usa,elite5_grenadier,200,vet_4,1,100,100,0.9,"['""garand"" filled', '""ammo garand_clip"" 80', '""bandage"" 5', '""garand_grenade"" filling ""ammo m1garand_grenade fg"" 1', '""m1garand_grenade fg"" 5 1', '""m1garand_grenade ap"" 1 1', '""m1garand_grenade wp"" 0.2 1', '""sandbag_kit"" 1']",0.85,1,0.9,n/a,3,3,3,4,3,3,1.0,1.00,1.00
./resource/gamelogic/set/breed/mp\usa\elite6.set,usa,elite6,200,vet_2,1,100,100,0.9,"['""bar_rifle"" filled', '""ammo bar_mag"" 240', '""bandage"" 5', '""grenade m61"" 2', '""sandbag_kit"" 1']",0.85,1,0.9,n/a,3,3,4,4,3,3,0.50,0.50,0.50
./resource/gamelogic/set/breed/mp\usa\elite6_asst.set,usa,elite6_asst,200,vet_4,1,100,100,0.9,"['""garand"" filled', '""ammo garand_clip"" 80', '""ammo bar_mag"" 240', '""bandage"" 5', '""grenade m61"" 2', '""sandbag_kit"" 1']",0.85,1,0.9,n/a,3,3,4,4,3,3,1.0,1.00,1.00
./resource/gamelogic/set/breed/mp\usa\eliteb.set,usa,eliteb,250,vet_5,1,100,100,0.9,"['""garand"" filled', '""ammo garand_clip"" 80', '""bandage"" 5', '""grenade m61"" 2', '""grenade n73at"" 1', '""grenade satchel"" 1', '""smoke grenade"" 1.5 0.5', '""m15_smoke grenade"" 0.5 0.5']",0.85,1,0.9,n/a,4,4,4,5,4,4,1.25,1.25,1.25
./resource/gamelogic/set/breed/mp\usa\elitec.set,usa,elitec,250,vet_5,1,100,100,0.9,"['""m1903a4"" filled', '""ammo springfield_clip"" 100', '""bandage"" 5', '""grenade m61"" 2', '""grenade n73at"" 1', '""smoke grenade"" 1.5 0.5', '""m15_smoke grenade"" 0.5 0.5']",0.85,1,0.9,n/a,4,4,4,5,4,4,1.25,1.25,1.25
./resource/gamelogic/set/breed/mp\usa\elite_101st_para.set,usa,elite_101st_para,400,vet_7,elite,100,100,0.9,"['""m1a1_carbine"" filled', '""ammo m1carbine_mag"" 90', '""bandage"" 5', '""grenade m61"" 2', '""grenade satchel"" 1', '""smoke grenade"" 2', '""m15_smoke grenade"" 0.5 0.5', '""knife_union""']",0.95,1,1,4,6,6,6,7,6,6,1.75,1.75,1.75
./resource/gamelogic/set/breed/mp\usa\elite_101st_para2.set,usa,elite_101st_para2,400,vet_7,elite,100,100,0.9,"['""thompson"" filled', '""ammo thompson_m1a1_mag"" 150', '""bandage"" 5', '""grenade m61"" 2', '""grenade n73at"" 1', '""smoke grenade"" 2', '""m15_smoke grenade"" 0.5 0.5', '""knife_union""', '""grenade satchel"" 1']",0.95,1,1,n/a,6,7,6,6,6,6,1.75,1.75,1.75
./resource/gamelogic/set/breed/mp\usa\elite_101st_para3.set,usa,elite_101st_para3,400,vet_7,elite,100,100,0.9,"['""bar_rifle"" filled', '""ammo bar_mag"" 240', '""bandage"" 5', '""grenade m61"" 2', '""sandbag_kit"" 1']",0.95,1,1,n/a,6,6,7,7,6,6,1.75,1.75,1.75
./resource/gamelogic/set/breed/mp\usa\elite_101st_para3b.set,usa,elite_101st_para3b,400,vet_7,elite,100,100,0.9,"['""browning_m19a6"" filled', '""ammo springfield_belt"" 250', '""m1a1_carbine"" filled', '""ammo m1carbine_mag"" 90', '""bandage"" 5', '""grenade m61"" 2', '""sandbag_kit"" 1']",0.95,1,1,n/a,6,6,7,6,6,6,1.75,1.75,1.75
./resource/gamelogic/set/breed/mp\usa\elite_101st_para3b_asst.set,usa,elite_101st_para3b_asst,400,vet_7,elite,100,100,0.9,"['""m1a1_carbine"" filled', '""ammo m1carbine_mag"" 90', '""ammo springfield_belt"" 600', '""bandage"" 5', '""grenade m61"" 2', '""sandbag_kit"" 1']",0.95,1,1,n/a,6,6,7,7,6,6,1.75,1.75,1.75
./resource/gamelogic/set/breed/mp\usa\elite_101st_para3_asst.set,usa,elite_101st_para3_asst,400,vet_7,elite,100,100,0.9,"['""garand"" filled', '""ammo garand_clip"" 80', '""ammo bar_mag"" 240', '""bandage"" 5', '""grenade m61"" 2', '""sandbag_kit"" 1']",0.95,1,1,n/a,6,6,7,7,6,6,1.75,1.75,1.75
./resource/gamelogic/set/breed/mp\usa\elite_101st_para4.set,usa,elite_101st_para4,400,vet_7,elite,100,100,0.9,"['""garand"" filled', '""ammo garand_clip"" 80', '""bandage"" 5', '""grenade m61"" 2', '""smoke grenade"" 1', '""weapon m18recoilless"" filled', '""ammo m18recoilless"" 8', '""ammo m18recoilless fg"" 3', '""ammo m18recoilless wp"" 1 1']",0.95,1,1,n/a,6,6,6,7,7,6,1.75,1.75,1.75
./resource/gamelogic/set/breed/mp\usa\elite_101st_parab.set,usa,elite_101st_parab,400,vet_7,elite,100,100,0.9,"['""garand"" filled', '""ammo garand_clip"" 80', '""bandage"" 5', '""grenade m61"" 2', '""smoke grenade"" 2', '""m15_smoke grenade"" 0.5 0.5', '""grenade satchel"" 1', '""knife_union""']",0.95,1,1,n/a,6,6,6,7,6,6,1.75,1.75,1.75
./resource/gamelogic/set/breed/mp\usa\elite_101st_para_grenadier.set,usa,elite_101st_para_grenadier,400,vet_7,elite,100,100,0.9,"['""garand"" filled', '""ammo garand_clip"" 80', '""bandage"" 5', '""garand_grenade"" filling ""ammo m1garand_grenade fg"" 1', '""m1garand_grenade fg"" 5 1', '""m1garand_grenade ap"" 1 1', '""m1garand_grenade wp"" 0.2 1']",0.95,1,1,n/a,6,6,6,7,6,6,1.75,1.75,1.75
./resource/gamelogic/set/breed/mp\usa\elite_101st_para_sgt.set,usa,elite_101st_para_sgt,400,vet_7,elite,100,100,0.9,"['""thompson"" filled', '""ammo thompson_m1a1_mag"" 150', '""bandage"" 5', '""grenade m61"" 2', '""grenade n73at"" 1', '""smoke grenade"" 1.5 0.5', '""m15_smoke grenade"" 0.5 0.5', '""knife_union""', '""grenade satchel"" 1']",0.95,1,1,n/a,6,7,6,6,6,6,1.75,1.75,1.75
./resource/gamelogic/set/breed/mp\usa\elite_at.set,usa,elite_at,250,vet_4,1,100,100,0.9,"['""weapon bazooka_m9"" filled', '""thompson"" filled', '""ammo thompson_m1a1_mag"" 150', '""bandage"" 3', '""grenade n73at"" 1', '""ammo bazooka"" 7', '""ammo bazooka wp"" 1 1']",0.85,1,0.9,n/a,4,5,4,4,5,4,1.0,1.00,1.00
./resource/gamelogic/set/breed/mp\usa\elite_grenadier.set,usa,elite_grenadier,250,vet_5,1,100,100,0.9,"['""garand"" filled', '""ammo garand_clip"" 80', '""bandage"" 5', '""garand_grenade"" filling ""ammo m1garand_grenade fg"" 1', '""m1garand_grenade fg"" 5 1', '""m1garand_grenade ap"" 1 1', '""m1garand_grenade wp"" 0.2 1']",0.85,1,0.9,n/a,4,4,4,5,4,4,1.25,1.25,1.25
./resource/gamelogic/set/breed/mp\usa\elite_para.set,usa,elite_para,250,n/a,1,100,100,0.9,"['""m1a1_carbine"" filled', '""ammo m1carbine_mag"" 90', '""bandage"" 5', '""grenade m61"" 2', '""grenade n73at"" 1', '""smoke grenade"" 2', '""knife_union""']",0.85,1,0.9,n/a,4,4,4,5,4,4,n/a,n/a,n/a
./resource/gamelogic/set/breed/mp\usa\elite_sgt.set,usa,elite_sgt,300,vet_6,1,100,100,0.9,"['""thompson"" filled', '""ammo thompson_m1a1_mag"" 150', '""bandage"" 5', '""grenade m61"" 2', '""grenade n73at"" 1', '""smoke grenade"" 1.5 0.5', '""m15_smoke grenade"" 0.5 0.5', '""grenade satchel"" 1']",0.85,1,0.9,n/a,4,6,4,4,4,4,1.50,1.50,1.50
./resource/gamelogic/set/breed/mp\usa\elite_tankman.set,usa,elite_tankman,100,tankman,tankcrew,100,100,0.8,"['""colt"" filled', '""ammo colt_mag"" 21']",1.15,1.15,1.05,8,4,4,5,3,3,3,0.25,1.2,0.25
./resource/gamelogic/set/breed/mp\usa\elite_tankman2.set,usa,elite_tankman2,150,tankman2,tankcrew,100,100,0.8,"['""m3a"" filled', '""ammo m3a_mag"" 96']",1.2,1.2,1.1,10,4,4,7,3,3,3,0.5,2.20,0.5
./resource/gamelogic/set/breed/mp\usa\engineer.set,usa,engineer,150,vet_3,1,100,100,0.9,"['""garand"" filled', '""ammo garand_clip"" 80', '""grenade m61"" 2', '""grenade satchel"" 2', '""mine antitank""', '""mine antipersonnel"" 4', '""trench_spade"" 2']",0.85,1,0.9,n/a,2,2,2,3,1,3,0.75,0.75,0.75
./resource/gamelogic/set/breed/mp\usa\engineer2.set,usa,engineer2,150,vet_3,1,100,100,0.9,"['""garand"" filled', '""ammo garand_clip"" 80', '""grenade m61"" 2', '""mine antipersonnel"" 20', '""sandbag_kit"" 2']",0.85,1,0.9,n/a,2,2,2,3,1,3,0.75,0.75,0.75
./resource/gamelogic/set/breed/mp\usa\engineer3.set,usa,engineer3,150,vet_3,1,100,100,0.9,"['""garand"" filled', '""ammo garand_clip"" 80', '""grenade m61"" 2', '""mine antitank"" 5', '""sandbag_kit"" 2']",0.85,1,0.9,n/a,2,2,2,3,1,3,0.75,0.75,0.75
./resource/gamelogic/set/breed/mp\usa\engineer4.set,usa,engineer4,150,vet_3,1,100,100,0.9,"['""garand"" filled', '""ammo garand_clip"" 80', '""mine_detector""', '""grenade satchel"" 2', '""hedgehog_kit"" 1', '""barbwire_kit"" 1', '""grenade m61"" 2', '""trench_spade""']",0.85,1,0.9,n/a,2,2,2,3,1,3,0.75,0.75,0.75
./resource/gamelogic/set/breed/mp\usa\engineer_at.set,usa,engineer_at,150,vet_3,1,100,100,0.9,"['""garand"" filled', '""ammo garand_clip"" 80', '""bandage"" 3', '""weapon bazooka"" filled', '""ammo bazooka"" 4', '""ammo bazooka wp"" 1 1']",0.75,1,0.8,n/a,2,2,2,3,4,3,0.75,0.75,0.75
./resource/gamelogic/set/breed/mp\usa\engineer_flamer.set,usa,engineer_flamer,150,vet_3,n/a,100,100,0.9,"['""flame_thrower""', '""balloon"" filled', '""bandage"" 5']",0.75,1,0.8,n/a,3,3,2,2,1,3,0.75,0.75,0.75
./resource/gamelogic/set/breed/mp\usa\engineer_grenadier.set,usa,engineer_grenadier,150,vet_3,1,100,100,0.9,"['""garand"" filled', '""ammo garand_clip"" 80', '""bandage"" 3', '""sandbag_kit"" 2', '""garand_grenade"" filling ""ammo m1garand_grenade fg"" 1', '""m1garand_grenade fg"" 5 1', '""m1garand_grenade ap"" 1.5 1.5', '""m1garand_grenade wp"" 0.2 1']",0.75,1,0.8,n/a,2,2,2,3,1,3,0.75,0.75,0.75
./resource/gamelogic/set/breed/mp\usa\engineer_squadleader.set,usa,engineer_squadleader,200,vet_4,1,100,100,0.9,"['""garand"" filled', '""ammo garand_clip"" 80', '""bandage"" 3', '""grenade m61"" 2', '""grenade n73at"" 1', '""smoke grenade"" 1.5 0.5', '""m15_smoke grenade"" 0.5 0.5', '""sandbag_kit"" 2']",0.85,1,0.9,n/a,3,3,3,4,2,4,1.0,1.00,1.00
./resource/gamelogic/set/breed/mp\usa\flamer.set,usa,flamer,150,flamer,n/a,100,100,0.9,"['""flame_thrower""', '""balloon"" filling ""fuel"" 24', '""bandage"" 3']",0.75,1,0.8,n/a,3,3,2,2,1,3,1.0,1.00,1.0
./resource/gamelogic/set/breed/mp\usa\flamer2.set,usa,flamer2,150,flamer,1,100,100,0.9,"['""m3a"" filled', '""ammo m3a_mag"" 192', '""bandage"" 3', '""grenade m61"" 2', '""grenade n73at"" 1', '""smoke grenade"" 1']",0.75,1,0.8,n/a,3,3,2,2,1,3,1.0,1.00,1.0
./resource/gamelogic/set/breed/mp\usa\home_guard.set,usa,home_guard,100,vet_1,1,100,100,0.8,"['""m1903"" filled', '""ammo springfield_clip"" 80', '""bandage"" 3', '""grenade m61"" 1']",0.75,0.8,0.8,n/a,1,1,1,1,1,2,0.25,0.25,0.25
./resource/gamelogic/set/breed/mp\usa\home_guard2.set,usa,home_guard2,100,vet_1,1,100,100,0.8,"['""m3a"" filled', '""ammo m3a_mag"" 192', '""bandage"" 3', '""grenade m61"" 1']",0.75,0.8,0.8,n/a,1,1,1,1,1,2,0.25,0.25,0.25
./resource/gamelogic/set/breed/mp\usa\marine_shotgun.set,usa,marine_shotgun,200,vet_4,1,100,100,0.9,"['""m12_shotgun"" filled', '""ammo shotgun"" 90', '""bandage"" 5', '""grenade m61"" 2', '""grenade n73at"" 1', '""smoke grenade"" 2', '""sandbag_kit"" 1']",0.85,1,0.9,n/a,3,3,3,4,3,3,1.0,1.00,1.00
./resource/gamelogic/set/breed/mp\usa\medic.set,usa,medic,150,n/a,1,100,100,0.9,"['""m1903"" filled', '""ammo springfield_clip"" 80', '""bandage"" 25', '""morphine"" 1']",0.75,1,0.8,n/a,3,2,2,3,1,3,n/a,n/a,n/a
./resource/gamelogic/set/breed/mp\usa\mgun.set,usa,mgun,150,vet_3,1,100,100,0.9,"['""bar_rifle"" filled', '""ammo bar_mag"" 240', '""bandage"" 3', '""sandbag_kit"" 1']",0.75,1,0.8,n/a,2,2,3,3,1,3,0.75,0.75,0.75
./resource/gamelogic/set/breed/mp\usa\mgun2.set,usa,mgun2,150,vet_3,1,100,100,0.9,"['""browning_m19a6"" filled', '""ammo springfield_belt"" 250', '""bandage"" 3', '""sandbag_kit"" 1']",0.75,1,0.8,n/a,2,2,3,3,1,3,0.75,0.75,0.75
./resource/gamelogic/set/breed/mp\usa\mgun2_asst.set,usa,mgun2_asst,150,vet_3,n/a,100,100,0.9,"['""garand"" filled', '""ammo garand_clip"" 80', '""bandage"" 3', '""sandbag_kit""', '""springfield_belt ammo"" 500']",0.75,1,0.8,n/a,2,2,3,3,1,3,0.75,0.75,0.75
./resource/gamelogic/set/breed/mp\usa\mgun_asst.set,usa,mgun_asst,150,vet_3,1,100,100,0.9,"['""garand"" filled', '""ammo garand_clip"" 80', '""ammo bar_mag"" 240', '""bandage"" 3', '""sandbag_kit"" 1']",0.75,1,0.8,n/a,2,2,3,3,1,3,0.75,0.75,0.75
./resource/gamelogic/set/breed/mp\usa\oficer.set,usa,oficer,250,oficer,n/a,100,100,1,"['""colt"" filled', '""ammo colt_mag"" 21', '""smoke_paradrop_ammo_heavy grenade"" 2', '""knife_union""', '""binocular""', '""bandage"" 5']",0.85,1,0.9,n/a,5,5,4,4,3,4,-10.0,20.00,10.0
./resource/gamelogic/set/breed/mp\usa\oficer_armor.set,usa,oficer_armor,250,oficer_armor,n/a,100,100,1,"['""colt"" filled', '""ammo colt_mag"" 21', '""smoke_paradrop_ammo_heavy grenade"" 2', '""knife_union""', '""binocular""', '""bandage"" 5']",0.85,1,0.9,4,5,5,4,4,3,4,-40.0,10.00,10.0
./resource/gamelogic/set/breed/mp\usa\paramarine.set,usa,paramarine,350,vet_6,elite,100,100,0.9,"['""johnson"" filled', '""ammo springfield_clip"" 80', '""bandage"" 5', '""grenade m61"" 2', '""grenade n73at"" 1', '""smoke grenade"" 1.5 0.5', '""m15_smoke grenade"" 0.5 0.5', '""dynamite""', '""sandbag_kit"" 1']",0.95,1,1,n/a,5,5,5,6,5,5,1.50,1.50,1.50
./resource/gamelogic/set/breed/mp\usa\paramarine2.set,usa,paramarine2,350,vet_6,elite,100,100,0.9,"['""m50reising"" filled', '""ammo m50reising_mag"" 150', '""bandage"" 5', '""grenade m61"" 2', '""grenade n73at"" 1', '""smoke grenade"" 1.5 0.5', '""m15_smoke grenade"" 0.5 0.5']",0.95,1,1,n/a,5,6,5,5,5,5,1.50,1.50,1.50
./resource/gamelogic/set/breed/mp\usa\paramarine3.set,usa,paramarine3,350,vet_6,elite,100,100,0.9,"['""johnson_m1941_rifle"" filled', '""ammo m1941lmg_mag"" 240', '""bandage"" 5', '""grenade smoke_paradrop_ammo"" 1', '""grenade m61"" 2', '""sandbag_kit"" 1']",0.95,1,1,n/a,5,5,6,6,5,5,1.50,1.50,1.50
./resource/gamelogic/set/breed/mp\usa\paramarine3_asst.set,usa,paramarine3_asst,350,vet_6,elite,100,100,0.9,"['""johnson"" filled', '""ammo springfield_clip"" 80', '""ammo m1941lmg_mag"" 240', '""bandage"" 5', '""grenade smoke_paradrop_ammo"" 1', '""grenade m61"" 2', '""sandbag_kit"" 1']",0.95,1,1,n/a,5,5,6,6,5,5,1.50,1.50,1.50
./resource/gamelogic/set/breed/mp\usa\paramarineb.set,usa,paramarineb,350,vet_6,elite,100,100,0.9,"['""garand"" filled', '""ammo garand_clip"" 80', '""bandage"" 5', '""grenade m61"" 2', '""grenade n73at"" 1', '""smoke grenade"" 1.5 0.5', '""m15_smoke grenade"" 0.5 0.5', '""dynamite""', '""sandbag_kit"" 1']",0.95,1,1,n/a,5,5,5,6,5,5,1.50,1.50,1.50
./resource/gamelogic/set/breed/mp\usa\paramarine_boys.set,usa,paramarine_boys,350,vet_6,elite,100,100,0.9,"['""m1a1_carbine"" filled', '""ammo m1carbine_mag"" 90', '""bandage"" 5', '""grenade m61"" 2', '""grenade n73at"" 1', '""smoke grenade"" 1', '""ammo ptr"" 15', '""boyes"" filled']",0.95,1,1,n/a,5,5,5,6,5,5,1.50,1.50,1.50
./resource/gamelogic/set/breed/mp\usa\paramarine_grenadier.set,usa,paramarine_grenadier,350,vet_6,elite,100,100,0.9,"['""garand"" filled', '""ammo garand_clip"" 80', '""bandage"" 5', '""garand_grenade"" filling ""ammo m1garand_grenade fg"" 1', '""m1garand_grenade fg"" 5 1', '""m1garand_grenade ap"" 1 1', '""m1garand_grenade wp"" 0.2 1', '""sandbag_kit"" 1']",0.95,1,1,n/a,5,5,5,6,5,5,1.50,1.50,1.50
./resource/gamelogic/set/breed/mp\usa\paramarine_sgt.set,usa,paramarine_sgt,350,vet_6,elite,100,100,0.9,"['""m50reising"" filled', '""ammo m50reising_mag"" 150', '""bandage"" 5', '""grenade m61"" 2', '""grenade n73at"" 1', '""smoke grenade"" 1.5 0.5', '""m15_smoke grenade"" 0.5 0.5']",0.95,1,1,n/a,5,6,5,5,5,5,1.50,1.50,1.50
./resource/gamelogic/set/breed/mp\usa\pathfinder.set,usa,pathfinder,250,vet_5,1,100,100,0.9,"['""m1a1_carbine"" filled', '""ammo m1carbine_mag"" 90', '""bandage"" 5', '""grenade m61"" 2', '""grenade n73at"" 1']",0.85,1,0.9,n/a,4,4,4,5,4,4,1.25,1.25,1.25
./resource/gamelogic/set/breed/mp\usa\pathfinder2.set,usa,pathfinder2,250,vet_5,1,100,100,0.9,"['""garand"" filled', '""ammo garand_clip"" 80', '""bandage"" 5', '""grenade m61"" 2', '""grenade n73at"" 1']",0.85,1,0.9,n/a,4,4,4,5,4,4,1.25,1.25,1.25
./resource/gamelogic/set/breed/mp\usa\pathfinder_sl.set,usa,pathfinder_sl,300,vet_6,1,100,100,0.9,"['""thompson"" filled', '""ammo thompson_m1a1_mag"" 150', '""bandage"" 5', '""grenade m61"" 2', '""smoke grenade"" 2']",0.85,1,0.9,n/a,4,6,4,4,4,4,1.50,1.50,1.50
./resource/gamelogic/set/breed/mp\usa\radioman.set,usa,radioman,150,radioman,n/a,100,100,0.9,"['""m3a"" filled', '""flaergun"" filled', '""ammo m3a_mag"" 192', '""ammo flaer"" 20', '""bandage"" 3']",0.75,1,0.8,n/a,3,3,2,2,1,3,5.0,20.00,1.0
./resource/gamelogic/set/breed/mp\usa\radioman_105.set,usa,radioman_105,150,n/a,n/a,100,100,0.9,"['""m3a"" filled', '""artillery_105_flaregun"" filled', '""ammo m3a_mag"" 192', '""ammo artillery_105_flare"" 5', '""bandage"" 3']",0.75,1,0.8,n/a,6,3,2,2,1,3,n/a,n/a,n/a
./resource/gamelogic/set/breed/mp\usa\radioman_155.set,usa,radioman_155,150,n/a,n/a,100,100,0.9,"['""m3a"" filled', '""artillery_155_flaregun"" filled', '""ammo m3a_mag"" 192', '""ammo artillery_155_flare"" 5', '""bandage"" 3']",0.75,1,0.8,n/a,3,3,2,2,1,3,n/a,n/a,n/a
./resource/gamelogic/set/breed/mp\usa\radioman_240.set,usa,radioman_240,150,radioman,n/a,100,100,0.9,"['""m3a"" filled', '""artillery_240_flaregun"" filled', '""ammo m3a_mag"" 128', '""ammo artillery_240_flare"" 5', '""bandage"" 3']",0.75,1,0.8,n/a,6,3,2,2,1,3,5.0,20.00,1.0
./resource/gamelogic/set/breed/mp\usa\radioman_mortar.set,usa,radioman_mortar,150,radioman,1,100,100,0.9,"['""m3a"" filled', '""mortar_flaergun"" filled', '""ammo m3a_mag"" 192', '""ammo mortar_flaer"" 5', '""bandage"" 3']",0.75,1,0.8,n/a,3,3,2,2,1,3,5.0,20.00,1.0
./resource/gamelogic/set/breed/mp\usa\raider.set,usa,raider,250,vet_7,n/a,100,100,0.9,"['""bandage"" 5', '""grenade m61"" 2', '""smoke grenade"" 1.5 0.5', '""m15_smoke grenade"" 0.5 0.5', '""garand"" filling ""garand_clip ammo"" 8', '""garand_clip ammo"" 88', '""dynamite""']",0.85,1,0.9,4,4,4,4,5,4,4,1.75,1.75,1.75
./resource/gamelogic/set/breed/mp\usa\raiderasst.set,usa,raiderasst,250,vet_7,n/a,100,100,0.9,"['""bandage"" 5', '""grenade m61"" 2', '""smoke grenade"" 1.5 0.5', '""m15_smoke grenade"" 0.5 0.5', '""garand"" filling ""garand_clip ammo"" 8', '""garand_clip ammo"" 88', '""bar_mag ammo"" 180']",0.85,1,0.9,4,4,4,4,5,4,4,1.75,1.75,1.75
./resource/gamelogic/set/breed/mp\usa\raiderbar.set,usa,raiderbar,250,vet_7,n/a,100,100,0.9,"['""bandage"" 5', '""grenade m61"" 2', '""smoke grenade"" 1.5 0.5', '""m15_smoke grenade"" 0.5 0.5', '""bar_rifle"" filling ""bar_mag ammo"" 20', '""bar_mag ammo"" 240']",0.85,1,0.9,4,4,4,1,5,4,4,1.75,1.75,1.75
./resource/gamelogic/set/breed/mp\usa\raiderchad.set,usa,raiderchad,250,vet_7,n/a,100,100,0.9,"['""bandage"" 5', '""grenade m61"" 2', '""smoke grenade"" 1.5 0.5', '""m15_smoke grenade"" 0.5 0.5', '""thompson_50"" filling ""thompson_drum"" 50', '""thompson_drum"" 150', '""dynamite""']",0.85,1,0.9,4,4,6,4,5,4,4,1.75,1.75,1.75
./resource/gamelogic/set/breed/mp\usa\raiderdemo.set,usa,raiderdemo,250,vet_7,n/a,100,100,0.9,"['""bandage"" 5', '""grenade m61"" 2', '""smoke grenade"" 1.5 0.5', '""m15_smoke grenade"" 0.5 0.5', '""satchel grenade"" 0', '""dynamite"" 3', '""m3a"" filling ""m3a_mag ammo"" 32', '""m3a_mag ammo"" 180']",0.85,1,0.9,4,4,5,4,5,4,4,1.75,1.75,1.75
./resource/gamelogic/set/breed/mp\usa\raidergren.set,usa,raidergren,200,vet_7,n/a,100,100,0.9,"['""garand"" filled', '""ammo garand_clip"" 80', '""bandage"" 5', '""garand_grenade"" filling ""ammo m1garand_grenade fg"" 1', '""m1garand_grenade fg"" 5 1', '""m1garand_grenade ap"" 1 1', '""m1garand_grenade wp"" 0.2 1', '""sandbag_kit""']",0.85,1,0.9,n/a,3,3,3,5,3,3,1.75,1.75,1.75
./resource/gamelogic/set/breed/mp\usa\raiderleader.set,usa,raiderleader,250,vet_7,n/a,100,100,0.9,"['""bandage"" 5', '""grenade m61"" 2', '""smoke grenade"" 1.5 0.5', '""m15_smoke grenade"" 0.5 0.5', '""thompson_50"" filling ""thompson_drum"" 50', '""thompson_drum"" 150', '""dynamite""']",0.85,1,0.9,4,4,6,4,5,4,4,1.75,1.75,1.75
./resource/gamelogic/set/breed/mp\usa\recon_mgun.set,usa,recon_mgun,150,vet_3,1,100,100,0.9,"['""bar_rifle"" filled', '""ammo bar_mag"" 240', '""bandage"" 3', '""grenade m61"" 1']",0.75,1,0.8,n/a,2,2,2,3,1,3,0.75,0.75,0.75
./resource/gamelogic/set/breed/mp\usa\recon_rifle.set,usa,recon_rifle,150,vet_3,1,100,100,0.9,"['""garand"" filled', '""ammo garand_clip"" 80', '""bandage"" 3', '""grenade m61"" 1']",0.75,1,0.8,n/a,2,2,2,3,1,3,0.75,0.75,0.75
./resource/gamelogic/set/breed/mp\usa\recon_squadleader.set,usa,recon_squadleader,200,vet_4,1,100,100,0.9,"['""thompson"" filled', '""ammo thompson_m1a1_mag"" 150', '""bandage"" 3', '""grenade m61"" 2', '""grenade n73at"" 1', '""smoke grenade"" 1.5 0.5', '""m15_smoke grenade"" 0.5 0.5']",0.85,1,0.9,n/a,3,4,3,3,2,4,1.0,1.00,1.00
./resource/gamelogic/set/breed/mp\usa\rifle.set,usa,rifle,150,vet_3,1,100,100,0.9,"['""garand"" filled', '""ammo garand_clip"" 80', '""bandage"" 3', '""grenade m61"" 2', '""m15_smoke grenade"" 0.25 0.5', '""sandbag_kit"" 1']",0.75,1,0.8,n/a,2,2,2,3,1,3,0.75,0.75,0.75
./resource/gamelogic/set/breed/mp\usa\rifle2.set,usa,rifle2,150,vet_2,1,100,100,0.9,"['""garand"" filled', '""ammo garand_clip"" 80', '""bandage"" 3', '""grenade m61"" 2', '""m15_smoke grenade"" 0.25 0.5', '""sandbag_kit"" 1']",0.75,1,0.8,n/a,2,2,2,3,1,3,0.50,0.50,0.50
./resource/gamelogic/set/breed/mp\usa\rifle3.set,usa,rifle3,150,vet_2,1,100,100,0.9,"['""m1_carbine"" filled', '""ammo m1carbine_mag"" 90', '""bandage"" 3', '""grenade m61"" 2', '""m15_smoke grenade"" 0.25 0.5', '""sandbag_kit"" 1']",0.75,1,0.8,n/a,2,2,2,3,1,3,0.50,0.50,0.50
./resource/gamelogic/set/breed/mp\usa\rifle_at.set,usa,rifle_at,150,vet_3,1,100,100,0.9,"['""garand"" filled', '""ammo garand_clip"" 80', '""bandage"" 3', '""weapon bazooka"" 0.25 1 filled', '""ammo bazooka"" 7', '""ammo bazooka wp"" 1 1']",0.75,1,0.8,n/a,2,2,2,3,4,3,0.75,0.75,0.75
./resource/gamelogic/set/breed/mp\usa\rifle_grenadier.set,usa,rifle_grenadier,150,vet_3,1,100,100,0.9,"['""garand"" filled', '""ammo garand_clip"" 80', '""bandage"" 3', '""sandbag_kit"" 1', '""garand_grenade"" filling ""ammo m1garand_grenade fg"" 1', '""m1garand_grenade fg"" 5 1', '""m1garand_grenade ap"" 1 1', '""m1garand_grenade wp"" 0.2 1']",0.75,1,0.8,n/a,2,2,2,3,1,3,0.75,0.75,0.75
./resource/gamelogic/set/breed/mp\usa\saper.set,usa,saper,150,saper,1,100,100,0.9,"['""m3a"" filled', '""ammo m3a_mag"" 192', '""mine_detector""', '""dynamite"" 2', '""trench_spade""']",0.85,1,0.9,n/a,2,3,2,2,1,3,1.0,1.00,1.0
./resource/gamelogic/set/breed/mp\usa\saper2.set,usa,saper2,150,saper,1,100,100,0.9,"['""m3a"" filled', '""ammo m3a_mag"" 192', '""grenade satchel"" 5', '""hedgehog_kit"" 2', '""barbwire_kit"" 1', '""repair_kit"" 1']",0.85,1,0.9,n/a,2,3,2,2,1,3,1.0,1.00,1.0
./resource/gamelogic/set/breed/mp\usa\scout.set,usa,scout,350,scout,1,100,300,0.9,"['""hdm"" filled', '""ammo hdm_mag"" 50', '""bandage"" 5', '""grenade m61"" 4', '""smoke grenade"" 2', '""smoke_paradrop_ammo_heavy grenade"" 1', '""grenade n73at"" 4', '""grenade molotov_coctail"" 2', '""dynamite"" 2', '""knife_union"" 1', '""matchbox"" 1']",0.95,1,1,n/a,5,5,5,5,5,5,3.0,8.00,2.0
./resource/gamelogic/set/breed/mp\usa\scout2.set,usa,scout2,350,scout,1,100,300,0.9,"['""hdm"" filled', '""weapon bazooka"" filled', '""ammo hdm_mag"" 50', '""ammo bazooka"" 5', '""bandage"" 5', '""grenade m61"" 4', '""smoke grenade"" 3', '""grenade molotov_coctail"" 2', '""knife_union"" 1', '""matchbox"" 1']",0.95,1,1,n/a,5,5,5,5,5,5,3.0,8.00,2.0
./resource/gamelogic/set/breed/mp\usa\shotgun.set,usa,shotgun,150,shotgun,1,100,100,0.9,"['""m12_shotgun"" filled', '""ammo shotgun"" 90', '""bandage"" 3', '""grenade m61"" 2', '""grenade n73at"" 1', '""smoke grenade"" 1']",0.75,1,0.8,n/a,2,2,2,3,1,3,1.5,1.50,1.0
./resource/gamelogic/set/breed/mp\usa\smg.set,usa,smg,150,vet_3,1,100,100,0.9,"['""thompson"" filled', '""ammo thompson_m1a1_mag"" 150', '""bandage"" 3', '""grenade m61"" 2', '""grenade n73at"" 1', '""smoke grenade"" 1']",0.75,1,0.8,n/a,2,3,2,2,1,3,0.75,0.75,0.75
./resource/gamelogic/set/breed/mp\usa\smg2.set,usa,smg2,150,vet_2,1,100,100,0.9,"['""thompson"" filled', '""ammo thompson_m1a1_mag"" 150', '""bandage"" 3', '""grenade m61"" 2', '""grenade n73at"" 1']",0.75,1,0.8,n/a,2,3,2,2,1,3,0.50,0.50,0.50
./resource/gamelogic/set/breed/mp\usa\sniper.set,usa,sniper,350,sniper,1,100,100,1.0,"['""m1903a4"" filled', '""ammo springfield_clip"" 100', '""bandage"" 3', '""grenade m61"" 2']",0.75,1,0.8,n/a,3,3,3,4,2,4,5.0,8.00,2.0
./resource/gamelogic/set/breed/mp\usa\squadleader.set,usa,squadleader,200,vet_4,1,100,100,0.9,"['""thompson"" filled', '""ammo thompson_m1a1_mag"" 150', '""bandage"" 3', '""grenade m61"" 2', '""grenade n73at"" 1', '""smoke grenade"" 1.5 0.5', '""m15_smoke grenade"" 0.5 0.5']",0.85,1,0.9,n/a,3,4,3,3,2,4,1.0,1.00,1.00
./resource/gamelogic/set/breed/mp\usa\squadleader2.set,usa,squadleader2,200,vet_3,1,100,100,0.9,"['""thompson"" filled', '""ammo thompson_m1a1_mag"" 150', '""bandage"" 3', '""grenade m61"" 2', '""grenade n73at"" 1', '""smoke grenade"" 1.5 0.5', '""m15_smoke grenade"" 0.5 0.5']",0.85,1,0.9,n/a,3,4,3,3,2,4,0.75,0.75,0.75
./resource/gamelogic/set/breed/mp\usa\sturmovik.set,usa,sturmovik,350,vet_5,elite,100,100,0.9,"['""m1_carbine"" filled', '""ammo m1carbine_mag"" 90', '""bandage"" 5', '""grenade m61"" 2', '""grenade n73at"" 1', '""smoke grenade"" 1.5 0.5', '""m15_smoke grenade"" 0.5 0.5']",0.95,1,1,n/a,5,5,5,6,5,5,1.25,1.25,1.25
./resource/gamelogic/set/breed/mp\usa\sturmovik1.set,usa,sturmovik1,350,vet_6,elite,100,100,0.9,"['""m2_carbine"" filled', '""ammo m2carbine_mag"" 180', '""bandage"" 5', '""grenade m61"" 2', '""grenade n73at"" 1', '""smoke grenade"" 1.5 0.5', '""m15_smoke grenade"" 0.5 0.5']",0.95,1,1,n/a,5,5,5,6,5,5,1.50,1.50,1.50
./resource/gamelogic/set/breed/mp\usa\sturmovik2.set,usa,sturmovik2,350,vet_5,elite,100,100,0.9,"['""bar_rifle"" filled', '""ammo bar_mag"" 240', '""bandage"" 5', '""grenade m61"" 2', '""grenade n73at"" 1', '""dynamite"" 1']",0.95,1,1,n/a,5,5,6,6,5,5,1.25,1.25,1.25
./resource/gamelogic/set/breed/mp\usa\sturmovik2_asst.set,usa,sturmovik2_asst,350,vet_6,elite,100,100,0.9,"['""garand"" filled', '""ammo garand_clip"" 80', '""ammo bar_mag"" 240', '""bandage"" 5', '""grenade m61"" 2', '""grenade n73at"" 1', '""dynamite"" 1']",0.95,1,1,n/a,5,5,6,6,5,5,1.50,1.50,1.50
./resource/gamelogic/set/breed/mp\usa\sturmovik3.set,usa,sturmovik3,350,vet_5,n/a,100,100,0.9,"['""m1903"" filled', '""ammo springfield_clip"" 100', '""bandage"" 5', '""weapon m18recoilless"" filled', '""ammo m18recoilless"" 8', '""ammo m18recoilless fg"" 3', '""ammo m18recoilless wp"" 1 1']",0.95,1,1,n/a,5,5,5,6,6,5,1.25,1.25,1.25
./resource/gamelogic/set/breed/mp\usa\sturmovik4.set,usa,sturmovik4,350,vet_5,elite,100,100,0.9,"['""garand"" filled', '""ammo garand_clip"" 80', '""bandage"" 5', '""grenade m61"" 2', '""grenade n73at"" 1', '""smoke grenade"" 1.5 0.5', '""m15_smoke grenade"" 0.5 0.5']",0.95,1,1,n/a,5,5,5,6,5,5,1.25,1.25,1.25
./resource/gamelogic/set/breed/mp\usa\sturmovik4b.set,usa,sturmovik4b,350,vet_5,elite,100,100,0.9,"['""m1903"" filled', '""ammo springfield_clip"" 100', '""bandage"" 5', '""grenade m61"" 2', '""grenade n73at"" 1', '""dynamite"" 1']",0.95,1,1,n/a,5,5,5,6,5,5,1.25,1.25,1.25
./resource/gamelogic/set/breed/mp\usa\sturmovik5.set,usa,sturmovik5,350,vet_5,elite,100,100,0.9,"['""weapon bazooka_m9"" filled', '""m1_carbine"" filled', '""ammo m1carbine_mag"" 90', '""bandage"" 5', '""grenade n73at"" 1', '""ammo bazooka"" 7', '""ammo bazooka wp"" 1 1']",0.95,1,1,n/a,5,5,5,6,6,5,1.25,1.25,1.25
./resource/gamelogic/set/breed/mp\usa\sturmovik5b.set,usa,sturmovik5b,350,vet_5,elite,100,100,0.9,"['""m1_carbine"" filled', '""ammo m1carbine_mag"" 90', '""bandage"" 5', '""grenade m61"" 2', '""grenade n73at"" 1', '""smoke grenade"" 1', '""ammo bazooka"" 3', '""ammo bazooka wp"" 1 1']",0.95,1,1,n/a,5,5,5,6,5,5,1.25,1.25,1.25
./resource/gamelogic/set/breed/mp\usa\sturmovik6.set,usa,sturmovik6,350,vet_5,elite,100,100,0.9,"['""bar_rifle"" filled', '""ammo bar_mag"" 240', '""bandage"" 5', '""grenade m61"" 2', '""smoke grenade"" 1', '""dynamite"" 1', '""sandbag_kit"" 1']",0.95,1,1,n/a,5,5,6,6,5,5,1.25,1.25,1.25
./resource/gamelogic/set/breed/mp\usa\sturmovik6b.set,usa,sturmovik6b,350,vet_5,elite,100,100,0.9,"['""garand"" filled', '""ammo garand_clip"" 80', '""ammo springfield_belt"" 250', '""bandage"" 5', '""grenade m61"" 2', '""grenade n73at"" 1', '""smoke grenade"" 2']",0.95,1,1,n/a,5,5,5,6,5,5,1.25,1.25,1.25
./resource/gamelogic/set/breed/mp\usa\sturmovik6_mg.set,usa,sturmovik6_mg,350,vet_6,elite,100,100,0.9,"['""browning_m19a6"" filled', '""ammo springfield_belt"" 250', '""bandage"" 5', '""grenade m61"" 2', '""smoke grenade"" 2', '""dynamite"" 1', '""sandbag_kit"" 1']",0.95,1,1,n/a,5,5,6,6,5,5,1.50,1.50,1.50
./resource/gamelogic/set/breed/mp\usa\sturmovikm3.set,usa,sturmovikm3,350,vet_6,elite,100,100,1.0,"['""m3_carbine"" filled', '""ammo m2carbine_mag"" 240', '""bandage"" 5', '""grenade m61"" 1', '""smoke grenade"" 2']",0.95,1,1,n/a,5,5,5,6,5,5,1.50,1.50,1.50
./resource/gamelogic/set/breed/mp\usa\sturmovikm3_leader.set,usa,sturmovikm3_leader,350,vet_6,elite,100,100,1.0,"['""m3_carbine"" filled', '""ammo m2carbine_mag"" 240', '""bandage"" 5', '""grenade m61"" 1', '""smoke grenade"" 2']",0.95,1,1,n/a,5,5,5,7,5,5,1.50,1.50,1.50
./resource/gamelogic/set/breed/mp\usa\sturmovik_grenadier.set,usa,sturmovik_grenadier,350,vet_6,elite,100,100,0.9,"['""garand"" filled', '""ammo garand_clip"" 80', '""bandage"" 5', '""garand_grenade"" filling ""ammo m1garand_grenade fg"" 1', '""m1garand_grenade fg"" 5 1', '""m1garand_grenade ap"" 1 1', '""m1garand_grenade wp"" 0.2 1']",0.95,1,1,n/a,5,5,5,6,5,5,1.50,1.50,1.50
./resource/gamelogic/set/breed/mp\usa\sturmovik_sgt.set,usa,sturmovik_sgt,400,vet_6,elite,100,100,0.9,"['""m1_carbine"" filled', '""ammo m1carbine_mag"" 90', '""bandage"" 5', '""grenade m61"" 2', '""grenade n73at"" 1', '""smoke grenade"" 1.5 0.5', '""m15_smoke grenade"" 0.5 0.5']",0.95,1,1,n/a,5,5,5,6,5,5,1.50,1.50,1.50
./resource/gamelogic/set/breed/mp\usa\sturmovik_sniper.set,usa,sturmovik_sniper,350,vet_6,n/a,100,100,0.9,"['""ammo springfield_clip"" 100', '""bandage"" 5', '""grenade m61"" 2', '""dynamite""', '""m1903a4"" filling ""springfield_clip ammo"" 5']",0.95,1,1,n/a,5,5,5,6,5,5,1.50,1.50,1.50
./resource/gamelogic/set/breed/mp\usa\t.set,usa,t,100,tankman,n/a,100,100,0.8,"['""colt"" filled', '""ammo colt_mag"" 21', '""bandage"" 3']",1,1,0.9,2,3,3,2,2,2,3,0.25,1.2,0.25
./resource/gamelogic/set/breed/mp\usa\t2.set,usa,t2,150,tankman2,n/a,100,100,0.8,"['""m3a"" filled', '""ammo m3a_mag"" 96', '""bandage"" 3']",1.1,1,0.95,4,3,3,3,2,2,3,0.5,2.20,0.5
./resource/gamelogic/set/breed/mp\usa\tankman.set,usa,tankman,100,tankman,n/a,100,100,0.8,"['""colt"" filled', '""ammo colt_mag"" 21', '""bandage"" 3']",1,1,0.9,2,3,3,2,2,2,3,0.25,1.2,0.25
./resource/gamelogic/set/breed/mp\usa\tankman2.set,usa,tankman2,150,tankman2,n/a,100,100,0.8,"['""m3a"" filled', '""ammo m3a_mag"" 96', '""bandage"" 3']",1.1,1,0.95,4,3,3,3,2,2,3,0.5,2.20,0.5
./resource/gamelogic/set/breed/mp\usa\vehicle_supporter.set,usa,vehicle_supporter,150,vehicle_supporter,tankcrew,100,100,0.9,"['""m1_carbine"" filled', '""ammo m1carbine_mag"" 90', '""bandage"" 3', '""grenade m61"" 1']",0.85,1,1.0,4,2,2,3,2,2,3,0.50,2.00,0.25
./resource/gamelogic/set/breed/mp\usa\vet_tankman.set,usa,vet_tankman,100,tankman,n/a,100,100,0.8,"['""colt"" filled', '""ammo colt_mag"" 21', '""bandage"" 3']",1.2,1.2,1.1,5,3,3,3,2,2,3,0.25,1.2,0.25
./resource/gamelogic/set/breed/mp\usa\vet_tankman2.set,usa,vet_tankman2,150,tankman2,n/a,100,100,0.8,"['""m3a"" filled', '""ammo m3a_mag"" 96', '""bandage"" 3']",1.3,1.2,1.15,7,3,3,5,2,2,3,0.5,2.20,0.5
